"Año","Trimestre","Provincia","Velocidad","Accesos"
"2025","4","Buenos Aires","0","98.069"
"2025","4","Buenos Aires","1","19.189"
"2025","4","Buenos Aires","2","16.514"
"2025","4","Buenos Aires","3","38.668"
"2025","4","Buenos Aires","4","8.521"
"2025","4","Buenos Aires","0,5","272"
"2025","4","Buenos Aires","5","16.528"
"2025","4","Buenos Aires","6","61.837"
"2025","4","Buenos Aires","7","8.409"
"2025","4","Buenos Aires","8","14.254"
"2025","4","Buenos Aires","9","747"
"2025","4","Buenos Aires","10","86.672"
"2025","4","Buenos Aires","11","635"
"2025","4","Buenos Aires","12","17.405"
"2025","4","Buenos Aires","13","268"
"2025","4","Buenos Aires","14","234"
"2025","4","Buenos Aires","1,5","141"
"2025","4","Buenos Aires","15","54.695"
"2025","4","Buenos Aires","16","730"
"2025","4","Buenos Aires","18","2"
"2025","4","Buenos Aires","19","3"
"2025","4","Buenos Aires","20","130.269"
"2025","4","Buenos Aires","21","1"
"2025","4","Buenos Aires","22","1"
"2025","4","Buenos Aires","23","20"
"2025","4","Buenos Aires","24","755"
"2025","4","Buenos Aires","2,5","21"
"2025","4","Buenos Aires","25","32.850"
"2025","4","Buenos Aires","26","112"
"2025","4","Buenos Aires","30","78.848"
"2025","4","Buenos Aires","32","53"
"2025","4","Buenos Aires","35","3.224"
"2025","4","Buenos Aires","3,5","2.538"
"2025","4","Buenos Aires","40","23.901"
"2025","4","Buenos Aires","41","9"
"2025","4","Buenos Aires","45","562"
"2025","4","Buenos Aires","46","1.757"
"2025","4","Buenos Aires","48","720"
"2025","4","Buenos Aires","49","1"
"2025","4","Buenos Aires","50","193.394"
"2025","4","Buenos Aires","0,51","168"
"2025","4","Buenos Aires","55","1.562"
"2025","4","Buenos Aires","59","59"
"2025","4","Buenos Aires","60","2.110"
"2025","4","Buenos Aires","65","1"
"2025","4","Buenos Aires","70","2.249"
"2025","4","Buenos Aires","0,75","39"
"2025","4","Buenos Aires","75","1.556"
"2025","4","Buenos Aires","80","12.003"
"2025","4","Buenos Aires","85","16"
"2025","4","Buenos Aires","99","18.640"
"2025","4","Buenos Aires","100","1.142.774"
"2025","4","Buenos Aires","101","8.112"
"2025","4","Buenos Aires","105","10"
"2025","4","Buenos Aires","120","1"
"2025","4","Buenos Aires","125","9"
"2025","4","Buenos Aires","150","16.483"
"2025","4","Buenos Aires","153","442"
"2025","4","Buenos Aires","160","1.664"
"2025","4","Buenos Aires","200","57.048"
"2025","4","Buenos Aires","204","32"
"2025","4","Buenos Aires","205","3"
"2025","4","Buenos Aires","212","1"
"2025","4","Buenos Aires","240","1.833"
"2025","4","Buenos Aires","246","56"
"2025","4","Buenos Aires","250","2.541"
"2025","4","Buenos Aires","256","15"
"2025","4","Buenos Aires","300","1.723.385"
"2025","4","Buenos Aires","301","288"
"2025","4","Buenos Aires","302","12.702"
"2025","4","Buenos Aires","320","29"
"2025","4","Buenos Aires","350","283"
"2025","4","Buenos Aires","400","7.710"
"2025","4","Buenos Aires","450","14"
"2025","4","Buenos Aires","499","942.847"
"2025","4","Buenos Aires","500","74.254"
"2025","4","Buenos Aires","512","663"
"2025","4","Buenos Aires","550","64"
"2025","4","Buenos Aires","600","169.564"
"2025","4","Buenos Aires","700","503"
"2025","4","Buenos Aires","800","16.432"
"2025","4","Buenos Aires","900","433"
"2025","4","Buenos Aires","940","94.292"
"2025","4","Buenos Aires","950","1"
"2025","4","Buenos Aires","999","38.633"
"2025","4","Buenos Aires","1000","207.480"
"2025","4","Buenos Aires","1200","38"
"2025","4","Buenos Aires","1500","9"
"2025","4","Buenos Aires","226,5","79.215"
"2025","4","Buenos Aires","2400","128"
"2025","4","Buenos Aires","3030","46"
"2025","4","Buenos Aires","4000","99"
"2025","4","CABA","0","37.478"
"2025","4","CABA","1","2.540"
"2025","4","CABA","2","220"
"2025","4","CABA","3","2.214"
"2025","4","CABA","4","983"
"2025","4","CABA","5","1.711"
"2025","4","CABA","0,5","6"
"2025","4","CABA","6","4.439"
"2025","4","CABA","7","10"
"2025","4","CABA","8","163"
"2025","4","CABA","9","24"
"2025","4","CABA","10","11.049"
"2025","4","CABA","11","5"
"2025","4","CABA","12","98"
"2025","4","CABA","14","14"
"2025","4","CABA","15","4.312"
"2025","4","CABA","16","5"
"2025","4","CABA","19","18"
"2025","4","CABA","20","5.319"
"2025","4","CABA","21","1"
"2025","4","CABA","25","43"
"2025","4","CABA","0,26","1"
"2025","4","CABA","30","5.111"
"2025","4","CABA","3,5","45"
"2025","4","CABA","35","28"
"2025","4","CABA","40","226"
"2025","4","CABA","45","9"
"2025","4","CABA","46","206"
"2025","4","CABA","50","37.611"
"2025","4","CABA","0,51","35"
"2025","4","CABA","55","1"
"2025","4","CABA","60","42"
"2025","4","CABA","66","1"
"2025","4","CABA","70","3"
"2025","4","CABA","75","1"
"2025","4","CABA","80","12"
"2025","4","CABA","99","9.888"
"2025","4","CABA","100","291.080"
"2025","4","CABA","101","956"
"2025","4","CABA","110","1"
"2025","4","CABA","120","5"
"2025","4","CABA","125","3"
"2025","4","CABA","150","6.583"
"2025","4","CABA","160","5"
"2025","4","CABA","200","2.850"
"2025","4","CABA","220","1"
"2025","4","CABA","225","1"
"2025","4","CABA","250","1.399"
"2025","4","CABA","275","1"
"2025","4","CABA","300","593.416"
"2025","4","CABA","301","30"
"2025","4","CABA","302","1.104"
"2025","4","CABA","325","2"
"2025","4","CABA","400","56"
"2025","4","CABA","499","299.647"
"2025","4","CABA","500","63.741"
"2025","4","CABA","600","12.818"
"2025","4","CABA","700","74"
"2025","4","CABA","800","1.387"
"2025","4","CABA","940","11.386"
"2025","4","CABA","999","11.392"
"2025","4","CABA","1000","77.476"
"2025","4","CABA","226,5","9.720"
"2025","4","Catamarca","0","391"
"2025","4","Catamarca","1","99"
"2025","4","Catamarca","2","115"
"2025","4","Catamarca","3","1.426"
"2025","4","Catamarca","0,5","34"
"2025","4","Catamarca","5","314"
"2025","4","Catamarca","6","322"
"2025","4","Catamarca","10","2.170"
"2025","4","Catamarca","12","5"
"2025","4","Catamarca","15","1.772"
"2025","4","Catamarca","20","1.394"
"2025","4","Catamarca","24","1.288"
"2025","4","Catamarca","25","47"
"2025","4","Catamarca","30","838"
"2025","4","Catamarca","50","6.383"
"2025","4","Catamarca","0,51","37"
"2025","4","Catamarca","100","39.737"
"2025","4","Catamarca","200","42"
"2025","4","Catamarca","300","19.356"
"2025","4","Catamarca","500","285"
"2025","4","Catamarca","600","2.330"
"2025","4","Catamarca","1000","49"
"2025","4","Catamarca","226,5","10.704"
"2025","4","Chaco","0","20.887"
"2025","4","Chaco","1","68"
"2025","4","Chaco","2","776"
"2025","4","Chaco","3","2.373"
"2025","4","Chaco","4","493"
"2025","4","Chaco","0,5","234"
"2025","4","Chaco","5","3.728"
"2025","4","Chaco","6","2.059"
"2025","4","Chaco","7","142"
"2025","4","Chaco","8","220"
"2025","4","Chaco","9","1"
"2025","4","Chaco","10","5.308"
"2025","4","Chaco","12","77"
"2025","4","Chaco","14","100"
"2025","4","Chaco","15","1.954"
"2025","4","Chaco","16","24"
"2025","4","Chaco","20","378"
"2025","4","Chaco","25","3.367"
"2025","4","Chaco","30","6.388"
"2025","4","Chaco","3,5","165"
"2025","4","Chaco","48","1.292"
"2025","4","Chaco","50","7.191"
"2025","4","Chaco","0,51","2"
"2025","4","Chaco","60","4.225"
"2025","4","Chaco","70","8"
"2025","4","Chaco","100","72.585"
"2025","4","Chaco","120","8"
"2025","4","Chaco","150","4.914"
"2025","4","Chaco","200","409"
"2025","4","Chaco","300","39.571"
"2025","4","Chaco","500","1.283"
"2025","4","Chaco","600","2.138"
"2025","4","Chaco","800","114"
"2025","4","Chaco","1000","119"
"2025","4","Chaco","226,5","12.420"
"2025","4","Chubut","0","5.475"
"2025","4","Chubut","1","342"
"2025","4","Chubut","2","1.777"
"2025","4","Chubut","3","4.843"
"2025","4","Chubut","4","6.653"
"2025","4","Chubut","5","1.265"
"2025","4","Chubut","0,5","64"
"2025","4","Chubut","6","13.758"
"2025","4","Chubut","7","54"
"2025","4","Chubut","8","1.360"
"2025","4","Chubut","9","11"
"2025","4","Chubut","10","7.846"
"2025","4","Chubut","11","1"
"2025","4","Chubut","12","1.852"
"2025","4","Chubut","14","35"
"2025","4","Chubut","15","2.916"
"2025","4","Chubut","16","141"
"2025","4","Chubut","20","4.418"
"2025","4","Chubut","24","812"
"2025","4","Chubut","25","3.810"
"2025","4","Chubut","30","3.066"
"2025","4","Chubut","3,5","68"
"2025","4","Chubut","35","998"
"2025","4","Chubut","40","1"
"2025","4","Chubut","45","2"
"2025","4","Chubut","50","24.189"
"2025","4","Chubut","0,51","32"
"2025","4","Chubut","80","235"
"2025","4","Chubut","100","31.262"
"2025","4","Chubut","101","11"
"2025","4","Chubut","200","162"
"2025","4","Chubut","300","31.229"
"2025","4","Chubut","301","2"
"2025","4","Chubut","302","11"
"2025","4","Chubut","400","15"
"2025","4","Chubut","500","607"
"2025","4","Chubut","600","4.333"
"2025","4","Chubut","700","145"
"2025","4","Chubut","800","450"
"2025","4","Chubut","940","4.082"
"2025","4","Chubut","1000","6"
"2025","4","Chubut","226,5","18.991"
"2025","4","Córdoba","0","33.347"
"2025","4","Córdoba","1","6.126"
"2025","4","Córdoba","2","6.569"
"2025","4","Córdoba","3","17.076"
"2025","4","Córdoba","4","8.935"
"2025","4","Córdoba","5","5.866"
"2025","4","Córdoba","0,5","80"
"2025","4","Córdoba","6","41.386"
"2025","4","Córdoba","7","1.786"
"2025","4","Córdoba","8","9.182"
"2025","4","Córdoba","9","915"
"2025","4","Córdoba","10","39.987"
"2025","4","Córdoba","11","79"
"2025","4","Córdoba","12","9.768"
"2025","4","Córdoba","13","25"
"2025","4","Córdoba","14","10"
"2025","4","Córdoba","1,5","7"
"2025","4","Córdoba","15","9.044"
"2025","4","Córdoba","16","134"
"2025","4","Córdoba","17","1"
"2025","4","Córdoba","18","618"
"2025","4","Córdoba","20","17.733"
"2025","4","Córdoba","22","600"
"2025","4","Córdoba","2,2","14"
"2025","4","Córdoba","24","46"
"2025","4","Córdoba","25","14.419"
"2025","4","Córdoba","2,5","173"
"2025","4","Córdoba","30","6.839"
"2025","4","Córdoba","33","1"
"2025","4","Córdoba","3,3","1"
"2025","4","Córdoba","35","52"
"2025","4","Córdoba","3,5","4.659"
"2025","4","Córdoba","40","3.968"
"2025","4","Córdoba","45","4"
"2025","4","Córdoba","50","83.327"
"2025","4","Córdoba","0,51","10"
"2025","4","Córdoba","60","1.574"
"2025","4","Córdoba","70","35"
"2025","4","Córdoba","75","97"
"2025","4","Córdoba","0,75","48"
"2025","4","Córdoba","80","1.388"
"2025","4","Córdoba","100","398.411"
"2025","4","Córdoba","10,1","21"
"2025","4","Córdoba","10,2","36"
"2025","4","Córdoba","120","698"
"2025","4","Córdoba","12,3","16"
"2025","4","Córdoba","140","1"
"2025","4","Córdoba","150","4.427"
"2025","4","Córdoba","157","157"
"2025","4","Córdoba","200","17.534"
"2025","4","Córdoba","20,5","3"
"2025","4","Córdoba","225","1"
"2025","4","Córdoba","250","1"
"2025","4","Córdoba","25,1","606"
"2025","4","Córdoba","25,5","1"
"2025","4","Córdoba","300","385.928"
"2025","4","Córdoba","400","639"
"2025","4","Córdoba","499","7"
"2025","4","Córdoba","500","17.807"
"2025","4","Córdoba","50,1","1.087"
"2025","4","Córdoba","512","21"
"2025","4","Córdoba","600","17.053"
"2025","4","Córdoba","700","3"
"2025","4","Córdoba","800","43"
"2025","4","Córdoba","850","1"
"2025","4","Córdoba","940","239"
"2025","4","Córdoba","1000","5.799"
"2025","4","Córdoba","100,1","3"
"2025","4","Córdoba","226,5","41.535"
"2025","4","Córdoba","300,5","2"
"2025","4","Córdoba","50,25","7"
"2025","4","Córdoba","100,25","20"
"2025","4","Corrientes","0","30.518"
"2025","4","Corrientes","1","1.806"
"2025","4","Corrientes","2","1.733"
"2025","4","Corrientes","3","2.793"
"2025","4","Corrientes","4","1.666"
"2025","4","Corrientes","5","3.044"
"2025","4","Corrientes","0,5","10"
"2025","4","Corrientes","6","3.863"
"2025","4","Corrientes","8","4.999"
"2025","4","Corrientes","10","5.045"
"2025","4","Corrientes","12","8"
"2025","4","Corrientes","15","647"
"2025","4","Corrientes","16","2.729"
"2025","4","Corrientes","20","1.120"
"2025","4","Corrientes","25","1.576"
"2025","4","Corrientes","30","820"
"2025","4","Corrientes","3,5","476"
"2025","4","Corrientes","40","4.625"
"2025","4","Corrientes","50","4.671"
"2025","4","Corrientes","0,51","57"
"2025","4","Corrientes","0,75","118"
"2025","4","Corrientes","100","51.420"
"2025","4","Corrientes","150","7.664"
"2025","4","Corrientes","200","1.345"
"2025","4","Corrientes","300","56.613"
"2025","4","Corrientes","500","1.903"
"2025","4","Corrientes","600","1.159"
"2025","4","Corrientes","800","263"
"2025","4","Corrientes","1000","365"
"2025","4","Corrientes","226,5","17.192"
"2025","4","Entre Ríos","0","43.308"
"2025","4","Entre Ríos","1","3.589"
"2025","4","Entre Ríos","2","4.304"
"2025","4","Entre Ríos","3","5.059"
"2025","4","Entre Ríos","4","1.383"
"2025","4","Entre Ríos","5","4.876"
"2025","4","Entre Ríos","0,5","18"
"2025","4","Entre Ríos","6","11.840"
"2025","4","Entre Ríos","7","399"
"2025","4","Entre Ríos","8","2.409"
"2025","4","Entre Ríos","10","56.178"
"2025","4","Entre Ríos","12","1.480"
"2025","4","Entre Ríos","15","5.223"
"2025","4","Entre Ríos","16","1"
"2025","4","Entre Ríos","20","11.787"
"2025","4","Entre Ríos","25","678"
"2025","4","Entre Ríos","30","13.530"
"2025","4","Entre Ríos","3,5","384"
"2025","4","Entre Ríos","50","17.045"
"2025","4","Entre Ríos","0,51","86"
"2025","4","Entre Ríos","58","1"
"2025","4","Entre Ríos","0,75","108"
"2025","4","Entre Ríos","100","51.704"
"2025","4","Entre Ríos","150","6.263"
"2025","4","Entre Ríos","200","318"
"2025","4","Entre Ríos","300","76.852"
"2025","4","Entre Ríos","400","1"
"2025","4","Entre Ríos","500","2.438"
"2025","4","Entre Ríos","600","434"
"2025","4","Entre Ríos","800","77"
"2025","4","Entre Ríos","978","75"
"2025","4","Entre Ríos","980","75"
"2025","4","Entre Ríos","1000","632"
"2025","4","Entre Ríos","1108","68"
"2025","4","Entre Ríos","1158","86"
"2025","4","Entre Ríos","1680","94"
"2025","4","Entre Ríos","226,5","19.338"
"2025","4","Formosa","0","887"
"2025","4","Formosa","1","72"
"2025","4","Formosa","2","1.205"
"2025","4","Formosa","3","9.422"
"2025","4","Formosa","4","3.608"
"2025","4","Formosa","0,5","49"
"2025","4","Formosa","5","857"
"2025","4","Formosa","6","4.160"
"2025","4","Formosa","7","603"
"2025","4","Formosa","8","117"
"2025","4","Formosa","10","12.955"
"2025","4","Formosa","12","992"
"2025","4","Formosa","15","732"
"2025","4","Formosa","18","63"
"2025","4","Formosa","20","1.951"
"2025","4","Formosa","25","105"
"2025","4","Formosa","30","1.827"
"2025","4","Formosa","35","3"
"2025","4","Formosa","40","39"
"2025","4","Formosa","50","1.865"
"2025","4","Formosa","0,51","35"
"2025","4","Formosa","80","50"
"2025","4","Formosa","100","10.795"
"2025","4","Formosa","200","155"
"2025","4","Formosa","300","19.986"
"2025","4","Formosa","400","4"
"2025","4","Formosa","500","526"
"2025","4","Formosa","600","41"
"2025","4","Formosa","1000","155"
"2025","4","Formosa","226,5","12.782"
"2025","4","Jujuy","0","1.445"
"2025","4","Jujuy","1","981"
"2025","4","Jujuy","2","982"
"2025","4","Jujuy","3","943"
"2025","4","Jujuy","4","2.887"
"2025","4","Jujuy","0,5","26"
"2025","4","Jujuy","5","5.080"
"2025","4","Jujuy","6","928"
"2025","4","Jujuy","7","10"
"2025","4","Jujuy","8","403"
"2025","4","Jujuy","10","14.308"
"2025","4","Jujuy","12","22.759"
"2025","4","Jujuy","15","1.872"
"2025","4","Jujuy","18","258"
"2025","4","Jujuy","20","1.407"
"2025","4","Jujuy","25","1.105"
"2025","4","Jujuy","30","1.874"
"2025","4","Jujuy","35","10"
"2025","4","Jujuy","36","1"
"2025","4","Jujuy","50","32.572"
"2025","4","Jujuy","0,51","32"
"2025","4","Jujuy","75","1"
"2025","4","Jujuy","100","39.128"
"2025","4","Jujuy","165","1"
"2025","4","Jujuy","300","16.258"
"2025","4","Jujuy","500","340"
"2025","4","Jujuy","512","200"
"2025","4","Jujuy","600","1.168"
"2025","4","Jujuy","1000","74"
"2025","4","Jujuy","226,5","5.579"
"2025","4","La Pampa","0","2.388"
"2025","4","La Pampa","1","311"
"2025","4","La Pampa","2","1.048"
"2025","4","La Pampa","3","4.375"
"2025","4","La Pampa","4","1.658"
"2025","4","La Pampa","0,5","4"
"2025","4","La Pampa","5","2.259"
"2025","4","La Pampa","6","22.236"
"2025","4","La Pampa","7","516"
"2025","4","La Pampa","8","157"
"2025","4","La Pampa","9","3"
"2025","4","La Pampa","10","6.730"
"2025","4","La Pampa","14","3"
"2025","4","La Pampa","1,5","185"
"2025","4","La Pampa","15","2.870"
"2025","4","La Pampa","20","2.320"
"2025","4","La Pampa","25","4.221"
"2025","4","La Pampa","30","9.449"
"2025","4","La Pampa","35","1"
"2025","4","La Pampa","40","5.630"
"2025","4","La Pampa","50","23.911"
"2025","4","La Pampa","0,51","61"
"2025","4","La Pampa","60","86"
"2025","4","La Pampa","80","3.294"
"2025","4","La Pampa","100","20.851"
"2025","4","La Pampa","120","3.333"
"2025","4","La Pampa","200","544"
"2025","4","La Pampa","240","3.044"
"2025","4","La Pampa","250","61"
"2025","4","La Pampa","300","3.746"
"2025","4","La Pampa","400","2.372"
"2025","4","La Pampa","500","835"
"2025","4","La Pampa","600","56"
"2025","4","La Pampa","700","435"
"2025","4","La Pampa","940","515"
"2025","4","La Pampa","1000","6"
"2025","4","La Pampa","226,5","13.788"
"2025","4","La Rioja","0","0"
"2025","4","La Rioja","1","311"
"2025","4","La Rioja","2","8"
"2025","4","La Rioja","3","190"
"2025","4","La Rioja","4","2"
"2025","4","La Rioja","0,5","9"
"2025","4","La Rioja","5","168"
"2025","4","La Rioja","6","251"
"2025","4","La Rioja","8","85"
"2025","4","La Rioja","10","348"
"2025","4","La Rioja","11","22"
"2025","4","La Rioja","12","15.345"
"2025","4","La Rioja","15","168"
"2025","4","La Rioja","20","8.782"
"2025","4","La Rioja","24","4"
"2025","4","La Rioja","30","4.500"
"2025","4","La Rioja","50","36.522"
"2025","4","La Rioja","0,51","9"
"2025","4","La Rioja","100","11.392"
"2025","4","La Rioja","200","137"
"2025","4","La Rioja","300","10.382"
"2025","4","La Rioja","500","337"
"2025","4","La Rioja","600","9"
"2025","4","La Rioja","1000","46"
"2025","4","La Rioja","226,5","1.965"
"2025","4","Mendoza","0","606"
"2025","4","Mendoza","1","2.232"
"2025","4","Mendoza","2","2.830"
"2025","4","Mendoza","3","4.217"
"2025","4","Mendoza","4","2.002"
"2025","4","Mendoza","0,5","15"
"2025","4","Mendoza","5","798"
"2025","4","Mendoza","6","14.123"
"2025","4","Mendoza","7","10"
"2025","4","Mendoza","8","379"
"2025","4","Mendoza","9","1.205"
"2025","4","Mendoza","10","9.303"
"2025","4","Mendoza","12","3.651"
"2025","4","Mendoza","15","3.959"
"2025","4","Mendoza","1,5","1.348"
"2025","4","Mendoza","19","2"
"2025","4","Mendoza","20","6.483"
"2025","4","Mendoza","24","444"
"2025","4","Mendoza","25","973"
"2025","4","Mendoza","30","6.299"
"2025","4","Mendoza","40","40"
"2025","4","Mendoza","45","119"
"2025","4","Mendoza","46","11"
"2025","4","Mendoza","50","42.140"
"2025","4","Mendoza","0,51","16"
"2025","4","Mendoza","60","27"
"2025","4","Mendoza","70","1"
"2025","4","Mendoza","90","1"
"2025","4","Mendoza","100","102.864"
"2025","4","Mendoza","101","135"
"2025","4","Mendoza","120","2"
"2025","4","Mendoza","200","2.852"
"2025","4","Mendoza","300","135.376"
"2025","4","Mendoza","301","16"
"2025","4","Mendoza","302","246"
"2025","4","Mendoza","400","41"
"2025","4","Mendoza","500","2.196"
"2025","4","Mendoza","600","15.742"
"2025","4","Mendoza","700","53"
"2025","4","Mendoza","800","1.233"
"2025","4","Mendoza","940","9.277"
"2025","4","Mendoza","1000","244"
"2025","4","Mendoza","226,5","15.178"
"2025","4","Mendoza","5000","1"
"2025","4","Misiones","0","24.187"
"2025","4","Misiones","1","2.875"
"2025","4","Misiones","2","11.014"
"2025","4","Misiones","3","2.559"
"2025","4","Misiones","4","1.704"
"2025","4","Misiones","0,5","47"
"2025","4","Misiones","5","2.264"
"2025","4","Misiones","6","4.615"
"2025","4","Misiones","7","291"
"2025","4","Misiones","8","23"
"2025","4","Misiones","10","20.221"
"2025","4","Misiones","15","717"
"2025","4","Misiones","20","6.396"
"2025","4","Misiones","25","65"
"2025","4","Misiones","30","1.972"
"2025","4","Misiones","40","71"
"2025","4","Misiones","45","28"
"2025","4","Misiones","50","4.853"
"2025","4","Misiones","0,51","4"
"2025","4","Misiones","60","19"
"2025","4","Misiones","75","7"
"2025","4","Misiones","80","2.219"
"2025","4","Misiones","100","64.213"
"2025","4","Misiones","150","4.484"
"2025","4","Misiones","200","4.105"
"2025","4","Misiones","300","61.179"
"2025","4","Misiones","350","14"
"2025","4","Misiones","500","1.085"
"2025","4","Misiones","600","3.982"
"2025","4","Misiones","800","39"
"2025","4","Misiones","1000","208"
"2025","4","Misiones","226,5","13.817"
"2025","4","Neuquén","0","3.743"
"2025","4","Neuquén","1","611"
"2025","4","Neuquén","2","1.362"
"2025","4","Neuquén","3","4.788"
"2025","4","Neuquén","4","1.067"
"2025","4","Neuquén","0,5","40"
"2025","4","Neuquén","5","3.675"
"2025","4","Neuquén","6","8.429"
"2025","4","Neuquén","7","23"
"2025","4","Neuquén","8","1.418"
"2025","4","Neuquén","9","2"
"2025","4","Neuquén","10","6.662"
"2025","4","Neuquén","12","1.956"
"2025","4","Neuquén","14","4"
"2025","4","Neuquén","15","2.093"
"2025","4","Neuquén","20","1.141"
"2025","4","Neuquén","25","576"
"2025","4","Neuquén","30","474"
"2025","4","Neuquén","3,5","6.936"
"2025","4","Neuquén","35","41"
"2025","4","Neuquén","40","57"
"2025","4","Neuquén","45","3"
"2025","4","Neuquén","50","10.416"
"2025","4","Neuquén","0,51","72"
"2025","4","Neuquén","60","487"
"2025","4","Neuquén","70","7"
"2025","4","Neuquén","100","31.247"
"2025","4","Neuquén","101","257"
"2025","4","Neuquén","150","2"
"2025","4","Neuquén","200","681"
"2025","4","Neuquén","300","69.266"
"2025","4","Neuquén","301","16"
"2025","4","Neuquén","302","501"
"2025","4","Neuquén","400","23"
"2025","4","Neuquén","500","4.450"
"2025","4","Neuquén","600","4.810"
"2025","4","Neuquén","700","25"
"2025","4","Neuquén","800","7.043"
"2025","4","Neuquén","940","4.130"
"2025","4","Neuquén","1000","2.068"
"2025","4","Neuquén","226,5","36.729"
"2025","4","Río Negro","0","16.664"
"2025","4","Río Negro","1","492"
"2025","4","Río Negro","2","307"
"2025","4","Río Negro","3","5.114"
"2025","4","Río Negro","4","819"
"2025","4","Río Negro","5","1.936"
"2025","4","Río Negro","0,5","19"
"2025","4","Río Negro","6","6.364"
"2025","4","Río Negro","7","210"
"2025","4","Río Negro","8","1.296"
"2025","4","Río Negro","9","7"
"2025","4","Río Negro","10","8.018"
"2025","4","Río Negro","11","18"
"2025","4","Río Negro","12","609"
"2025","4","Río Negro","14","87"
"2025","4","Río Negro","15","3.650"
"2025","4","Río Negro","18","38"
"2025","4","Río Negro","20","6.602"
"2025","4","Río Negro","25","1.072"
"2025","4","Río Negro","30","304"
"2025","4","Río Negro","32","32"
"2025","4","Río Negro","3,5","1"
"2025","4","Río Negro","40","2.792"
"2025","4","Río Negro","45","5"
"2025","4","Río Negro","50","16.477"
"2025","4","Río Negro","0,51","75"
"2025","4","Río Negro","60","36"
"2025","4","Río Negro","75","369"
"2025","4","Río Negro","100","53.086"
"2025","4","Río Negro","101","59"
"2025","4","Río Negro","120","7"
"2025","4","Río Negro","122","34"
"2025","4","Río Negro","150","7"
"2025","4","Río Negro","180","10.919"
"2025","4","Río Negro","200","1.965"
"2025","4","Río Negro","250","4"
"2025","4","Río Negro","300","54.485"
"2025","4","Río Negro","301","2"
"2025","4","Río Negro","302","51"
"2025","4","Río Negro","330","677"
"2025","4","Río Negro","400","58"
"2025","4","Río Negro","500","2.197"
"2025","4","Río Negro","520","40"
"2025","4","Río Negro","540","265"
"2025","4","Río Negro","600","2.559"
"2025","4","Río Negro","700","14"
"2025","4","Río Negro","800","334"
"2025","4","Río Negro","900","110"
"2025","4","Río Negro","940","1.989"
"2025","4","Río Negro","1000","398"
"2025","4","Río Negro","226,5","21.827"
"2025","4","Salta","0","8.638"
"2025","4","Salta","1","552"
"2025","4","Salta","2","1.528"
"2025","4","Salta","3","3.319"
"2025","4","Salta","4","7.876"
"2025","4","Salta","0,5","41"
"2025","4","Salta","5","2.780"
"2025","4","Salta","6","2.155"
"2025","4","Salta","7","13"
"2025","4","Salta","8","7.024"
"2025","4","Salta","10","6.197"
"2025","4","Salta","12","1"
"2025","4","Salta","15","527"
"2025","4","Salta","18","4"
"2025","4","Salta","20","1.831"
"2025","4","Salta","25","1"
"2025","4","Salta","27","1"
"2025","4","Salta","30","425"
"2025","4","Salta","50","8.994"
"2025","4","Salta","0,51","73"
"2025","4","Salta","100","82.442"
"2025","4","Salta","200","85"
"2025","4","Salta","300","66.963"
"2025","4","Salta","500","1.278"
"2025","4","Salta","600","4.066"
"2025","4","Salta","800","604"
"2025","4","Salta","1000","370"
"2025","4","Salta","226,5","23.603"
"2025","4","San Juan","0","19.147"
"2025","4","San Juan","1","1.305"
"2025","4","San Juan","2","607"
"2025","4","San Juan","3","4.272"
"2025","4","San Juan","4","251"
"2025","4","San Juan","0,5","15"
"2025","4","San Juan","5","188"
"2025","4","San Juan","6","3.591"
"2025","4","San Juan","7","86"
"2025","4","San Juan","8","56"
"2025","4","San Juan","9","3"
"2025","4","San Juan","10","3.395"
"2025","4","San Juan","12","535"
"2025","4","San Juan","15","671"
"2025","4","San Juan","20","1.054"
"2025","4","San Juan","24","84"
"2025","4","San Juan","25","302"
"2025","4","San Juan","30","359"
"2025","4","San Juan","45","25"
"2025","4","San Juan","46","2"
"2025","4","San Juan","50","12.778"
"2025","4","San Juan","0,51","3"
"2025","4","San Juan","60","1"
"2025","4","San Juan","100","18.611"
"2025","4","San Juan","101","110"
"2025","4","San Juan","200","190"
"2025","4","San Juan","300","66.026"
"2025","4","San Juan","301","11"
"2025","4","San Juan","302","210"
"2025","4","San Juan","400","23"
"2025","4","San Juan","500","502"
"2025","4","San Juan","600","7.969"
"2025","4","San Juan","700","66"
"2025","4","San Juan","800","660"
"2025","4","San Juan","940","3.905"
"2025","4","San Juan","1000","28"
"2025","4","San Juan","226,5","5.058"
"2025","4","San Luis","0","4.431"
"2025","4","San Luis","1","217"
"2025","4","San Luis","2","183"
"2025","4","San Luis","3","1.530"
"2025","4","San Luis","5","75"
"2025","4","San Luis","0,5","57"
"2025","4","San Luis","6","3.653"
"2025","4","San Luis","7","2"
"2025","4","San Luis","8","715"
"2025","4","San Luis","9","2"
"2025","4","San Luis","10","9.379"
"2025","4","San Luis","12","99"
"2025","4","San Luis","15","29"
"2025","4","San Luis","20","1.360"
"2025","4","San Luis","25","61.692"
"2025","4","San Luis","30","95"
"2025","4","San Luis","40","34"
"2025","4","San Luis","50","3.905"
"2025","4","San Luis","0,51","1"
"2025","4","San Luis","100","28.749"
"2025","4","San Luis","200","13"
"2025","4","San Luis","300","21.787"
"2025","4","San Luis","400","12"
"2025","4","San Luis","500","209"
"2025","4","San Luis","600","4.124"
"2025","4","San Luis","800","25"
"2025","4","San Luis","940","3.159"
"2025","4","San Luis","1000","25.486"
"2025","4","San Luis","226,5","10.709"
"2025","4","Santa Cruz","0","9.372"
"2025","4","Santa Cruz","1","163"
"2025","4","Santa Cruz","2","621"
"2025","4","Santa Cruz","3","373"
"2025","4","Santa Cruz","4","476"
"2025","4","Santa Cruz","0,5","24"
"2025","4","Santa Cruz","5","265"
"2025","4","Santa Cruz","6","2.230"
"2025","4","Santa Cruz","8","2.953"
"2025","4","Santa Cruz","9","4"
"2025","4","Santa Cruz","10","5.772"
"2025","4","Santa Cruz","12","4"
"2025","4","Santa Cruz","15","2.227"
"2025","4","Santa Cruz","20","4.760"
"2025","4","Santa Cruz","24","3"
"2025","4","Santa Cruz","25","1.454"
"2025","4","Santa Cruz","30","1.938"
"2025","4","Santa Cruz","35","10"
"2025","4","Santa Cruz","40","6"
"2025","4","Santa Cruz","50","7.279"
"2025","4","Santa Cruz","0,51","20"
"2025","4","Santa Cruz","60","936"
"2025","4","Santa Cruz","70","10"
"2025","4","Santa Cruz","75","322"
"2025","4","Santa Cruz","100","27.236"
"2025","4","Santa Cruz","200","822"
"2025","4","Santa Cruz","300","7.844"
"2025","4","Santa Cruz","350","188"
"2025","4","Santa Cruz","500","8.463"
"2025","4","Santa Cruz","600","72"
"2025","4","Santa Cruz","700","2"
"2025","4","Santa Cruz","750","27"
"2025","4","Santa Cruz","800","206"
"2025","4","Santa Cruz","940","349"
"2025","4","Santa Cruz","950","51"
"2025","4","Santa Cruz","1000","8"
"2025","4","Santa Cruz","226,5","11.063"
"2025","4","Santa Fe","0","33.128"
"2025","4","Santa Fe","1","4.306"
"2025","4","Santa Fe","2","6.149"
"2025","4","Santa Fe","3","18.611"
"2025","4","Santa Fe","4","4.686"
"2025","4","Santa Fe","0,5","320"
"2025","4","Santa Fe","5","15.244"
"2025","4","Santa Fe","6","14.657"
"2025","4","Santa Fe","7","646"
"2025","4","Santa Fe","8","9.114"
"2025","4","Santa Fe","9","755"
"2025","4","Santa Fe","10","40.718"
"2025","4","Santa Fe","12","1.040"
"2025","4","Santa Fe","13","65"
"2025","4","Santa Fe","15","15.516"
"2025","4","Santa Fe","16","16"
"2025","4","Santa Fe","18","8"
"2025","4","Santa Fe","20","24.621"
"2025","4","Santa Fe","2,5","153"
"2025","4","Santa Fe","25","12.208"
"2025","4","Santa Fe","0,26","30"
"2025","4","Santa Fe","29","1"
"2025","4","Santa Fe","30","11.734"
"2025","4","Santa Fe","3,5","55"
"2025","4","Santa Fe","35","1.973"
"2025","4","Santa Fe","40","1.812"
"2025","4","Santa Fe","50","69.709"
"2025","4","Santa Fe","0,51","101"
"2025","4","Santa Fe","51","4"
"2025","4","Santa Fe","60","255"
"2025","4","Santa Fe","70","74"
"2025","4","Santa Fe","75","34"
"2025","4","Santa Fe","80","9.085"
"2025","4","Santa Fe","90","1"
"2025","4","Santa Fe","95","1"
"2025","4","Santa Fe","98","30"
"2025","4","Santa Fe","100","341.462"
"2025","4","Santa Fe","120","357"
"2025","4","Santa Fe","140","1"
"2025","4","Santa Fe","150","14.625"
"2025","4","Santa Fe","200","9.116"
"2025","4","Santa Fe","250","134"
"2025","4","Santa Fe","300","267.449"
"2025","4","Santa Fe","400","1.589"
"2025","4","Santa Fe","450","1"
"2025","4","Santa Fe","499","8"
"2025","4","Santa Fe","500","9.273"
"2025","4","Santa Fe","600","10.817"
"2025","4","Santa Fe","700","1"
"2025","4","Santa Fe","800","2.278"
"2025","4","Santa Fe","1000","1.720"
"2025","4","Santa Fe","1300","2"
"2025","4","Santa Fe","1600","60"
"2025","4","Santa Fe","226,5","22.172"
"2025","4","Santa Fe","5000","1"
"2025","4","Santiago Del Estero","0","3.464"
"2025","4","Santiago Del Estero","1","41"
"2025","4","Santiago Del Estero","2","380"
"2025","4","Santiago Del Estero","3","4.545"
"2025","4","Santiago Del Estero","4","1.220"
"2025","4","Santiago Del Estero","0,5","39"
"2025","4","Santiago Del Estero","5","401"
"2025","4","Santiago Del Estero","6","579"
"2025","4","Santiago Del Estero","7","2"
"2025","4","Santiago Del Estero","8","101"
"2025","4","Santiago Del Estero","10","3.542"
"2025","4","Santiago Del Estero","12","8"
"2025","4","Santiago Del Estero","1,5","307"
"2025","4","Santiago Del Estero","15","545"
"2025","4","Santiago Del Estero","20","2.602"
"2025","4","Santiago Del Estero","25","235"
"2025","4","Santiago Del Estero","30","1.779"
"2025","4","Santiago Del Estero","40","42"
"2025","4","Santiago Del Estero","50","33.965"
"2025","4","Santiago Del Estero","0,51","139"
"2025","4","Santiago Del Estero","60","2"
"2025","4","Santiago Del Estero","70","3"
"2025","4","Santiago Del Estero","0,75","908"
"2025","4","Santiago Del Estero","100","48.284"
"2025","4","Santiago Del Estero","150","2"
"2025","4","Santiago Del Estero","300","23.185"
"2025","4","Santiago Del Estero","500","499"
"2025","4","Santiago Del Estero","600","1.243"
"2025","4","Santiago Del Estero","1000","145"
"2025","4","Santiago Del Estero","226,5","13.246"
"2025","4","Tierra Del Fuego","0","19.073"
"2025","4","Tierra Del Fuego","1","576"
"2025","4","Tierra Del Fuego","2","1"
"2025","4","Tierra Del Fuego","3","160"
"2025","4","Tierra Del Fuego","4","50"
"2025","4","Tierra Del Fuego","0,5","6"
"2025","4","Tierra Del Fuego","5","203"
"2025","4","Tierra Del Fuego","6","1.576"
"2025","4","Tierra Del Fuego","8","12"
"2025","4","Tierra Del Fuego","9","2"
"2025","4","Tierra Del Fuego","10","656"
"2025","4","Tierra Del Fuego","12","63"
"2025","4","Tierra Del Fuego","14","1"
"2025","4","Tierra Del Fuego","15","1.364"
"2025","4","Tierra Del Fuego","16","611"
"2025","4","Tierra Del Fuego","20","7.598"
"2025","4","Tierra Del Fuego","24","1.988"
"2025","4","Tierra Del Fuego","25","3.012"
"2025","4","Tierra Del Fuego","30","13"
"2025","4","Tierra Del Fuego","40","4"
"2025","4","Tierra Del Fuego","45","1"
"2025","4","Tierra Del Fuego","49","406"
"2025","4","Tierra Del Fuego","50","2.495"
"2025","4","Tierra Del Fuego","0,51","11"
"2025","4","Tierra Del Fuego","60","21"
"2025","4","Tierra Del Fuego","100","11.399"
"2025","4","Tierra Del Fuego","101","1"
"2025","4","Tierra Del Fuego","120","26"
"2025","4","Tierra Del Fuego","150","17"
"2025","4","Tierra Del Fuego","200","228"
"2025","4","Tierra Del Fuego","300","759"
"2025","4","Tierra Del Fuego","500","3"
"2025","4","Tierra Del Fuego","1000","77"
"2025","4","Tierra Del Fuego","226,5","9.305"
"2025","4","Tucumán","0","2.655"
"2025","4","Tucumán","1","321"
"2025","4","Tucumán","2","116"
"2025","4","Tucumán","3","2.194"
"2025","4","Tucumán","4","44"
"2025","4","Tucumán","0,5","16"
"2025","4","Tucumán","5","761"
"2025","4","Tucumán","6","1.470"
"2025","4","Tucumán","7","143"
"2025","4","Tucumán","8","145"
"2025","4","Tucumán","9","1"
"2025","4","Tucumán","10","10.165"
"2025","4","Tucumán","12","12.320"
"2025","4","Tucumán","13","2"
"2025","4","Tucumán","15","273"
"2025","4","Tucumán","20","3.870"
"2025","4","Tucumán","24","356"
"2025","4","Tucumán","25","37"
"2025","4","Tucumán","26","1"
"2025","4","Tucumán","30","1.158"
"2025","4","Tucumán","3,5","2.271"
"2025","4","Tucumán","35","2"
"2025","4","Tucumán","40","2"
"2025","4","Tucumán","50","23.270"
"2025","4","Tucumán","0,51","20"
"2025","4","Tucumán","60","1"
"2025","4","Tucumán","100","130.017"
"2025","4","Tucumán","164","1"
"2025","4","Tucumán","200","1"
"2025","4","Tucumán","300","100.038"
"2025","4","Tucumán","499","9"
"2025","4","Tucumán","500","2.206"
"2025","4","Tucumán","600","5.506"
"2025","4","Tucumán","1000","505"
"2025","4","Tucumán","226,5","12.230"
"2025","3","Buenos Aires","0","72.041"
"2025","3","Buenos Aires","1","20.173"
"2025","3","Buenos Aires","2","18.586"
"2025","3","Buenos Aires","3","43.038"
"2025","3","Buenos Aires","4","12.109"
"2025","3","Buenos Aires","0,5","272"
"2025","3","Buenos Aires","5","20.799"
"2025","3","Buenos Aires","6","68.723"
"2025","3","Buenos Aires","7","9.612"
"2025","3","Buenos Aires","8","19.476"
"2025","3","Buenos Aires","9","853"
"2025","3","Buenos Aires","10","97.847"
"2025","3","Buenos Aires","11","647"
"2025","3","Buenos Aires","12","20.304"
"2025","3","Buenos Aires","13","228"
"2025","3","Buenos Aires","14","208"
"2025","3","Buenos Aires","1,5","141"
"2025","3","Buenos Aires","15","59.819"
"2025","3","Buenos Aires","16","155"
"2025","3","Buenos Aires","18","1.145"
"2025","3","Buenos Aires","19","5"
"2025","3","Buenos Aires","20","133.088"
"2025","3","Buenos Aires","21","1"
"2025","3","Buenos Aires","22","1"
"2025","3","Buenos Aires","23","20"
"2025","3","Buenos Aires","24","591"
"2025","3","Buenos Aires","2,5","21"
"2025","3","Buenos Aires","25","40.561"
"2025","3","Buenos Aires","26","112"
"2025","3","Buenos Aires","0,26","17"
"2025","3","Buenos Aires","30","82.254"
"2025","3","Buenos Aires","31","3.256"
"2025","3","Buenos Aires","32","16"
"2025","3","Buenos Aires","35","2.907"
"2025","3","Buenos Aires","3,5","2.538"
"2025","3","Buenos Aires","36","9"
"2025","3","Buenos Aires","40","5.535"
"2025","3","Buenos Aires","41","9"
"2025","3","Buenos Aires","45","578"
"2025","3","Buenos Aires","46","1.830"
"2025","3","Buenos Aires","48","751"
"2025","3","Buenos Aires","49","1"
"2025","3","Buenos Aires","50","443.662"
"2025","3","Buenos Aires","0,51","168"
"2025","3","Buenos Aires","55","471"
"2025","3","Buenos Aires","59","59"
"2025","3","Buenos Aires","60","6.700"
"2025","3","Buenos Aires","61","78"
"2025","3","Buenos Aires","65","1"
"2025","3","Buenos Aires","70","8.952"
"2025","3","Buenos Aires","0,75","39"
"2025","3","Buenos Aires","75","1.675"
"2025","3","Buenos Aires","80","11.149"
"2025","3","Buenos Aires","85","16"
"2025","3","Buenos Aires","99","36.846"
"2025","3","Buenos Aires","100","1.009.620"
"2025","3","Buenos Aires","101","9.603"
"2025","3","Buenos Aires","105","10"
"2025","3","Buenos Aires","120","611"
"2025","3","Buenos Aires","125","2"
"2025","3","Buenos Aires","150","22.145"
"2025","3","Buenos Aires","160","1.665"
"2025","3","Buenos Aires","200","17.524"
"2025","3","Buenos Aires","205","3"
"2025","3","Buenos Aires","212","1"
"2025","3","Buenos Aires","240","948"
"2025","3","Buenos Aires","246","48"
"2025","3","Buenos Aires","250","362"
"2025","3","Buenos Aires","256","15"
"2025","3","Buenos Aires","300","1.551.852"
"2025","3","Buenos Aires","301","309"
"2025","3","Buenos Aires","302","15.476"
"2025","3","Buenos Aires","320","28"
"2025","3","Buenos Aires","400","2.874"
"2025","3","Buenos Aires","480","5"
"2025","3","Buenos Aires","499","988.572"
"2025","3","Buenos Aires","500","67.762"
"2025","3","Buenos Aires","512","663"
"2025","3","Buenos Aires","600","130.565"
"2025","3","Buenos Aires","700","787"
"2025","3","Buenos Aires","800","15.638"
"2025","3","Buenos Aires","940","64.115"
"2025","3","Buenos Aires","999","51.996"
"2025","3","Buenos Aires","1000","116.674"
"2025","3","Buenos Aires","226,5","40.157"
"2025","3","Buenos Aires","2400","107"
"2025","3","CABA","0","3.072"
"2025","3","CABA","1","2.512"
"2025","3","CABA","2","231"
"2025","3","CABA","3","2.110"
"2025","3","CABA","4","987"
"2025","3","CABA","5","1.770"
"2025","3","CABA","0,5","6"
"2025","3","CABA","6","5.358"
"2025","3","CABA","7","11"
"2025","3","CABA","8","193"
"2025","3","CABA","9","30"
"2025","3","CABA","10","14.605"
"2025","3","CABA","11","5"
"2025","3","CABA","12","94"
"2025","3","CABA","14","24"
"2025","3","CABA","15","6.101"
"2025","3","CABA","16","5"
"2025","3","CABA","19","22"
"2025","3","CABA","20","7.340"
"2025","3","CABA","21","1"
"2025","3","CABA","25","46"
"2025","3","CABA","0,26","31"
"2025","3","CABA","30","5.134"
"2025","3","CABA","3,5","45"
"2025","3","CABA","35","29"
"2025","3","CABA","40","228"
"2025","3","CABA","45","10"
"2025","3","CABA","46","211"
"2025","3","CABA","50","49.851"
"2025","3","CABA","0,51","35"
"2025","3","CABA","55","1"
"2025","3","CABA","60","44"
"2025","3","CABA","66","1"
"2025","3","CABA","70","3"
"2025","3","CABA","75","1"
"2025","3","CABA","80","7"
"2025","3","CABA","99","16.859"
"2025","3","CABA","100","338.604"
"2025","3","CABA","101","1.096"
"2025","3","CABA","110","1"
"2025","3","CABA","120","35"
"2025","3","CABA","125","3"
"2025","3","CABA","150","6.348"
"2025","3","CABA","160","5"
"2025","3","CABA","200","3.503"
"2025","3","CABA","220","1"
"2025","3","CABA","225","1"
"2025","3","CABA","250","1.447"
"2025","3","CABA","275","1"
"2025","3","CABA","300","554.005"
"2025","3","CABA","301","24"
"2025","3","CABA","302","1.309"
"2025","3","CABA","325","2"
"2025","3","CABA","400","61"
"2025","3","CABA","499","299.786"
"2025","3","CABA","500","57.868"
"2025","3","CABA","600","9.405"
"2025","3","CABA","700","85"
"2025","3","CABA","800","1.503"
"2025","3","CABA","940","7.720"
"2025","3","CABA","999","14.679"
"2025","3","CABA","1000","64.929"
"2025","3","CABA","226,5","2.278"
"2025","3","Catamarca","0","66"
"2025","3","Catamarca","1","114"
"2025","3","Catamarca","2","115"
"2025","3","Catamarca","3","1.474"
"2025","3","Catamarca","0,5","34"
"2025","3","Catamarca","5","321"
"2025","3","Catamarca","6","411"
"2025","3","Catamarca","10","2.477"
"2025","3","Catamarca","12","6"
"2025","3","Catamarca","15","1.803"
"2025","3","Catamarca","20","1.491"
"2025","3","Catamarca","24","1.649"
"2025","3","Catamarca","25","47"
"2025","3","Catamarca","30","844"
"2025","3","Catamarca","50","26.453"
"2025","3","Catamarca","0,51","37"
"2025","3","Catamarca","100","21.517"
"2025","3","Catamarca","200","42"
"2025","3","Catamarca","300","16.148"
"2025","3","Catamarca","500","287"
"2025","3","Catamarca","600","1.632"
"2025","3","Catamarca","1000","42"
"2025","3","Catamarca","226,5","5.017"
"2025","3","Chaco","0","5.119"
"2025","3","Chaco","1","207"
"2025","3","Chaco","2","776"
"2025","3","Chaco","3","2.648"
"2025","3","Chaco","4","493"
"2025","3","Chaco","0,5","234"
"2025","3","Chaco","5","3.802"
"2025","3","Chaco","6","3.195"
"2025","3","Chaco","7","152"
"2025","3","Chaco","8","220"
"2025","3","Chaco","9","1"
"2025","3","Chaco","10","6.649"
"2025","3","Chaco","12","77"
"2025","3","Chaco","15","1.462"
"2025","3","Chaco","20","836"
"2025","3","Chaco","25","3.543"
"2025","3","Chaco","30","7.005"
"2025","3","Chaco","35","2"
"2025","3","Chaco","3,5","165"
"2025","3","Chaco","40","284"
"2025","3","Chaco","48","1.924"
"2025","3","Chaco","50","30.336"
"2025","3","Chaco","0,51","2"
"2025","3","Chaco","60","2.912"
"2025","3","Chaco","70","39"
"2025","3","Chaco","100","55.963"
"2025","3","Chaco","120","617"
"2025","3","Chaco","150","3"
"2025","3","Chaco","200","1.519"
"2025","3","Chaco","250","234"
"2025","3","Chaco","300","33.096"
"2025","3","Chaco","500","1.239"
"2025","3","Chaco","600","1.281"
"2025","3","Chaco","1000","177"
"2025","3","Chaco","226,5","4.939"
"2025","3","Chubut","0","6.162"
"2025","3","Chubut","1","287"
"2025","3","Chubut","2","1.842"
"2025","3","Chubut","3","5.806"
"2025","3","Chubut","4","6.135"
"2025","3","Chubut","5","79"
"2025","3","Chubut","0,5","64"
"2025","3","Chubut","6","16.679"
"2025","3","Chubut","7","76"
"2025","3","Chubut","8","1.391"
"2025","3","Chubut","9","12"
"2025","3","Chubut","10","7.802"
"2025","3","Chubut","11","1"
"2025","3","Chubut","12","2.057"
"2025","3","Chubut","14","61"
"2025","3","Chubut","15","4.792"
"2025","3","Chubut","16","141"
"2025","3","Chubut","20","4.653"
"2025","3","Chubut","24","1.158"
"2025","3","Chubut","25","6.488"
"2025","3","Chubut","0,26","8"
"2025","3","Chubut","30","6.651"
"2025","3","Chubut","3,5","68"
"2025","3","Chubut","40","3"
"2025","3","Chubut","45","3"
"2025","3","Chubut","50","40.936"
"2025","3","Chubut","0,51","32"
"2025","3","Chubut","80","218"
"2025","3","Chubut","100","7.599"
"2025","3","Chubut","101","15"
"2025","3","Chubut","200","36"
"2025","3","Chubut","300","27.615"
"2025","3","Chubut","301","2"
"2025","3","Chubut","302","13"
"2025","3","Chubut","400","16"
"2025","3","Chubut","500","739"
"2025","3","Chubut","600","3.837"
"2025","3","Chubut","700","202"
"2025","3","Chubut","800","480"
"2025","3","Chubut","940","2.785"
"2025","3","Chubut","999","1"
"2025","3","Chubut","1000","1"
"2025","3","Chubut","226,5","10.152"
"2025","3","Córdoba","0","10.107"
"2025","3","Córdoba","1","6.415"
"2025","3","Córdoba","2","6.753"
"2025","3","Córdoba","3","18.423"
"2025","3","Córdoba","4","9.205"
"2025","3","Córdoba","5","6.482"
"2025","3","Córdoba","0,5","80"
"2025","3","Córdoba","6","46.007"
"2025","3","Córdoba","7","1.661"
"2025","3","Córdoba","8","9.363"
"2025","3","Córdoba","9","683"
"2025","3","Córdoba","10","51.354"
"2025","3","Córdoba","11","84"
"2025","3","Córdoba","12","11.441"
"2025","3","Córdoba","13","19"
"2025","3","Córdoba","14","9"
"2025","3","Córdoba","1,5","7"
"2025","3","Córdoba","15","12.516"
"2025","3","Córdoba","16","134"
"2025","3","Córdoba","18","618"
"2025","3","Córdoba","20","16.203"
"2025","3","Córdoba","22","600"
"2025","3","Córdoba","2,2","14"
"2025","3","Córdoba","24","2"
"2025","3","Córdoba","25","17.537"
"2025","3","Córdoba","2,5","192"
"2025","3","Córdoba","0,26","2"
"2025","3","Córdoba","30","9.037"
"2025","3","Córdoba","33","1"
"2025","3","Córdoba","3,3","2"
"2025","3","Córdoba","35","52"
"2025","3","Córdoba","3,5","4.659"
"2025","3","Córdoba","40","5.829"
"2025","3","Córdoba","45","4"
"2025","3","Córdoba","50","209.548"
"2025","3","Córdoba","0,51","10"
"2025","3","Córdoba","60","5.067"
"2025","3","Córdoba","6,4","2"
"2025","3","Córdoba","70","16"
"2025","3","Córdoba","75","105"
"2025","3","Córdoba","0,75","48"
"2025","3","Córdoba","80","497"
"2025","3","Córdoba","100","270.904"
"2025","3","Córdoba","10,1","21"
"2025","3","Córdoba","10,2","44"
"2025","3","Córdoba","120","698"
"2025","3","Córdoba","12,3","18"
"2025","3","Córdoba","140","1"
"2025","3","Córdoba","150","100"
"2025","3","Córdoba","200","15.626"
"2025","3","Córdoba","20,5","1"
"2025","3","Córdoba","225","1"
"2025","3","Córdoba","250","1"
"2025","3","Córdoba","25,1","594"
"2025","3","Córdoba","25,5","8"
"2025","3","Córdoba","300","329.824"
"2025","3","Córdoba","400","178"
"2025","3","Córdoba","500","16.444"
"2025","3","Córdoba","50,1","585"
"2025","3","Córdoba","512","21"
"2025","3","Córdoba","600","9.479"
"2025","3","Córdoba","700","3"
"2025","3","Córdoba","800","50"
"2025","3","Córdoba","850","1"
"2025","3","Córdoba","940","172"
"2025","3","Córdoba","1000","4.518"
"2025","3","Córdoba","100,1","3"
"2025","3","Córdoba","226,5","25.743"
"2025","3","Córdoba","300,5","2"
"2025","3","Córdoba","50,25","8"
"2025","3","Córdoba","100,25","20"
"2025","3","Corrientes","0","5.400"
"2025","3","Corrientes","1","1.916"
"2025","3","Corrientes","2","1.733"
"2025","3","Corrientes","3","3.165"
"2025","3","Corrientes","4","1.666"
"2025","3","Corrientes","5","2.944"
"2025","3","Corrientes","0,5","10"
"2025","3","Corrientes","6","4.576"
"2025","3","Corrientes","8","4.888"
"2025","3","Corrientes","10","6.836"
"2025","3","Corrientes","12","8"
"2025","3","Corrientes","15","759"
"2025","3","Corrientes","16","2.729"
"2025","3","Corrientes","20","1.398"
"2025","3","Corrientes","25","1.683"
"2025","3","Corrientes","30","831"
"2025","3","Corrientes","3,5","476"
"2025","3","Corrientes","40","4.625"
"2025","3","Corrientes","50","32.664"
"2025","3","Corrientes","0,51","57"
"2025","3","Corrientes","0,75","118"
"2025","3","Corrientes","100","38.018"
"2025","3","Corrientes","120","1.023"
"2025","3","Corrientes","200","3.091"
"2025","3","Corrientes","250","438"
"2025","3","Corrientes","300","40.919"
"2025","3","Corrientes","500","1.525"
"2025","3","Corrientes","600","171"
"2025","3","Corrientes","1000","463"
"2025","3","Corrientes","226,5","7.594"
"2025","3","Entre Ríos","0","18.532"
"2025","3","Entre Ríos","1","3.693"
"2025","3","Entre Ríos","2","4.306"
"2025","3","Entre Ríos","3","5.404"
"2025","3","Entre Ríos","4","2.228"
"2025","3","Entre Ríos","5","6.572"
"2025","3","Entre Ríos","0,5","18"
"2025","3","Entre Ríos","6","9.739"
"2025","3","Entre Ríos","7","883"
"2025","3","Entre Ríos","8","2.415"
"2025","3","Entre Ríos","10","33.095"
"2025","3","Entre Ríos","12","1.482"
"2025","3","Entre Ríos","15","5.503"
"2025","3","Entre Ríos","16","1"
"2025","3","Entre Ríos","20","9.702"
"2025","3","Entre Ríos","25","943"
"2025","3","Entre Ríos","0,26","1"
"2025","3","Entre Ríos","30","9.962"
"2025","3","Entre Ríos","3,5","384"
"2025","3","Entre Ríos","50","39.263"
"2025","3","Entre Ríos","0,51","86"
"2025","3","Entre Ríos","58","1"
"2025","3","Entre Ríos","0,75","108"
"2025","3","Entre Ríos","100","67.781"
"2025","3","Entre Ríos","120","575"
"2025","3","Entre Ríos","150","1"
"2025","3","Entre Ríos","181","38"
"2025","3","Entre Ríos","200","2.472"
"2025","3","Entre Ríos","250","150"
"2025","3","Entre Ríos","300","68.990"
"2025","3","Entre Ríos","400","1"
"2025","3","Entre Ríos","500","2.566"
"2025","3","Entre Ríos","1000","988"
"2025","3","Entre Ríos","1314","80"
"2025","3","Entre Ríos","1453","99"
"2025","3","Entre Ríos","2108","132"
"2025","3","Entre Ríos","2110","109"
"2025","3","Entre Ríos","226,5","9.428"
"2025","3","Formosa","0","281"
"2025","3","Formosa","1","97"
"2025","3","Formosa","2","1.348"
"2025","3","Formosa","3","10.195"
"2025","3","Formosa","4","3.296"
"2025","3","Formosa","0,5","49"
"2025","3","Formosa","5","1.714"
"2025","3","Formosa","6","4.453"
"2025","3","Formosa","7","108"
"2025","3","Formosa","8","161"
"2025","3","Formosa","10","9.942"
"2025","3","Formosa","12","40"
"2025","3","Formosa","15","238"
"2025","3","Formosa","20","2.229"
"2025","3","Formosa","25","8"
"2025","3","Formosa","30","531"
"2025","3","Formosa","35","3"
"2025","3","Formosa","40","50"
"2025","3","Formosa","50","1.358"
"2025","3","Formosa","0,51","35"
"2025","3","Formosa","80","50"
"2025","3","Formosa","100","11.792"
"2025","3","Formosa","200","2"
"2025","3","Formosa","300","16.257"
"2025","3","Formosa","400","2"
"2025","3","Formosa","500","419"
"2025","3","Formosa","1000","182"
"2025","3","Formosa","226,5","4.026"
"2025","3","Jujuy","0","1.441"
"2025","3","Jujuy","1","1.038"
"2025","3","Jujuy","2","1.634"
"2025","3","Jujuy","3","1.407"
"2025","3","Jujuy","4","2.887"
"2025","3","Jujuy","0,5","26"
"2025","3","Jujuy","5","3.631"
"2025","3","Jujuy","6","1.202"
"2025","3","Jujuy","7","10"
"2025","3","Jujuy","8","1.229"
"2025","3","Jujuy","10","11.584"
"2025","3","Jujuy","12","23.494"
"2025","3","Jujuy","15","504"
"2025","3","Jujuy","18","4"
"2025","3","Jujuy","20","3.428"
"2025","3","Jujuy","25","7"
"2025","3","Jujuy","30","1.140"
"2025","3","Jujuy","36","1"
"2025","3","Jujuy","50","46.749"
"2025","3","Jujuy","0,51","32"
"2025","3","Jujuy","75","1"
"2025","3","Jujuy","100","18.868"
"2025","3","Jujuy","165","1"
"2025","3","Jujuy","200","1"
"2025","3","Jujuy","300","10.120"
"2025","3","Jujuy","500","236"
"2025","3","Jujuy","512","200"
"2025","3","Jujuy","600","683"
"2025","3","Jujuy","1000","31"
"2025","3","Jujuy","226,5","2.338"
"2025","3","La Pampa","0","2.590"
"2025","3","La Pampa","1","418"
"2025","3","La Pampa","2","2.077"
"2025","3","La Pampa","3","5.075"
"2025","3","La Pampa","4","1.978"
"2025","3","La Pampa","0,5","4"
"2025","3","La Pampa","5","2.157"
"2025","3","La Pampa","6","25.167"
"2025","3","La Pampa","7","516"
"2025","3","La Pampa","8","141"
"2025","3","La Pampa","9","3"
"2025","3","La Pampa","10","7.633"
"2025","3","La Pampa","14","3"
"2025","3","La Pampa","1,5","185"
"2025","3","La Pampa","15","3.678"
"2025","3","La Pampa","20","4.728"
"2025","3","La Pampa","25","1.877"
"2025","3","La Pampa","0,26","1"
"2025","3","La Pampa","30","9.376"
"2025","3","La Pampa","35","1"
"2025","3","La Pampa","40","6.595"
"2025","3","La Pampa","50","23.973"
"2025","3","La Pampa","0,51","61"
"2025","3","La Pampa","60","89"
"2025","3","La Pampa","75","8"
"2025","3","La Pampa","80","3.556"
"2025","3","La Pampa","100","14.901"
"2025","3","La Pampa","120","3.049"
"2025","3","La Pampa","200","11"
"2025","3","La Pampa","240","2.674"
"2025","3","La Pampa","250","59"
"2025","3","La Pampa","300","2.413"
"2025","3","La Pampa","400","2.058"
"2025","3","La Pampa","500","533"
"2025","3","La Pampa","700","227"
"2025","3","La Pampa","1000","7"
"2025","3","La Pampa","226,5","3.201"
"2025","3","La Rioja","0","0"
"2025","3","La Rioja","1","325"
"2025","3","La Rioja","2","8"
"2025","3","La Rioja","3","222"
"2025","3","La Rioja","4","2"
"2025","3","La Rioja","0,5","9"
"2025","3","La Rioja","5","175"
"2025","3","La Rioja","6","354"
"2025","3","La Rioja","8","85"
"2025","3","La Rioja","10","617"
"2025","3","La Rioja","11","22"
"2025","3","La Rioja","12","15.346"
"2025","3","La Rioja","15","194"
"2025","3","La Rioja","20","8.958"
"2025","3","La Rioja","24","10"
"2025","3","La Rioja","30","4.500"
"2025","3","La Rioja","50","36.813"
"2025","3","La Rioja","0,51","9"
"2025","3","La Rioja","100","11.521"
"2025","3","La Rioja","200","137"
"2025","3","La Rioja","300","9.077"
"2025","3","La Rioja","500","333"
"2025","3","La Rioja","1000","45"
"2025","3","La Rioja","226,5","883"
"2025","3","Mendoza","0","5.641"
"2025","3","Mendoza","1","2.231"
"2025","3","Mendoza","2","3.055"
"2025","3","Mendoza","3","4.287"
"2025","3","Mendoza","4","1.825"
"2025","3","Mendoza","0,5","15"
"2025","3","Mendoza","5","980"
"2025","3","Mendoza","6","14.047"
"2025","3","Mendoza","7","18"
"2025","3","Mendoza","8","290"
"2025","3","Mendoza","9","1.224"
"2025","3","Mendoza","10","9.014"
"2025","3","Mendoza","11","6"
"2025","3","Mendoza","12","4.243"
"2025","3","Mendoza","14","1"
"2025","3","Mendoza","15","4.008"
"2025","3","Mendoza","1,5","1.348"
"2025","3","Mendoza","19","2"
"2025","3","Mendoza","20","6.567"
"2025","3","Mendoza","24","587"
"2025","3","Mendoza","25","613"
"2025","3","Mendoza","0,26","1"
"2025","3","Mendoza","30","6.474"
"2025","3","Mendoza","40","15"
"2025","3","Mendoza","45","125"
"2025","3","Mendoza","46","11"
"2025","3","Mendoza","50","84.560"
"2025","3","Mendoza","0,51","16"
"2025","3","Mendoza","70","1"
"2025","3","Mendoza","90","1"
"2025","3","Mendoza","100","63.510"
"2025","3","Mendoza","101","167"
"2025","3","Mendoza","120","2"
"2025","3","Mendoza","200","1.338"
"2025","3","Mendoza","300","107.071"
"2025","3","Mendoza","301","17"
"2025","3","Mendoza","302","318"
"2025","3","Mendoza","400","62"
"2025","3","Mendoza","500","1.451"
"2025","3","Mendoza","600","13.100"
"2025","3","Mendoza","700","93"
"2025","3","Mendoza","800","1.461"
"2025","3","Mendoza","940","6.472"
"2025","3","Mendoza","1000","87"
"2025","3","Mendoza","226,5","6.671"
"2025","3","Misiones","0","8.481"
"2025","3","Misiones","1","2.939"
"2025","3","Misiones","2","11.017"
"2025","3","Misiones","3","3.026"
"2025","3","Misiones","4","1.705"
"2025","3","Misiones","0,5","47"
"2025","3","Misiones","5","2.320"
"2025","3","Misiones","6","5.228"
"2025","3","Misiones","7","6.288"
"2025","3","Misiones","8","24"
"2025","3","Misiones","10","17.301"
"2025","3","Misiones","12","1"
"2025","3","Misiones","13","1"
"2025","3","Misiones","15","2.532"
"2025","3","Misiones","16","1"
"2025","3","Misiones","20","7.953"
"2025","3","Misiones","25","214"
"2025","3","Misiones","30","4.448"
"2025","3","Misiones","40","118"
"2025","3","Misiones","45","28"
"2025","3","Misiones","50","32.999"
"2025","3","Misiones","0,51","4"
"2025","3","Misiones","60","66"
"2025","3","Misiones","70","1"
"2025","3","Misiones","75","7"
"2025","3","Misiones","80","3"
"2025","3","Misiones","100","46.510"
"2025","3","Misiones","120","509"
"2025","3","Misiones","150","1.065"
"2025","3","Misiones","200","7.259"
"2025","3","Misiones","250","218"
"2025","3","Misiones","300","42.078"
"2025","3","Misiones","350","14"
"2025","3","Misiones","500","1.044"
"2025","3","Misiones","600","2.500"
"2025","3","Misiones","1000","282"
"2025","3","Misiones","226,5","5.856"
"2025","3","Neuquén","0","2.348"
"2025","3","Neuquén","1","678"
"2025","3","Neuquén","2","1.629"
"2025","3","Neuquén","3","5.185"
"2025","3","Neuquén","4","1.286"
"2025","3","Neuquén","0,5","40"
"2025","3","Neuquén","5","5.787"
"2025","3","Neuquén","6","8.474"
"2025","3","Neuquén","7","246"
"2025","3","Neuquén","8","1.918"
"2025","3","Neuquén","9","4"
"2025","3","Neuquén","10","7.146"
"2025","3","Neuquén","12","3.547"
"2025","3","Neuquén","14","4"
"2025","3","Neuquén","15","2.158"
"2025","3","Neuquén","20","2.820"
"2025","3","Neuquén","25","40"
"2025","3","Neuquén","30","1.245"
"2025","3","Neuquén","3,5","6.936"
"2025","3","Neuquén","40","66"
"2025","3","Neuquén","45","3"
"2025","3","Neuquén","50","7.646"
"2025","3","Neuquén","0,51","72"
"2025","3","Neuquén","60","7"
"2025","3","Neuquén","100","35.727"
"2025","3","Neuquén","101","296"
"2025","3","Neuquén","150","2"
"2025","3","Neuquén","200","70"
"2025","3","Neuquén","250","1"
"2025","3","Neuquén","300","60.802"
"2025","3","Neuquén","301","16"
"2025","3","Neuquén","302","592"
"2025","3","Neuquén","400","23"
"2025","3","Neuquén","500","4.454"
"2025","3","Neuquén","600","4.577"
"2025","3","Neuquén","700","30"
"2025","3","Neuquén","800","7.270"
"2025","3","Neuquén","940","3.384"
"2025","3","Neuquén","1000","2.221"
"2025","3","Neuquén","226,5","21.394"
"2025","3","Río Negro","0","14.512"
"2025","3","Río Negro","1","639"
"2025","3","Río Negro","2","709"
"2025","3","Río Negro","3","5.889"
"2025","3","Río Negro","4","1.098"
"2025","3","Río Negro","5","2.039"
"2025","3","Río Negro","0,5","19"
"2025","3","Río Negro","6","7.878"
"2025","3","Río Negro","7","157"
"2025","3","Río Negro","8","1.919"
"2025","3","Río Negro","9","7"
"2025","3","Río Negro","10","8.955"
"2025","3","Río Negro","11","18"
"2025","3","Río Negro","12","590"
"2025","3","Río Negro","14","63"
"2025","3","Río Negro","15","3.987"
"2025","3","Río Negro","16","2"
"2025","3","Río Negro","18","18"
"2025","3","Río Negro","20","6.984"
"2025","3","Río Negro","25","906"
"2025","3","Río Negro","30","2.644"
"2025","3","Río Negro","32","32"
"2025","3","Río Negro","3,5","1"
"2025","3","Río Negro","40","31"
"2025","3","Río Negro","45","5"
"2025","3","Río Negro","50","29.294"
"2025","3","Río Negro","0,51","75"
"2025","3","Río Negro","60","172"
"2025","3","Río Negro","75","369"
"2025","3","Río Negro","80","110"
"2025","3","Río Negro","100","29.164"
"2025","3","Río Negro","101","77"
"2025","3","Río Negro","120","80"
"2025","3","Río Negro","122","34"
"2025","3","Río Negro","150","1"
"2025","3","Río Negro","180","10.919"
"2025","3","Río Negro","200","1.204"
"2025","3","Río Negro","300","38.775"
"2025","3","Río Negro","301","2"
"2025","3","Río Negro","302","64"
"2025","3","Río Negro","330","677"
"2025","3","Río Negro","400","39"
"2025","3","Río Negro","500","1.231"
"2025","3","Río Negro","520","40"
"2025","3","Río Negro","540","265"
"2025","3","Río Negro","600","2.191"
"2025","3","Río Negro","700","18"
"2025","3","Río Negro","800","373"
"2025","3","Río Negro","900","110"
"2025","3","Río Negro","940","1.161"
"2025","3","Río Negro","1000","321"
"2025","3","Río Negro","226,5","11.382"
"2025","3","Salta","0","6.541"
"2025","3","Salta","1","610"
"2025","3","Salta","2","1.537"
"2025","3","Salta","3","4.117"
"2025","3","Salta","4","8.036"
"2025","3","Salta","0,5","41"
"2025","3","Salta","5","5.343"
"2025","3","Salta","6","3.154"
"2025","3","Salta","7","326"
"2025","3","Salta","8","6.966"
"2025","3","Salta","10","6.797"
"2025","3","Salta","12","88"
"2025","3","Salta","15","4.724"
"2025","3","Salta","18","4"
"2025","3","Salta","20","706"
"2025","3","Salta","25","1"
"2025","3","Salta","27","1"
"2025","3","Salta","30","4.299"
"2025","3","Salta","50","24.180"
"2025","3","Salta","0,51","73"
"2025","3","Salta","100","57.217"
"2025","3","Salta","200","86"
"2025","3","Salta","300","49.862"
"2025","3","Salta","500","1.188"
"2025","3","Salta","600","2.375"
"2025","3","Salta","800","604"
"2025","3","Salta","999","1"
"2025","3","Salta","1000","480"
"2025","3","Salta","226,5","9.814"
"2025","3","San Juan","0","16.500"
"2025","3","San Juan","1","1.301"
"2025","3","San Juan","2","607"
"2025","3","San Juan","3","4.473"
"2025","3","San Juan","4","251"
"2025","3","San Juan","0,5","15"
"2025","3","San Juan","5","225"
"2025","3","San Juan","6","3.731"
"2025","3","San Juan","7","86"
"2025","3","San Juan","8","56"
"2025","3","San Juan","9","3"
"2025","3","San Juan","10","3.495"
"2025","3","San Juan","12","563"
"2025","3","San Juan","14","1"
"2025","3","San Juan","15","814"
"2025","3","San Juan","20","1.113"
"2025","3","San Juan","24","125"
"2025","3","San Juan","25","338"
"2025","3","San Juan","30","377"
"2025","3","San Juan","45","26"
"2025","3","San Juan","46","2"
"2025","3","San Juan","50","14.622"
"2025","3","San Juan","0,51","3"
"2025","3","San Juan","60","1"
"2025","3","San Juan","100","16.149"
"2025","3","San Juan","101","139"
"2025","3","San Juan","200","127"
"2025","3","San Juan","300","53.029"
"2025","3","San Juan","301","15"
"2025","3","San Juan","302","267"
"2025","3","San Juan","400","46"
"2025","3","San Juan","500","611"
"2025","3","San Juan","600","7.266"
"2025","3","San Juan","700","69"
"2025","3","San Juan","800","827"
"2025","3","San Juan","940","2.975"
"2025","3","San Juan","226,5","2.380"
"2025","3","San Luis","0","15.446"
"2025","3","San Luis","1","491"
"2025","3","San Luis","2","491"
"2025","3","San Luis","3","2.806"
"2025","3","San Luis","5","244"
"2025","3","San Luis","0,5","57"
"2025","3","San Luis","6","6.274"
"2025","3","San Luis","7","1"
"2025","3","San Luis","8","825"
"2025","3","San Luis","9","2"
"2025","3","San Luis","10","21.256"
"2025","3","San Luis","12","549"
"2025","3","San Luis","15","250"
"2025","3","San Luis","20","1.402"
"2025","3","San Luis","25","66.321"
"2025","3","San Luis","30","134"
"2025","3","San Luis","40","35"
"2025","3","San Luis","50","7.499"
"2025","3","San Luis","0,51","1"
"2025","3","San Luis","100","11.531"
"2025","3","San Luis","200","17"
"2025","3","San Luis","300","17.083"
"2025","3","San Luis","400","15"
"2025","3","San Luis","500","67"
"2025","3","San Luis","600","3.187"
"2025","3","San Luis","700","2"
"2025","3","San Luis","800","33"
"2025","3","San Luis","940","2.128"
"2025","3","San Luis","999","1"
"2025","3","San Luis","1000","23.384"
"2025","3","San Luis","226,5","5.482"
"2025","3","Santa Cruz","0","35.835"
"2025","3","Santa Cruz","1","268"
"2025","3","Santa Cruz","2","723"
"2025","3","Santa Cruz","3","514"
"2025","3","Santa Cruz","4","488"
"2025","3","Santa Cruz","0,5","24"
"2025","3","Santa Cruz","5","698"
"2025","3","Santa Cruz","6","2.386"
"2025","3","Santa Cruz","8","8"
"2025","3","Santa Cruz","9","5"
"2025","3","Santa Cruz","10","6.046"
"2025","3","Santa Cruz","12","3"
"2025","3","Santa Cruz","14","1"
"2025","3","Santa Cruz","15","3.859"
"2025","3","Santa Cruz","20","4.354"
"2025","3","Santa Cruz","24","5"
"2025","3","Santa Cruz","25","1.454"
"2025","3","Santa Cruz","0,26","3"
"2025","3","Santa Cruz","30","3.031"
"2025","3","Santa Cruz","35","1"
"2025","3","Santa Cruz","40","3"
"2025","3","Santa Cruz","50","9.850"
"2025","3","Santa Cruz","0,51","20"
"2025","3","Santa Cruz","75","6.382"
"2025","3","Santa Cruz","100","2.070"
"2025","3","Santa Cruz","150","1.306"
"2025","3","Santa Cruz","200","88"
"2025","3","Santa Cruz","300","11"
"2025","3","Santa Cruz","350","128"
"2025","3","Santa Cruz","500","150"
"2025","3","Santa Cruz","600","3"
"2025","3","Santa Cruz","940","3"
"2025","3","Santa Cruz","226,5","5.384"
"2025","3","Santa Fe","0","30.547"
"2025","3","Santa Fe","1","4.583"
"2025","3","Santa Fe","2","6.150"
"2025","3","Santa Fe","3","19.599"
"2025","3","Santa Fe","4","5.325"
"2025","3","Santa Fe","0,5","320"
"2025","3","Santa Fe","5","15.759"
"2025","3","Santa Fe","6","16.281"
"2025","3","Santa Fe","7","3.800"
"2025","3","Santa Fe","8","10.343"
"2025","3","Santa Fe","9","777"
"2025","3","Santa Fe","10","44.998"
"2025","3","Santa Fe","12","1.274"
"2025","3","Santa Fe","13","69"
"2025","3","Santa Fe","15","13.681"
"2025","3","Santa Fe","16","21"
"2025","3","Santa Fe","18","8"
"2025","3","Santa Fe","20","29.858"
"2025","3","Santa Fe","24","39"
"2025","3","Santa Fe","2,5","283"
"2025","3","Santa Fe","25","13.006"
"2025","3","Santa Fe","0,26","32"
"2025","3","Santa Fe","29","1"
"2025","3","Santa Fe","30","12.905"
"2025","3","Santa Fe","3,5","55"
"2025","3","Santa Fe","35","1.974"
"2025","3","Santa Fe","36","18"
"2025","3","Santa Fe","40","2.091"
"2025","3","Santa Fe","50","164.804"
"2025","3","Santa Fe","0,51","101"
"2025","3","Santa Fe","51","4"
"2025","3","Santa Fe","60","255"
"2025","3","Santa Fe","70","141"
"2025","3","Santa Fe","75","37"
"2025","3","Santa Fe","80","8.813"
"2025","3","Santa Fe","90","1"
"2025","3","Santa Fe","95","1"
"2025","3","Santa Fe","98","30"
"2025","3","Santa Fe","100","253.322"
"2025","3","Santa Fe","120","1.135"
"2025","3","Santa Fe","140","1"
"2025","3","Santa Fe","150","3.330"
"2025","3","Santa Fe","200","10.467"
"2025","3","Santa Fe","250","530"
"2025","3","Santa Fe","300","225.482"
"2025","3","Santa Fe","400","1.423"
"2025","3","Santa Fe","450","1"
"2025","3","Santa Fe","500","7.614"
"2025","3","Santa Fe","600","7.076"
"2025","3","Santa Fe","700","1"
"2025","3","Santa Fe","800","2.025"
"2025","3","Santa Fe","999","3"
"2025","3","Santa Fe","1000","1.861"
"2025","3","Santa Fe","1600","36"
"2025","3","Santa Fe","226,5","10.279"
"2025","3","Santiago Del Estero","0","2.859"
"2025","3","Santiago Del Estero","1","89"
"2025","3","Santiago Del Estero","2","380"
"2025","3","Santiago Del Estero","3","4.719"
"2025","3","Santiago Del Estero","4","1.220"
"2025","3","Santiago Del Estero","0,5","39"
"2025","3","Santiago Del Estero","5","403"
"2025","3","Santiago Del Estero","6","903"
"2025","3","Santiago Del Estero","7","352"
"2025","3","Santiago Del Estero","8","113"
"2025","3","Santiago Del Estero","10","3.449"
"2025","3","Santiago Del Estero","12","16"
"2025","3","Santiago Del Estero","1,5","307"
"2025","3","Santiago Del Estero","15","149"
"2025","3","Santiago Del Estero","20","9.311"
"2025","3","Santiago Del Estero","25","21"
"2025","3","Santiago Del Estero","30","3.770"
"2025","3","Santiago Del Estero","40","49"
"2025","3","Santiago Del Estero","50","28.116"
"2025","3","Santiago Del Estero","0,51","139"
"2025","3","Santiago Del Estero","60","1"
"2025","3","Santiago Del Estero","0,75","908"
"2025","3","Santiago Del Estero","100","41.270"
"2025","3","Santiago Del Estero","150","2"
"2025","3","Santiago Del Estero","300","18.095"
"2025","3","Santiago Del Estero","500","498"
"2025","3","Santiago Del Estero","600","507"
"2025","3","Santiago Del Estero","1000","95"
"2025","3","Santiago Del Estero","226,5","5.097"
"2025","3","Tierra Del Fuego","0","9.334"
"2025","3","Tierra Del Fuego","1","583"
"2025","3","Tierra Del Fuego","2","1"
"2025","3","Tierra Del Fuego","3","204"
"2025","3","Tierra Del Fuego","4","76"
"2025","3","Tierra Del Fuego","0,5","6"
"2025","3","Tierra Del Fuego","5","242"
"2025","3","Tierra Del Fuego","6","2.748"
"2025","3","Tierra Del Fuego","8","591"
"2025","3","Tierra Del Fuego","9","2"
"2025","3","Tierra Del Fuego","10","641"
"2025","3","Tierra Del Fuego","12","257"
"2025","3","Tierra Del Fuego","14","2"
"2025","3","Tierra Del Fuego","15","2.135"
"2025","3","Tierra Del Fuego","18","811"
"2025","3","Tierra Del Fuego","20","8.294"
"2025","3","Tierra Del Fuego","24","2.299"
"2025","3","Tierra Del Fuego","25","16.154"
"2025","3","Tierra Del Fuego","30","189"
"2025","3","Tierra Del Fuego","35","488"
"2025","3","Tierra Del Fuego","40","214"
"2025","3","Tierra Del Fuego","45","1"
"2025","3","Tierra Del Fuego","49","412"
"2025","3","Tierra Del Fuego","50","5.387"
"2025","3","Tierra Del Fuego","0,51","11"
"2025","3","Tierra Del Fuego","60","129"
"2025","3","Tierra Del Fuego","70","4"
"2025","3","Tierra Del Fuego","100","940"
"2025","3","Tierra Del Fuego","101","1"
"2025","3","Tierra Del Fuego","120","3"
"2025","3","Tierra Del Fuego","150","30"
"2025","3","Tierra Del Fuego","200","9"
"2025","3","Tierra Del Fuego","300","1.001"
"2025","3","Tierra Del Fuego","500","3"
"2025","3","Tierra Del Fuego","1000","29"
"2025","3","Tierra Del Fuego","226,5","6.727"
"2025","3","Tucumán","0","168"
"2025","3","Tucumán","1","297"
"2025","3","Tucumán","2","116"
"2025","3","Tucumán","3","2.485"
"2025","3","Tucumán","4","44"
"2025","3","Tucumán","0,5","16"
"2025","3","Tucumán","5","775"
"2025","3","Tucumán","6","2.831"
"2025","3","Tucumán","7","143"
"2025","3","Tucumán","8","145"
"2025","3","Tucumán","9","1"
"2025","3","Tucumán","10","12.363"
"2025","3","Tucumán","12","12.890"
"2025","3","Tucumán","13","2"
"2025","3","Tucumán","15","481"
"2025","3","Tucumán","20","4.873"
"2025","3","Tucumán","24","401"
"2025","3","Tucumán","25","35"
"2025","3","Tucumán","26","1"
"2025","3","Tucumán","30","1.965"
"2025","3","Tucumán","3,5","2.271"
"2025","3","Tucumán","35","2"
"2025","3","Tucumán","40","74"
"2025","3","Tucumán","50","68.220"
"2025","3","Tucumán","0,51","20"
"2025","3","Tucumán","60","1"
"2025","3","Tucumán","70","29"
"2025","3","Tucumán","100","80.380"
"2025","3","Tucumán","164","1"
"2025","3","Tucumán","300","76.385"
"2025","3","Tucumán","500","2.070"
"2025","3","Tucumán","600","3.538"
"2025","3","Tucumán","1000","312"
"2025","3","Tucumán","226,5","5.616"
"2025","2","Buenos Aires","0","72.041"
"2025","2","Buenos Aires","1","20.173"
"2025","2","Buenos Aires","2","18.586"
"2025","2","Buenos Aires","3","43.038"
"2025","2","Buenos Aires","4","12.109"
"2025","2","Buenos Aires","5","20.799"
"2025","2","Buenos Aires","0,5","272"
"2025","2","Buenos Aires","6","68.723"
"2025","2","Buenos Aires","7","9.612"
"2025","2","Buenos Aires","8","19.476"
"2025","2","Buenos Aires","9","853"
"2025","2","Buenos Aires","10","97.847"
"2025","2","Buenos Aires","11","647"
"2025","2","Buenos Aires","12","20.304"
"2025","2","Buenos Aires","13","228"
"2025","2","Buenos Aires","14","208"
"2025","2","Buenos Aires","15","59.819"
"2025","2","Buenos Aires","1,5","141"
"2025","2","Buenos Aires","16","155"
"2025","2","Buenos Aires","18","1.145"
"2025","2","Buenos Aires","19","5"
"2025","2","Buenos Aires","20","133.088"
"2025","2","Buenos Aires","21","1"
"2025","2","Buenos Aires","22","1"
"2025","2","Buenos Aires","23","20"
"2025","2","Buenos Aires","24","591"
"2025","2","Buenos Aires","25","40.561"
"2025","2","Buenos Aires","2,5","21"
"2025","2","Buenos Aires","26","112"
"2025","2","Buenos Aires","0,26","17"
"2025","2","Buenos Aires","30","82.254"
"2025","2","Buenos Aires","31","3.256"
"2025","2","Buenos Aires","32","16"
"2025","2","Buenos Aires","35","2.907"
"2025","2","Buenos Aires","3,5","2.538"
"2025","2","Buenos Aires","36","9"
"2025","2","Buenos Aires","40","5.535"
"2025","2","Buenos Aires","41","9"
"2025","2","Buenos Aires","45","578"
"2025","2","Buenos Aires","46","1.830"
"2025","2","Buenos Aires","48","751"
"2025","2","Buenos Aires","49","1"
"2025","2","Buenos Aires","50","443.662"
"2025","2","Buenos Aires","0,51","168"
"2025","2","Buenos Aires","55","471"
"2025","2","Buenos Aires","59","59"
"2025","2","Buenos Aires","60","6.700"
"2025","2","Buenos Aires","61","78"
"2025","2","Buenos Aires","65","1"
"2025","2","Buenos Aires","70","8.952"
"2025","2","Buenos Aires","75","1.675"
"2025","2","Buenos Aires","0,75","39"
"2025","2","Buenos Aires","80","11.149"
"2025","2","Buenos Aires","85","16"
"2025","2","Buenos Aires","99","36.846"
"2025","2","Buenos Aires","100","1.009.620"
"2025","2","Buenos Aires","101","9.603"
"2025","2","Buenos Aires","105","10"
"2025","2","Buenos Aires","120","611"
"2025","2","Buenos Aires","125","2"
"2025","2","Buenos Aires","150","22.145"
"2025","2","Buenos Aires","160","1.665"
"2025","2","Buenos Aires","200","17.524"
"2025","2","Buenos Aires","205","3"
"2025","2","Buenos Aires","212","1"
"2025","2","Buenos Aires","240","948"
"2025","2","Buenos Aires","246","48"
"2025","2","Buenos Aires","250","362"
"2025","2","Buenos Aires","256","15"
"2025","2","Buenos Aires","300","1.551.852"
"2025","2","Buenos Aires","301","309"
"2025","2","Buenos Aires","302","15.476"
"2025","2","Buenos Aires","320","28"
"2025","2","Buenos Aires","400","2.874"
"2025","2","Buenos Aires","480","5"
"2025","2","Buenos Aires","499","988.572"
"2025","2","Buenos Aires","500","67.762"
"2025","2","Buenos Aires","512","663"
"2025","2","Buenos Aires","600","130.565"
"2025","2","Buenos Aires","700","787"
"2025","2","Buenos Aires","800","15.638"
"2025","2","Buenos Aires","940","64.115"
"2025","2","Buenos Aires","999","51.996"
"2025","2","Buenos Aires","1000","116.674"
"2025","2","Buenos Aires","226,5","40.157"
"2025","2","Buenos Aires","2400","107"
"2025","2","CABA","0","3.072"
"2025","2","CABA","1","2.512"
"2025","2","CABA","2","231"
"2025","2","CABA","3","2.110"
"2025","2","CABA","4","987"
"2025","2","CABA","5","1.770"
"2025","2","CABA","0,5","6"
"2025","2","CABA","6","5.358"
"2025","2","CABA","7","11"
"2025","2","CABA","8","193"
"2025","2","CABA","9","30"
"2025","2","CABA","10","14.605"
"2025","2","CABA","11","5"
"2025","2","CABA","12","94"
"2025","2","CABA","14","24"
"2025","2","CABA","15","6.101"
"2025","2","CABA","16","5"
"2025","2","CABA","19","22"
"2025","2","CABA","20","7.340"
"2025","2","CABA","21","1"
"2025","2","CABA","25","46"
"2025","2","CABA","0,26","31"
"2025","2","CABA","30","5.134"
"2025","2","CABA","35","29"
"2025","2","CABA","3,5","45"
"2025","2","CABA","40","228"
"2025","2","CABA","45","10"
"2025","2","CABA","46","211"
"2025","2","CABA","50","49.851"
"2025","2","CABA","0,51","35"
"2025","2","CABA","55","1"
"2025","2","CABA","60","44"
"2025","2","CABA","66","1"
"2025","2","CABA","70","3"
"2025","2","CABA","75","1"
"2025","2","CABA","80","7"
"2025","2","CABA","99","16.859"
"2025","2","CABA","100","338.604"
"2025","2","CABA","101","1.096"
"2025","2","CABA","110","1"
"2025","2","CABA","120","35"
"2025","2","CABA","125","3"
"2025","2","CABA","150","6.348"
"2025","2","CABA","160","5"
"2025","2","CABA","200","3.503"
"2025","2","CABA","220","1"
"2025","2","CABA","225","1"
"2025","2","CABA","250","1.447"
"2025","2","CABA","275","1"
"2025","2","CABA","300","554.005"
"2025","2","CABA","301","24"
"2025","2","CABA","302","1.309"
"2025","2","CABA","325","2"
"2025","2","CABA","400","61"
"2025","2","CABA","499","299.786"
"2025","2","CABA","500","57.868"
"2025","2","CABA","600","9.405"
"2025","2","CABA","700","85"
"2025","2","CABA","800","1.503"
"2025","2","CABA","940","7.720"
"2025","2","CABA","999","14.679"
"2025","2","CABA","1000","64.929"
"2025","2","CABA","226,5","2.278"
"2025","2","Catamarca","0","66"
"2025","2","Catamarca","1","114"
"2025","2","Catamarca","2","115"
"2025","2","Catamarca","3","1.474"
"2025","2","Catamarca","5","321"
"2025","2","Catamarca","0,5","34"
"2025","2","Catamarca","6","411"
"2025","2","Catamarca","10","2.477"
"2025","2","Catamarca","12","6"
"2025","2","Catamarca","15","1.803"
"2025","2","Catamarca","20","1.491"
"2025","2","Catamarca","24","1.649"
"2025","2","Catamarca","25","47"
"2025","2","Catamarca","30","844"
"2025","2","Catamarca","50","26.453"
"2025","2","Catamarca","0,51","37"
"2025","2","Catamarca","100","21.517"
"2025","2","Catamarca","200","42"
"2025","2","Catamarca","300","16.148"
"2025","2","Catamarca","500","287"
"2025","2","Catamarca","600","1.632"
"2025","2","Catamarca","1000","42"
"2025","2","Catamarca","226,5","5.017"
"2025","2","Chaco","0","5.119"
"2025","2","Chaco","1","207"
"2025","2","Chaco","2","776"
"2025","2","Chaco","3","2.648"
"2025","2","Chaco","4","493"
"2025","2","Chaco","5","3.802"
"2025","2","Chaco","0,5","234"
"2025","2","Chaco","6","3.195"
"2025","2","Chaco","7","152"
"2025","2","Chaco","8","220"
"2025","2","Chaco","9","1"
"2025","2","Chaco","10","6.649"
"2025","2","Chaco","12","77"
"2025","2","Chaco","15","1.462"
"2025","2","Chaco","20","836"
"2025","2","Chaco","25","3.543"
"2025","2","Chaco","30","7.005"
"2025","2","Chaco","35","2"
"2025","2","Chaco","3,5","165"
"2025","2","Chaco","40","284"
"2025","2","Chaco","48","1.924"
"2025","2","Chaco","50","30.336"
"2025","2","Chaco","0,51","2"
"2025","2","Chaco","60","2.912"
"2025","2","Chaco","70","39"
"2025","2","Chaco","100","55.963"
"2025","2","Chaco","120","617"
"2025","2","Chaco","150","3"
"2025","2","Chaco","200","1.519"
"2025","2","Chaco","250","234"
"2025","2","Chaco","300","33.096"
"2025","2","Chaco","500","1.239"
"2025","2","Chaco","600","1.281"
"2025","2","Chaco","1000","177"
"2025","2","Chaco","226,5","4.939"
"2025","2","Chubut","0","6.162"
"2025","2","Chubut","1","287"
"2025","2","Chubut","2","1.842"
"2025","2","Chubut","3","5.806"
"2025","2","Chubut","4","6.135"
"2025","2","Chubut","5","79"
"2025","2","Chubut","0,5","64"
"2025","2","Chubut","6","16.679"
"2025","2","Chubut","7","76"
"2025","2","Chubut","8","1.391"
"2025","2","Chubut","9","12"
"2025","2","Chubut","10","7.802"
"2025","2","Chubut","11","1"
"2025","2","Chubut","12","2.057"
"2025","2","Chubut","14","61"
"2025","2","Chubut","15","4.792"
"2025","2","Chubut","16","141"
"2025","2","Chubut","20","4.653"
"2025","2","Chubut","24","1.158"
"2025","2","Chubut","25","6.488"
"2025","2","Chubut","0,26","8"
"2025","2","Chubut","30","6.651"
"2025","2","Chubut","3,5","68"
"2025","2","Chubut","40","3"
"2025","2","Chubut","45","3"
"2025","2","Chubut","50","40.936"
"2025","2","Chubut","0,51","32"
"2025","2","Chubut","80","218"
"2025","2","Chubut","100","7.599"
"2025","2","Chubut","101","15"
"2025","2","Chubut","200","36"
"2025","2","Chubut","300","27.615"
"2025","2","Chubut","301","2"
"2025","2","Chubut","302","13"
"2025","2","Chubut","400","16"
"2025","2","Chubut","500","739"
"2025","2","Chubut","600","3.837"
"2025","2","Chubut","700","202"
"2025","2","Chubut","800","480"
"2025","2","Chubut","940","2.785"
"2025","2","Chubut","999","1"
"2025","2","Chubut","1000","1"
"2025","2","Chubut","226,5","10.152"
"2025","2","Córdoba","0","10.107"
"2025","2","Córdoba","1","6.415"
"2025","2","Córdoba","2","6.753"
"2025","2","Córdoba","3","18.423"
"2025","2","Córdoba","4","9.205"
"2025","2","Córdoba","5","6.482"
"2025","2","Córdoba","0,5","80"
"2025","2","Córdoba","6","46.007"
"2025","2","Córdoba","7","1.661"
"2025","2","Córdoba","8","9.363"
"2025","2","Córdoba","9","683"
"2025","2","Córdoba","10","51.354"
"2025","2","Córdoba","11","84"
"2025","2","Córdoba","12","11.441"
"2025","2","Córdoba","13","19"
"2025","2","Córdoba","14","9"
"2025","2","Córdoba","15","12.516"
"2025","2","Córdoba","1,5","7"
"2025","2","Córdoba","16","134"
"2025","2","Córdoba","18","618"
"2025","2","Córdoba","20","16.203"
"2025","2","Córdoba","22","600"
"2025","2","Córdoba","2,2","14"
"2025","2","Córdoba","24","2"
"2025","2","Córdoba","25","17.537"
"2025","2","Córdoba","2,5","192"
"2025","2","Córdoba","0,26","2"
"2025","2","Córdoba","30","9.037"
"2025","2","Córdoba","33","1"
"2025","2","Córdoba","3,3","2"
"2025","2","Córdoba","35","52"
"2025","2","Córdoba","3,5","4.659"
"2025","2","Córdoba","40","5.829"
"2025","2","Córdoba","45","4"
"2025","2","Córdoba","50","209.548"
"2025","2","Córdoba","0,51","10"
"2025","2","Córdoba","60","5.067"
"2025","2","Córdoba","6,4","2"
"2025","2","Córdoba","70","16"
"2025","2","Córdoba","75","105"
"2025","2","Córdoba","0,75","48"
"2025","2","Córdoba","80","497"
"2025","2","Córdoba","100","270.904"
"2025","2","Córdoba","10,1","21"
"2025","2","Córdoba","10,2","44"
"2025","2","Córdoba","120","698"
"2025","2","Córdoba","12,3","18"
"2025","2","Córdoba","140","1"
"2025","2","Córdoba","150","100"
"2025","2","Córdoba","200","15.626"
"2025","2","Córdoba","20,5","1"
"2025","2","Córdoba","225","1"
"2025","2","Córdoba","250","1"
"2025","2","Córdoba","25,1","594"
"2025","2","Córdoba","25,5","8"
"2025","2","Córdoba","300","329.824"
"2025","2","Córdoba","400","178"
"2025","2","Córdoba","500","16.444"
"2025","2","Córdoba","50,1","585"
"2025","2","Córdoba","512","21"
"2025","2","Córdoba","600","9.479"
"2025","2","Córdoba","700","3"
"2025","2","Córdoba","800","50"
"2025","2","Córdoba","850","1"
"2025","2","Córdoba","940","172"
"2025","2","Córdoba","1000","4.518"
"2025","2","Córdoba","100,1","3"
"2025","2","Córdoba","226,5","25.743"
"2025","2","Córdoba","300,5","2"
"2025","2","Córdoba","50,25","8"
"2025","2","Córdoba","100,25","20"
"2025","2","Corrientes","0","5.400"
"2025","2","Corrientes","1","1.916"
"2025","2","Corrientes","2","1.733"
"2025","2","Corrientes","3","3.165"
"2025","2","Corrientes","4","1.666"
"2025","2","Corrientes","5","2.944"
"2025","2","Corrientes","0,5","10"
"2025","2","Corrientes","6","4.576"
"2025","2","Corrientes","8","4.888"
"2025","2","Corrientes","10","6.836"
"2025","2","Corrientes","12","8"
"2025","2","Corrientes","15","759"
"2025","2","Corrientes","16","2.729"
"2025","2","Corrientes","20","1.398"
"2025","2","Corrientes","25","1.683"
"2025","2","Corrientes","30","831"
"2025","2","Corrientes","3,5","476"
"2025","2","Corrientes","40","4.625"
"2025","2","Corrientes","50","32.664"
"2025","2","Corrientes","0,51","57"
"2025","2","Corrientes","0,75","118"
"2025","2","Corrientes","100","38.018"
"2025","2","Corrientes","120","1.023"
"2025","2","Corrientes","200","3.091"
"2025","2","Corrientes","250","438"
"2025","2","Corrientes","300","40.919"
"2025","2","Corrientes","500","1.525"
"2025","2","Corrientes","600","171"
"2025","2","Corrientes","1000","463"
"2025","2","Corrientes","226,5","7.594"
"2025","2","Entre Ríos","0","18.532"
"2025","2","Entre Ríos","1","3.693"
"2025","2","Entre Ríos","2","4.306"
"2025","2","Entre Ríos","3","5.404"
"2025","2","Entre Ríos","4","2.228"
"2025","2","Entre Ríos","5","6.572"
"2025","2","Entre Ríos","0,5","18"
"2025","2","Entre Ríos","6","9.739"
"2025","2","Entre Ríos","7","883"
"2025","2","Entre Ríos","8","2.415"
"2025","2","Entre Ríos","10","33.095"
"2025","2","Entre Ríos","12","1.482"
"2025","2","Entre Ríos","15","5.503"
"2025","2","Entre Ríos","16","1"
"2025","2","Entre Ríos","20","9.702"
"2025","2","Entre Ríos","25","943"
"2025","2","Entre Ríos","0,26","1"
"2025","2","Entre Ríos","30","9.962"
"2025","2","Entre Ríos","3,5","384"
"2025","2","Entre Ríos","50","39.263"
"2025","2","Entre Ríos","0,51","86"
"2025","2","Entre Ríos","58","1"
"2025","2","Entre Ríos","0,75","108"
"2025","2","Entre Ríos","100","67.781"
"2025","2","Entre Ríos","120","575"
"2025","2","Entre Ríos","150","1"
"2025","2","Entre Ríos","181","38"
"2025","2","Entre Ríos","200","2.472"
"2025","2","Entre Ríos","250","150"
"2025","2","Entre Ríos","300","68.990"
"2025","2","Entre Ríos","400","1"
"2025","2","Entre Ríos","500","2.566"
"2025","2","Entre Ríos","1000","988"
"2025","2","Entre Ríos","1314","80"
"2025","2","Entre Ríos","1453","99"
"2025","2","Entre Ríos","2108","132"
"2025","2","Entre Ríos","2110","109"
"2025","2","Entre Ríos","226,5","9.428"
"2025","2","Formosa","0","281"
"2025","2","Formosa","1","97"
"2025","2","Formosa","2","1.348"
"2025","2","Formosa","3","10.195"
"2025","2","Formosa","4","3.296"
"2025","2","Formosa","5","1.714"
"2025","2","Formosa","0,5","49"
"2025","2","Formosa","6","4.453"
"2025","2","Formosa","7","108"
"2025","2","Formosa","8","161"
"2025","2","Formosa","10","9.942"
"2025","2","Formosa","12","40"
"2025","2","Formosa","15","238"
"2025","2","Formosa","20","2.229"
"2025","2","Formosa","25","8"
"2025","2","Formosa","30","531"
"2025","2","Formosa","35","3"
"2025","2","Formosa","40","50"
"2025","2","Formosa","50","1.358"
"2025","2","Formosa","0,51","35"
"2025","2","Formosa","80","50"
"2025","2","Formosa","100","11.792"
"2025","2","Formosa","200","2"
"2025","2","Formosa","300","16.257"
"2025","2","Formosa","400","2"
"2025","2","Formosa","500","419"
"2025","2","Formosa","1000","182"
"2025","2","Formosa","226,5","4.026"
"2025","2","Jujuy","0","1.441"
"2025","2","Jujuy","1","1.038"
"2025","2","Jujuy","2","1.634"
"2025","2","Jujuy","3","1.407"
"2025","2","Jujuy","4","2.887"
"2025","2","Jujuy","5","3.631"
"2025","2","Jujuy","0,5","26"
"2025","2","Jujuy","6","1.202"
"2025","2","Jujuy","7","10"
"2025","2","Jujuy","8","1.229"
"2025","2","Jujuy","10","11.584"
"2025","2","Jujuy","12","23.494"
"2025","2","Jujuy","15","504"
"2025","2","Jujuy","18","4"
"2025","2","Jujuy","20","3.428"
"2025","2","Jujuy","25","7"
"2025","2","Jujuy","30","1.140"
"2025","2","Jujuy","36","1"
"2025","2","Jujuy","50","46.749"
"2025","2","Jujuy","0,51","32"
"2025","2","Jujuy","75","1"
"2025","2","Jujuy","100","18.868"
"2025","2","Jujuy","165","1"
"2025","2","Jujuy","200","1"
"2025","2","Jujuy","300","10.120"
"2025","2","Jujuy","500","236"
"2025","2","Jujuy","512","200"
"2025","2","Jujuy","600","683"
"2025","2","Jujuy","1000","31"
"2025","2","Jujuy","226,5","2.338"
"2025","2","La Pampa","0","2.590"
"2025","2","La Pampa","1","418"
"2025","2","La Pampa","2","2.077"
"2025","2","La Pampa","3","5.075"
"2025","2","La Pampa","4","1.978"
"2025","2","La Pampa","5","2.157"
"2025","2","La Pampa","0,5","4"
"2025","2","La Pampa","6","25.167"
"2025","2","La Pampa","7","516"
"2025","2","La Pampa","8","141"
"2025","2","La Pampa","9","3"
"2025","2","La Pampa","10","7.633"
"2025","2","La Pampa","14","3"
"2025","2","La Pampa","15","3.678"
"2025","2","La Pampa","1,5","185"
"2025","2","La Pampa","20","4.728"
"2025","2","La Pampa","25","1.877"
"2025","2","La Pampa","0,26","1"
"2025","2","La Pampa","30","9.376"
"2025","2","La Pampa","35","1"
"2025","2","La Pampa","40","6.595"
"2025","2","La Pampa","50","23.973"
"2025","2","La Pampa","0,51","61"
"2025","2","La Pampa","60","89"
"2025","2","La Pampa","75","8"
"2025","2","La Pampa","80","3.556"
"2025","2","La Pampa","100","14.901"
"2025","2","La Pampa","120","3.049"
"2025","2","La Pampa","200","11"
"2025","2","La Pampa","240","2.674"
"2025","2","La Pampa","250","59"
"2025","2","La Pampa","300","2.413"
"2025","2","La Pampa","400","2.058"
"2025","2","La Pampa","500","533"
"2025","2","La Pampa","700","227"
"2025","2","La Pampa","1000","7"
"2025","2","La Pampa","226,5","3.201"
"2025","2","La Rioja","0","0"
"2025","2","La Rioja","1","325"
"2025","2","La Rioja","2","8"
"2025","2","La Rioja","3","222"
"2025","2","La Rioja","4","2"
"2025","2","La Rioja","5","175"
"2025","2","La Rioja","0,5","9"
"2025","2","La Rioja","6","354"
"2025","2","La Rioja","8","85"
"2025","2","La Rioja","10","617"
"2025","2","La Rioja","11","22"
"2025","2","La Rioja","12","15.346"
"2025","2","La Rioja","15","194"
"2025","2","La Rioja","20","8.958"
"2025","2","La Rioja","24","10"
"2025","2","La Rioja","30","4.500"
"2025","2","La Rioja","50","36.813"
"2025","2","La Rioja","0,51","9"
"2025","2","La Rioja","100","11.521"
"2025","2","La Rioja","200","137"
"2025","2","La Rioja","300","9.077"
"2025","2","La Rioja","500","333"
"2025","2","La Rioja","1000","45"
"2025","2","La Rioja","226,5","883"
"2025","2","Mendoza","0","5.641"
"2025","2","Mendoza","1","2.231"
"2025","2","Mendoza","2","3.055"
"2025","2","Mendoza","3","4.287"
"2025","2","Mendoza","4","1.825"
"2025","2","Mendoza","5","980"
"2025","2","Mendoza","0,5","15"
"2025","2","Mendoza","6","14.047"
"2025","2","Mendoza","7","18"
"2025","2","Mendoza","8","290"
"2025","2","Mendoza","9","1.224"
"2025","2","Mendoza","10","9.014"
"2025","2","Mendoza","11","6"
"2025","2","Mendoza","12","4.243"
"2025","2","Mendoza","14","1"
"2025","2","Mendoza","15","4.008"
"2025","2","Mendoza","1,5","1.348"
"2025","2","Mendoza","19","2"
"2025","2","Mendoza","20","6.567"
"2025","2","Mendoza","24","587"
"2025","2","Mendoza","25","613"
"2025","2","Mendoza","0,26","1"
"2025","2","Mendoza","30","6.474"
"2025","2","Mendoza","40","15"
"2025","2","Mendoza","45","125"
"2025","2","Mendoza","46","11"
"2025","2","Mendoza","50","84.560"
"2025","2","Mendoza","0,51","16"
"2025","2","Mendoza","70","1"
"2025","2","Mendoza","90","1"
"2025","2","Mendoza","100","63.510"
"2025","2","Mendoza","101","167"
"2025","2","Mendoza","120","2"
"2025","2","Mendoza","200","1.338"
"2025","2","Mendoza","300","107.071"
"2025","2","Mendoza","301","17"
"2025","2","Mendoza","302","318"
"2025","2","Mendoza","400","62"
"2025","2","Mendoza","500","1.451"
"2025","2","Mendoza","600","13.100"
"2025","2","Mendoza","700","93"
"2025","2","Mendoza","800","1.461"
"2025","2","Mendoza","940","6.472"
"2025","2","Mendoza","1000","87"
"2025","2","Mendoza","226,5","6.671"
"2025","2","Misiones","0","8.481"
"2025","2","Misiones","1","2.939"
"2025","2","Misiones","2","11.017"
"2025","2","Misiones","3","3.026"
"2025","2","Misiones","4","1.705"
"2025","2","Misiones","5","2.320"
"2025","2","Misiones","0,5","47"
"2025","2","Misiones","6","5.228"
"2025","2","Misiones","7","6.288"
"2025","2","Misiones","8","24"
"2025","2","Misiones","10","17.301"
"2025","2","Misiones","12","1"
"2025","2","Misiones","13","1"
"2025","2","Misiones","15","2.532"
"2025","2","Misiones","16","1"
"2025","2","Misiones","20","7.953"
"2025","2","Misiones","25","214"
"2025","2","Misiones","30","4.448"
"2025","2","Misiones","40","118"
"2025","2","Misiones","45","28"
"2025","2","Misiones","50","32.999"
"2025","2","Misiones","0,51","4"
"2025","2","Misiones","60","66"
"2025","2","Misiones","70","1"
"2025","2","Misiones","75","7"
"2025","2","Misiones","80","3"
"2025","2","Misiones","100","46.510"
"2025","2","Misiones","120","509"
"2025","2","Misiones","150","1.065"
"2025","2","Misiones","200","7.259"
"2025","2","Misiones","250","218"
"2025","2","Misiones","300","42.078"
"2025","2","Misiones","350","14"
"2025","2","Misiones","500","1.044"
"2025","2","Misiones","600","2.500"
"2025","2","Misiones","1000","282"
"2025","2","Misiones","226,5","5.856"
"2025","2","Neuquén","0","2.348"
"2025","2","Neuquén","1","678"
"2025","2","Neuquén","2","1.629"
"2025","2","Neuquén","3","5.185"
"2025","2","Neuquén","4","1.286"
"2025","2","Neuquén","5","5.787"
"2025","2","Neuquén","0,5","40"
"2025","2","Neuquén","6","8.474"
"2025","2","Neuquén","7","246"
"2025","2","Neuquén","8","1.918"
"2025","2","Neuquén","9","4"
"2025","2","Neuquén","10","7.146"
"2025","2","Neuquén","12","3.547"
"2025","2","Neuquén","14","4"
"2025","2","Neuquén","15","2.158"
"2025","2","Neuquén","20","2.820"
"2025","2","Neuquén","25","40"
"2025","2","Neuquén","30","1.245"
"2025","2","Neuquén","3,5","6.936"
"2025","2","Neuquén","40","66"
"2025","2","Neuquén","45","3"
"2025","2","Neuquén","50","7.646"
"2025","2","Neuquén","0,51","72"
"2025","2","Neuquén","60","7"
"2025","2","Neuquén","100","35.727"
"2025","2","Neuquén","101","296"
"2025","2","Neuquén","150","2"
"2025","2","Neuquén","200","70"
"2025","2","Neuquén","250","1"
"2025","2","Neuquén","300","60.802"
"2025","2","Neuquén","301","16"
"2025","2","Neuquén","302","592"
"2025","2","Neuquén","400","23"
"2025","2","Neuquén","500","4.454"
"2025","2","Neuquén","600","4.577"
"2025","2","Neuquén","700","30"
"2025","2","Neuquén","800","7.270"
"2025","2","Neuquén","940","3.384"
"2025","2","Neuquén","1000","2.221"
"2025","2","Neuquén","226,5","21.394"
"2025","2","Río Negro","0","14.512"
"2025","2","Río Negro","1","639"
"2025","2","Río Negro","2","709"
"2025","2","Río Negro","3","5.889"
"2025","2","Río Negro","4","1.098"
"2025","2","Río Negro","5","2.039"
"2025","2","Río Negro","0,5","19"
"2025","2","Río Negro","6","7.878"
"2025","2","Río Negro","7","157"
"2025","2","Río Negro","8","1.919"
"2025","2","Río Negro","9","7"
"2025","2","Río Negro","10","8.955"
"2025","2","Río Negro","11","18"
"2025","2","Río Negro","12","590"
"2025","2","Río Negro","14","63"
"2025","2","Río Negro","15","3.987"
"2025","2","Río Negro","16","2"
"2025","2","Río Negro","18","18"
"2025","2","Río Negro","20","6.984"
"2025","2","Río Negro","25","906"
"2025","2","Río Negro","30","2.644"
"2025","2","Río Negro","32","32"
"2025","2","Río Negro","3,5","1"
"2025","2","Río Negro","40","31"
"2025","2","Río Negro","45","5"
"2025","2","Río Negro","50","29.294"
"2025","2","Río Negro","0,51","75"
"2025","2","Río Negro","60","172"
"2025","2","Río Negro","75","369"
"2025","2","Río Negro","80","110"
"2025","2","Río Negro","100","29.164"
"2025","2","Río Negro","101","77"
"2025","2","Río Negro","120","80"
"2025","2","Río Negro","122","34"
"2025","2","Río Negro","150","1"
"2025","2","Río Negro","180","10.919"
"2025","2","Río Negro","200","1.204"
"2025","2","Río Negro","300","38.775"
"2025","2","Río Negro","301","2"
"2025","2","Río Negro","302","64"
"2025","2","Río Negro","330","677"
"2025","2","Río Negro","400","39"
"2025","2","Río Negro","500","1.231"
"2025","2","Río Negro","520","40"
"2025","2","Río Negro","540","265"
"2025","2","Río Negro","600","2.191"
"2025","2","Río Negro","700","18"
"2025","2","Río Negro","800","373"
"2025","2","Río Negro","900","110"
"2025","2","Río Negro","940","1.161"
"2025","2","Río Negro","1000","321"
"2025","2","Río Negro","226,5","11.382"
"2025","2","Salta","0","6.541"
"2025","2","Salta","1","610"
"2025","2","Salta","2","1.537"
"2025","2","Salta","3","4.117"
"2025","2","Salta","4","8.036"
"2025","2","Salta","5","5.343"
"2025","2","Salta","0,5","41"
"2025","2","Salta","6","3.154"
"2025","2","Salta","7","326"
"2025","2","Salta","8","6.966"
"2025","2","Salta","10","6.797"
"2025","2","Salta","12","88"
"2025","2","Salta","15","4.724"
"2025","2","Salta","18","4"
"2025","2","Salta","20","706"
"2025","2","Salta","25","1"
"2025","2","Salta","27","1"
"2025","2","Salta","30","4.299"
"2025","2","Salta","50","24.180"
"2025","2","Salta","0,51","73"
"2025","2","Salta","100","57.217"
"2025","2","Salta","200","86"
"2025","2","Salta","300","49.862"
"2025","2","Salta","500","1.188"
"2025","2","Salta","600","2.375"
"2025","2","Salta","800","604"
"2025","2","Salta","999","1"
"2025","2","Salta","1000","480"
"2025","2","Salta","226,5","9.814"
"2025","2","San Juan","0","16.500"
"2025","2","San Juan","1","1.301"
"2025","2","San Juan","2","607"
"2025","2","San Juan","3","4.473"
"2025","2","San Juan","4","251"
"2025","2","San Juan","5","225"
"2025","2","San Juan","0,5","15"
"2025","2","San Juan","6","3.731"
"2025","2","San Juan","7","86"
"2025","2","San Juan","8","56"
"2025","2","San Juan","9","3"
"2025","2","San Juan","10","3.495"
"2025","2","San Juan","12","563"
"2025","2","San Juan","14","1"
"2025","2","San Juan","15","814"
"2025","2","San Juan","20","1.113"
"2025","2","San Juan","24","125"
"2025","2","San Juan","25","338"
"2025","2","San Juan","30","377"
"2025","2","San Juan","45","26"
"2025","2","San Juan","46","2"
"2025","2","San Juan","50","14.622"
"2025","2","San Juan","0,51","3"
"2025","2","San Juan","60","1"
"2025","2","San Juan","100","16.149"
"2025","2","San Juan","101","139"
"2025","2","San Juan","200","127"
"2025","2","San Juan","300","53.029"
"2025","2","San Juan","301","15"
"2025","2","San Juan","302","267"
"2025","2","San Juan","400","46"
"2025","2","San Juan","500","611"
"2025","2","San Juan","600","7.266"
"2025","2","San Juan","700","69"
"2025","2","San Juan","800","827"
"2025","2","San Juan","940","2.975"
"2025","2","San Juan","226,5","2.380"
"2025","2","San Luis","0","15.446"
"2025","2","San Luis","1","491"
"2025","2","San Luis","2","491"
"2025","2","San Luis","3","2.806"
"2025","2","San Luis","5","244"
"2025","2","San Luis","0,5","57"
"2025","2","San Luis","6","6.274"
"2025","2","San Luis","7","1"
"2025","2","San Luis","8","825"
"2025","2","San Luis","9","2"
"2025","2","San Luis","10","21.256"
"2025","2","San Luis","12","549"
"2025","2","San Luis","15","250"
"2025","2","San Luis","20","1.402"
"2025","2","San Luis","25","66.321"
"2025","2","San Luis","30","134"
"2025","2","San Luis","40","35"
"2025","2","San Luis","50","7.499"
"2025","2","San Luis","0,51","1"
"2025","2","San Luis","100","11.531"
"2025","2","San Luis","200","17"
"2025","2","San Luis","300","17.083"
"2025","2","San Luis","400","15"
"2025","2","San Luis","500","67"
"2025","2","San Luis","600","3.187"
"2025","2","San Luis","700","2"
"2025","2","San Luis","800","33"
"2025","2","San Luis","940","2.128"
"2025","2","San Luis","999","1"
"2025","2","San Luis","1000","23.384"
"2025","2","San Luis","226,5","5.482"
"2025","2","Santa Cruz","0","35.835"
"2025","2","Santa Cruz","1","268"
"2025","2","Santa Cruz","2","723"
"2025","2","Santa Cruz","3","514"
"2025","2","Santa Cruz","4","488"
"2025","2","Santa Cruz","5","698"
"2025","2","Santa Cruz","0,5","24"
"2025","2","Santa Cruz","6","2.386"
"2025","2","Santa Cruz","8","8"
"2025","2","Santa Cruz","9","5"
"2025","2","Santa Cruz","10","6.046"
"2025","2","Santa Cruz","12","3"
"2025","2","Santa Cruz","14","1"
"2025","2","Santa Cruz","15","3.859"
"2025","2","Santa Cruz","20","4.354"
"2025","2","Santa Cruz","24","5"
"2025","2","Santa Cruz","25","1.454"
"2025","2","Santa Cruz","0,26","3"
"2025","2","Santa Cruz","30","3.031"
"2025","2","Santa Cruz","35","1"
"2025","2","Santa Cruz","40","3"
"2025","2","Santa Cruz","50","9.850"
"2025","2","Santa Cruz","0,51","20"
"2025","2","Santa Cruz","75","6.382"
"2025","2","Santa Cruz","100","2.070"
"2025","2","Santa Cruz","150","1.306"
"2025","2","Santa Cruz","200","88"
"2025","2","Santa Cruz","300","11"
"2025","2","Santa Cruz","350","128"
"2025","2","Santa Cruz","500","150"
"2025","2","Santa Cruz","600","3"
"2025","2","Santa Cruz","940","3"
"2025","2","Santa Cruz","226,5","5.384"
"2025","2","Santa Fe","0","30.547"
"2025","2","Santa Fe","1","4.583"
"2025","2","Santa Fe","2","6.150"
"2025","2","Santa Fe","3","19.599"
"2025","2","Santa Fe","4","5.325"
"2025","2","Santa Fe","5","15.759"
"2025","2","Santa Fe","0,5","320"
"2025","2","Santa Fe","6","16.281"
"2025","2","Santa Fe","7","3.800"
"2025","2","Santa Fe","8","10.343"
"2025","2","Santa Fe","9","777"
"2025","2","Santa Fe","10","44.998"
"2025","2","Santa Fe","12","1.274"
"2025","2","Santa Fe","13","69"
"2025","2","Santa Fe","15","13.681"
"2025","2","Santa Fe","16","21"
"2025","2","Santa Fe","18","8"
"2025","2","Santa Fe","20","29.858"
"2025","2","Santa Fe","24","39"
"2025","2","Santa Fe","25","13.006"
"2025","2","Santa Fe","2,5","283"
"2025","2","Santa Fe","0,26","32"
"2025","2","Santa Fe","29","1"
"2025","2","Santa Fe","30","12.905"
"2025","2","Santa Fe","35","1.974"
"2025","2","Santa Fe","3,5","55"
"2025","2","Santa Fe","36","18"
"2025","2","Santa Fe","40","2.091"
"2025","2","Santa Fe","50","164.804"
"2025","2","Santa Fe","51","4"
"2025","2","Santa Fe","0,51","101"
"2025","2","Santa Fe","60","255"
"2025","2","Santa Fe","70","141"
"2025","2","Santa Fe","75","37"
"2025","2","Santa Fe","80","8.813"
"2025","2","Santa Fe","90","1"
"2025","2","Santa Fe","95","1"
"2025","2","Santa Fe","98","30"
"2025","2","Santa Fe","100","253.322"
"2025","2","Santa Fe","120","1.135"
"2025","2","Santa Fe","140","1"
"2025","2","Santa Fe","150","3.330"
"2025","2","Santa Fe","200","10.467"
"2025","2","Santa Fe","250","530"
"2025","2","Santa Fe","300","225.482"
"2025","2","Santa Fe","400","1.423"
"2025","2","Santa Fe","450","1"
"2025","2","Santa Fe","500","7.614"
"2025","2","Santa Fe","600","7.076"
"2025","2","Santa Fe","700","1"
"2025","2","Santa Fe","800","2.025"
"2025","2","Santa Fe","999","3"
"2025","2","Santa Fe","1000","1.861"
"2025","2","Santa Fe","1600","36"
"2025","2","Santa Fe","226,5","10.279"
"2025","2","Santiago Del Estero","0","2.859"
"2025","2","Santiago Del Estero","1","89"
"2025","2","Santiago Del Estero","2","380"
"2025","2","Santiago Del Estero","3","4.719"
"2025","2","Santiago Del Estero","4","1.220"
"2025","2","Santiago Del Estero","5","403"
"2025","2","Santiago Del Estero","0,5","39"
"2025","2","Santiago Del Estero","6","903"
"2025","2","Santiago Del Estero","7","352"
"2025","2","Santiago Del Estero","8","113"
"2025","2","Santiago Del Estero","10","3.449"
"2025","2","Santiago Del Estero","12","16"
"2025","2","Santiago Del Estero","15","149"
"2025","2","Santiago Del Estero","1,5","307"
"2025","2","Santiago Del Estero","20","9.311"
"2025","2","Santiago Del Estero","25","21"
"2025","2","Santiago Del Estero","30","3.770"
"2025","2","Santiago Del Estero","40","49"
"2025","2","Santiago Del Estero","50","28.116"
"2025","2","Santiago Del Estero","0,51","139"
"2025","2","Santiago Del Estero","60","1"
"2025","2","Santiago Del Estero","0,75","908"
"2025","2","Santiago Del Estero","100","41.270"
"2025","2","Santiago Del Estero","150","2"
"2025","2","Santiago Del Estero","300","18.095"
"2025","2","Santiago Del Estero","500","498"
"2025","2","Santiago Del Estero","600","507"
"2025","2","Santiago Del Estero","1000","95"
"2025","2","Santiago Del Estero","226,5","5.097"
"2025","2","Tierra Del Fuego","0","9.334"
"2025","2","Tierra Del Fuego","1","583"
"2025","2","Tierra Del Fuego","2","1"
"2025","2","Tierra Del Fuego","3","204"
"2025","2","Tierra Del Fuego","4","76"
"2025","2","Tierra Del Fuego","5","242"
"2025","2","Tierra Del Fuego","0,5","6"
"2025","2","Tierra Del Fuego","6","2.748"
"2025","2","Tierra Del Fuego","8","591"
"2025","2","Tierra Del Fuego","9","2"
"2025","2","Tierra Del Fuego","10","641"
"2025","2","Tierra Del Fuego","12","257"
"2025","2","Tierra Del Fuego","14","2"
"2025","2","Tierra Del Fuego","15","2.135"
"2025","2","Tierra Del Fuego","18","811"
"2025","2","Tierra Del Fuego","20","8.294"
"2025","2","Tierra Del Fuego","24","2.299"
"2025","2","Tierra Del Fuego","25","16.154"
"2025","2","Tierra Del Fuego","30","189"
"2025","2","Tierra Del Fuego","35","488"
"2025","2","Tierra Del Fuego","40","214"
"2025","2","Tierra Del Fuego","45","1"
"2025","2","Tierra Del Fuego","49","412"
"2025","2","Tierra Del Fuego","50","5.387"
"2025","2","Tierra Del Fuego","0,51","11"
"2025","2","Tierra Del Fuego","60","129"
"2025","2","Tierra Del Fuego","70","4"
"2025","2","Tierra Del Fuego","100","940"
"2025","2","Tierra Del Fuego","101","1"
"2025","2","Tierra Del Fuego","120","3"
"2025","2","Tierra Del Fuego","150","30"
"2025","2","Tierra Del Fuego","200","9"
"2025","2","Tierra Del Fuego","300","1.001"
"2025","2","Tierra Del Fuego","500","3"
"2025","2","Tierra Del Fuego","1000","29"
"2025","2","Tierra Del Fuego","226,5","6.727"
"2025","2","Tucumán","0","168"
"2025","2","Tucumán","1","297"
"2025","2","Tucumán","2","116"
"2025","2","Tucumán","3","2.485"
"2025","2","Tucumán","4","44"
"2025","2","Tucumán","5","775"
"2025","2","Tucumán","0,5","16"
"2025","2","Tucumán","6","2.831"
"2025","2","Tucumán","7","143"
"2025","2","Tucumán","8","145"
"2025","2","Tucumán","9","1"
"2025","2","Tucumán","10","12.363"
"2025","2","Tucumán","12","12.890"
"2025","2","Tucumán","13","2"
"2025","2","Tucumán","15","481"
"2025","2","Tucumán","20","4.873"
"2025","2","Tucumán","24","401"
"2025","2","Tucumán","25","35"
"2025","2","Tucumán","26","1"
"2025","2","Tucumán","30","1.965"
"2025","2","Tucumán","35","2"
"2025","2","Tucumán","3,5","2.271"
"2025","2","Tucumán","40","74"
"2025","2","Tucumán","50","68.220"
"2025","2","Tucumán","0,51","20"
"2025","2","Tucumán","60","1"
"2025","2","Tucumán","70","29"
"2025","2","Tucumán","100","80.380"
"2025","2","Tucumán","164","1"
"2025","2","Tucumán","300","76.385"
"2025","2","Tucumán","500","2.070"
"2025","2","Tucumán","600","3.538"
"2025","2","Tucumán","1000","312"
"2025","2","Tucumán","226,5","5.616"
"2025","1","Buenos Aires","0","66.998"
"2025","1","Buenos Aires","1","20.172"
"2025","1","Buenos Aires","2","18.797"
"2025","1","Buenos Aires","3","44.330"
"2025","1","Buenos Aires","4","12.110"
"2025","1","Buenos Aires","0,5","459"
"2025","1","Buenos Aires","5","22.654"
"2025","1","Buenos Aires","6","70.589"
"2025","1","Buenos Aires","7","9.870"
"2025","1","Buenos Aires","8","20.090"
"2025","1","Buenos Aires","9","855"
"2025","1","Buenos Aires","10","101.796"
"2025","1","Buenos Aires","11","647"
"2025","1","Buenos Aires","12","20.466"
"2025","1","Buenos Aires","13","228"
"2025","1","Buenos Aires","14","213"
"2025","1","Buenos Aires","1,5","141"
"2025","1","Buenos Aires","15","62.868"
"2025","1","Buenos Aires","16","154"
"2025","1","Buenos Aires","18","1.145"
"2025","1","Buenos Aires","19","5"
"2025","1","Buenos Aires","20","134.310"
"2025","1","Buenos Aires","21","1"
"2025","1","Buenos Aires","22","1"
"2025","1","Buenos Aires","23","20"
"2025","1","Buenos Aires","24","588"
"2025","1","Buenos Aires","2,5","21"
"2025","1","Buenos Aires","25","40.836"
"2025","1","Buenos Aires","26","112"
"2025","1","Buenos Aires","0,26","17"
"2025","1","Buenos Aires","30","83.150"
"2025","1","Buenos Aires","31","3.256"
"2025","1","Buenos Aires","32","16"
"2025","1","Buenos Aires","35","2.907"
"2025","1","Buenos Aires","3,5","3.417"
"2025","1","Buenos Aires","36","9"
"2025","1","Buenos Aires","40","5.571"
"2025","1","Buenos Aires","41","9"
"2025","1","Buenos Aires","45","600"
"2025","1","Buenos Aires","46","1.870"
"2025","1","Buenos Aires","48","646"
"2025","1","Buenos Aires","49","1"
"2025","1","Buenos Aires","50","461.706"
"2025","1","Buenos Aires","0,51","168"
"2025","1","Buenos Aires","55","471"
"2025","1","Buenos Aires","59","59"
"2025","1","Buenos Aires","60","20.491"
"2025","1","Buenos Aires","61","78"
"2025","1","Buenos Aires","65","1"
"2025","1","Buenos Aires","70","8.885"
"2025","1","Buenos Aires","0,75","276"
"2025","1","Buenos Aires","75","1.492"
"2025","1","Buenos Aires","80","9.884"
"2025","1","Buenos Aires","85","16"
"2025","1","Buenos Aires","99","42.520"
"2025","1","Buenos Aires","100","1.031.261"
"2025","1","Buenos Aires","101","10.611"
"2025","1","Buenos Aires","105","10"
"2025","1","Buenos Aires","120","588"
"2025","1","Buenos Aires","125","2"
"2025","1","Buenos Aires","150","22.858"
"2025","1","Buenos Aires","160","1.341"
"2025","1","Buenos Aires","200","20.210"
"2025","1","Buenos Aires","205","3"
"2025","1","Buenos Aires","212","1"
"2025","1","Buenos Aires","240","938"
"2025","1","Buenos Aires","246","48"
"2025","1","Buenos Aires","250","345"
"2025","1","Buenos Aires","256","15"
"2025","1","Buenos Aires","300","1.442.229"
"2025","1","Buenos Aires","301","315"
"2025","1","Buenos Aires","302","16.832"
"2025","1","Buenos Aires","320","27"
"2025","1","Buenos Aires","400","10.436"
"2025","1","Buenos Aires","480","5"
"2025","1","Buenos Aires","499","959.228"
"2025","1","Buenos Aires","500","84.297"
"2025","1","Buenos Aires","51,2","1"
"2025","1","Buenos Aires","512","664"
"2025","1","Buenos Aires","600","101.964"
"2025","1","Buenos Aires","700","2.312"
"2025","1","Buenos Aires","750","1"
"2025","1","Buenos Aires","800","16.250"
"2025","1","Buenos Aires","940","62.315"
"2025","1","Buenos Aires","999","55.955"
"2025","1","Buenos Aires","1000","121.208"
"2025","1","Buenos Aires","226,5","30.633"
"2025","1","Buenos Aires","30,72","1"
"2025","1","Capital Federal","0","1.792"
"2025","1","Capital Federal","1","2.612"
"2025","1","Capital Federal","2","232"
"2025","1","Capital Federal","3","2.269"
"2025","1","Capital Federal","4","987"
"2025","1","Capital Federal","5","1.779"
"2025","1","Capital Federal","0,5","228"
"2025","1","Capital Federal","6","5.912"
"2025","1","Capital Federal","7","11"
"2025","1","Capital Federal","8","1.035"
"2025","1","Capital Federal","9","34"
"2025","1","Capital Federal","10","15.617"
"2025","1","Capital Federal","11","5"
"2025","1","Capital Federal","12","94"
"2025","1","Capital Federal","14","27"
"2025","1","Capital Federal","15","7.563"
"2025","1","Capital Federal","16","5"
"2025","1","Capital Federal","19","24"
"2025","1","Capital Federal","20","7.972"
"2025","1","Capital Federal","21","1"
"2025","1","Capital Federal","25","81"
"2025","1","Capital Federal","0,26","31"
"2025","1","Capital Federal","30","6.411"
"2025","1","Capital Federal","3,5","1.503"
"2025","1","Capital Federal","35","23"
"2025","1","Capital Federal","40","227"
"2025","1","Capital Federal","45","9"
"2025","1","Capital Federal","46","215"
"2025","1","Capital Federal","50","52.728"
"2025","1","Capital Federal","0,51","35"
"2025","1","Capital Federal","55","1"
"2025","1","Capital Federal","60","44"
"2025","1","Capital Federal","66","1"
"2025","1","Capital Federal","70","3"
"2025","1","Capital Federal","0,75","374"
"2025","1","Capital Federal","80","7"
"2025","1","Capital Federal","99","19.011"
"2025","1","Capital Federal","100","357.435"
"2025","1","Capital Federal","101","1.188"
"2025","1","Capital Federal","110","1"
"2025","1","Capital Federal","120","33"
"2025","1","Capital Federal","125","3"
"2025","1","Capital Federal","150","6.348"
"2025","1","Capital Federal","160","5"
"2025","1","Capital Federal","200","3.725"
"2025","1","Capital Federal","220","1"
"2025","1","Capital Federal","225","1"
"2025","1","Capital Federal","250","1.446"
"2025","1","Capital Federal","275","1"
"2025","1","Capital Federal","300","527.056"
"2025","1","Capital Federal","301","23"
"2025","1","Capital Federal","302","1.425"
"2025","1","Capital Federal","325","2"
"2025","1","Capital Federal","400","1.081"
"2025","1","Capital Federal","499","295.625"
"2025","1","Capital Federal","500","55.644"
"2025","1","Capital Federal","512","1"
"2025","1","Capital Federal","600","6.805"
"2025","1","Capital Federal","700","289"
"2025","1","Capital Federal","800","1.449"
"2025","1","Capital Federal","940","7.272"
"2025","1","Capital Federal","999","15.521"
"2025","1","Capital Federal","1000","66.080"
"2025","1","Capital Federal","226,5","1.572"
"2025","1","Capital Federal","40,96","1"
"2025","1","Catamarca","0","66"
"2025","1","Catamarca","1","124"
"2025","1","Catamarca","2","115"
"2025","1","Catamarca","3","1.489"
"2025","1","Catamarca","0,5","34"
"2025","1","Catamarca","5","326"
"2025","1","Catamarca","6","454"
"2025","1","Catamarca","10","2.591"
"2025","1","Catamarca","12","7"
"2025","1","Catamarca","15","1.815"
"2025","1","Catamarca","20","1.518"
"2025","1","Catamarca","24","1.873"
"2025","1","Catamarca","25","47"
"2025","1","Catamarca","30","846"
"2025","1","Catamarca","50","28.179"
"2025","1","Catamarca","0,51","37"
"2025","1","Catamarca","100","20.889"
"2025","1","Catamarca","200","42"
"2025","1","Catamarca","300","13.711"
"2025","1","Catamarca","500","293"
"2025","1","Catamarca","600","1.413"
"2025","1","Catamarca","1000","43"
"2025","1","Catamarca","1024","1"
"2025","1","Catamarca","226,5","3.104"
"2025","1","Chaco","0","5.578"
"2025","1","Chaco","1","226"
"2025","1","Chaco","2","776"
"2025","1","Chaco","3","2.715"
"2025","1","Chaco","4","493"
"2025","1","Chaco","5","3.818"
"2025","1","Chaco","0,5","234"
"2025","1","Chaco","6","3.350"
"2025","1","Chaco","7","152"
"2025","1","Chaco","8","222"
"2025","1","Chaco","9","1"
"2025","1","Chaco","10","6.895"
"2025","1","Chaco","12","137"
"2025","1","Chaco","15","3.303"
"2025","1","Chaco","20","791"
"2025","1","Chaco","25","3.538"
"2025","1","Chaco","30","7.213"
"2025","1","Chaco","3,5","167"
"2025","1","Chaco","35","2"
"2025","1","Chaco","40","284"
"2025","1","Chaco","48","1.924"
"2025","1","Chaco","50","30.385"
"2025","1","Chaco","0,51","2"
"2025","1","Chaco","60","2.912"
"2025","1","Chaco","64","1"
"2025","1","Chaco","70","39"
"2025","1","Chaco","100","54.616"
"2025","1","Chaco","120","634"
"2025","1","Chaco","150","3"
"2025","1","Chaco","200","1.393"
"2025","1","Chaco","250","235"
"2025","1","Chaco","300","30.399"
"2025","1","Chaco","500","1.242"
"2025","1","Chaco","600","1.114"
"2025","1","Chaco","1000","175"
"2025","1","Chaco","1024","1"
"2025","1","Chaco","226,5","2.691"
"2025","1","Chubut","0","6.137"
"2025","1","Chubut","1","306"
"2025","1","Chubut","2","1.842"
"2025","1","Chubut","3","5.897"
"2025","1","Chubut","4","6.135"
"2025","1","Chubut","5","83"
"2025","1","Chubut","0,5","64"
"2025","1","Chubut","6","16.803"
"2025","1","Chubut","7","76"
"2025","1","Chubut","8","1.391"
"2025","1","Chubut","9","13"
"2025","1","Chubut","10","8.720"
"2025","1","Chubut","11","1"
"2025","1","Chubut","12","2.421"
"2025","1","Chubut","14","62"
"2025","1","Chubut","15","6.092"
"2025","1","Chubut","16","141"
"2025","1","Chubut","20","4.794"
"2025","1","Chubut","24","5.598"
"2025","1","Chubut","25","6.488"
"2025","1","Chubut","0,26","8"
"2025","1","Chubut","30","9.392"
"2025","1","Chubut","3,5","68"
"2025","1","Chubut","40","3"
"2025","1","Chubut","45","3"
"2025","1","Chubut","50","55.605"
"2025","1","Chubut","0,51","32"
"2025","1","Chubut","80","218"
"2025","1","Chubut","100","7.267"
"2025","1","Chubut","101","16"
"2025","1","Chubut","200","82"
"2025","1","Chubut","300","24.475"
"2025","1","Chubut","301","2"
"2025","1","Chubut","302","14"
"2025","1","Chubut","400","249"
"2025","1","Chubut","500","1.915"
"2025","1","Chubut","512","1"
"2025","1","Chubut","600","2.410"
"2025","1","Chubut","700","320"
"2025","1","Chubut","800","439"
"2025","1","Chubut","940","2.621"
"2025","1","Chubut","999","1"
"2025","1","Chubut","1000","1"
"2025","1","Chubut","1024","5"
"2025","1","Chubut","2048","1"
"2025","1","Chubut","226,5","6.508"
"2025","1","Chubut","4096","1"
"2025","1","Córdoba","0","2.203"
"2025","1","Córdoba","1","6.525"
"2025","1","Córdoba","2","6.779"
"2025","1","Córdoba","3","19.506"
"2025","1","Córdoba","4","9.357"
"2025","1","Córdoba","0,5","87"
"2025","1","Córdoba","5","7.644"
"2025","1","Córdoba","6","47.619"
"2025","1","Córdoba","7","1.895"
"2025","1","Córdoba","8","9.457"
"2025","1","Córdoba","9","683"
"2025","1","Córdoba","10","54.094"
"2025","1","Córdoba","11","84"
"2025","1","Córdoba","12","11.079"
"2025","1","Córdoba","13","19"
"2025","1","Córdoba","14","9"
"2025","1","Córdoba","15","12.971"
"2025","1","Córdoba","1,5","7"
"2025","1","Córdoba","16","134"
"2025","1","Córdoba","18","618"
"2025","1","Córdoba","20","16.592"
"2025","1","Córdoba","2,2","14"
"2025","1","Córdoba","22","600"
"2025","1","Córdoba","24","10"
"2025","1","Córdoba","25","17.798"
"2025","1","Córdoba","2,5","192"
"2025","1","Córdoba","0,26","2"
"2025","1","Córdoba","30","10.120"
"2025","1","Córdoba","3,3","2"
"2025","1","Córdoba","33","1"
"2025","1","Córdoba","3,5","4.707"
"2025","1","Córdoba","35","52"
"2025","1","Córdoba","40","6.347"
"2025","1","Córdoba","45","4"
"2025","1","Córdoba","50","219.758"
"2025","1","Córdoba","0,51","10"
"2025","1","Córdoba","60","7.771"
"2025","1","Córdoba","6,4","2"
"2025","1","Córdoba","70","16"
"2025","1","Córdoba","0,75","66"
"2025","1","Córdoba","75","103"
"2025","1","Córdoba","76","1"
"2025","1","Córdoba","80","497"
"2025","1","Córdoba","100","280.845"
"2025","1","Córdoba","10,1","21"
"2025","1","Córdoba","10,2","44"
"2025","1","Córdoba","120","2.894"
"2025","1","Córdoba","12,3","18"
"2025","1","Córdoba","140","1"
"2025","1","Córdoba","150","100"
"2025","1","Córdoba","180","1"
"2025","1","Córdoba","190","1"
"2025","1","Córdoba","200","15.360"
"2025","1","Córdoba","20,5","1"
"2025","1","Córdoba","225","1"
"2025","1","Córdoba","250","4"
"2025","1","Córdoba","25,1","594"
"2025","1","Córdoba","25,5","8"
"2025","1","Córdoba","300","301.369"
"2025","1","Córdoba","350","1"
"2025","1","Córdoba","400","200"
"2025","1","Córdoba","450","1"
"2025","1","Córdoba","500","15.719"
"2025","1","Córdoba","50,1","585"
"2025","1","Córdoba","512","21"
"2025","1","Córdoba","550","1"
"2025","1","Córdoba","600","8.387"
"2025","1","Córdoba","700","7"
"2025","1","Córdoba","800","56"
"2025","1","Córdoba","850","1"
"2025","1","Córdoba","900","1"
"2025","1","Córdoba","940","157"
"2025","1","Córdoba","1000","4.611"
"2025","1","Córdoba","100,1","3"
"2025","1","Córdoba","226,5","18.724"
"2025","1","Córdoba","300,5","2"
"2025","1","Córdoba","50,25","8"
"2025","1","Córdoba","100,25","20"
"2025","1","Corrientes","0","5.551"
"2025","1","Corrientes","1","1.992"
"2025","1","Corrientes","2","1.733"
"2025","1","Corrientes","3","3.330"
"2025","1","Corrientes","4","1.666"
"2025","1","Corrientes","5","2.944"
"2025","1","Corrientes","0,5","10"
"2025","1","Corrientes","6","4.879"
"2025","1","Corrientes","8","4.891"
"2025","1","Corrientes","10","7.349"
"2025","1","Corrientes","12","8"
"2025","1","Corrientes","15","819"
"2025","1","Corrientes","16","2.729"
"2025","1","Corrientes","20","1.488"
"2025","1","Corrientes","25","1.683"
"2025","1","Corrientes","30","850"
"2025","1","Corrientes","3,5","480"
"2025","1","Corrientes","40","2.813"
"2025","1","Corrientes","50","33.065"
"2025","1","Corrientes","0,51","57"
"2025","1","Corrientes","0,75","118"
"2025","1","Corrientes","100","38.844"
"2025","1","Corrientes","120","1.672"
"2025","1","Corrientes","200","2.917"
"2025","1","Corrientes","250","419"
"2025","1","Corrientes","300","34.829"
"2025","1","Corrientes","500","1.440"
"2025","1","Corrientes","600","80"
"2025","1","Corrientes","1000","461"
"2025","1","Corrientes","1024","13"
"2025","1","Corrientes","226,5","4.772"
"2025","1","Corrientes","4096","2"
"2025","1","Entre Ríos","0","18.562"
"2025","1","Entre Ríos","1","3.771"
"2025","1","Entre Ríos","2","4.306"
"2025","1","Entre Ríos","3","5.609"
"2025","1","Entre Ríos","4","2.228"
"2025","1","Entre Ríos","0,5","20"
"2025","1","Entre Ríos","5","6.572"
"2025","1","Entre Ríos","6","10.217"
"2025","1","Entre Ríos","7","883"
"2025","1","Entre Ríos","8","2.422"
"2025","1","Entre Ríos","10","33.970"
"2025","1","Entre Ríos","12","1.482"
"2025","1","Entre Ríos","15","5.587"
"2025","1","Entre Ríos","16","1"
"2025","1","Entre Ríos","20","9.779"
"2025","1","Entre Ríos","25","945"
"2025","1","Entre Ríos","0,26","1"
"2025","1","Entre Ríos","30","9.985"
"2025","1","Entre Ríos","3,5","390"
"2025","1","Entre Ríos","50","40.184"
"2025","1","Entre Ríos","0,51","86"
"2025","1","Entre Ríos","58","1"
"2025","1","Entre Ríos","64","1"
"2025","1","Entre Ríos","0,75","113"
"2025","1","Entre Ríos","100","70.845"
"2025","1","Entre Ríos","120","581"
"2025","1","Entre Ríos","150","1"
"2025","1","Entre Ríos","181","38"
"2025","1","Entre Ríos","200","2.339"
"2025","1","Entre Ríos","250","150"
"2025","1","Entre Ríos","300","62.849"
"2025","1","Entre Ríos","400","1"
"2025","1","Entre Ríos","500","2.594"
"2025","1","Entre Ríos","1000","994"
"2025","1","Entre Ríos","1024","1"
"2025","1","Entre Ríos","1314","80"
"2025","1","Entre Ríos","1453","99"
"2025","1","Entre Ríos","2108","132"
"2025","1","Entre Ríos","2110","109"
"2025","1","Entre Ríos","226,5","5.889"
"2025","1","Entre Ríos","4096","2"
"2025","1","Formosa","0","292"
"2025","1","Formosa","1","105"
"2025","1","Formosa","2","1.348"
"2025","1","Formosa","3","10.106"
"2025","1","Formosa","4","3.296"
"2025","1","Formosa","0,5","49"
"2025","1","Formosa","5","1.633"
"2025","1","Formosa","6","4.505"
"2025","1","Formosa","7","108"
"2025","1","Formosa","8","162"
"2025","1","Formosa","10","10.119"
"2025","1","Formosa","12","40"
"2025","1","Formosa","15","1.076"
"2025","1","Formosa","20","2.329"
"2025","1","Formosa","25","8"
"2025","1","Formosa","30","269"
"2025","1","Formosa","35","3"
"2025","1","Formosa","40","38"
"2025","1","Formosa","50","1.422"
"2025","1","Formosa","0,51","35"
"2025","1","Formosa","80","50"
"2025","1","Formosa","100","11.810"
"2025","1","Formosa","200","1"
"2025","1","Formosa","300","14.675"
"2025","1","Formosa","400","1"
"2025","1","Formosa","500","406"
"2025","1","Formosa","1000","179"
"2025","1","Formosa","1024","3"
"2025","1","Formosa","226,5","1.981"
"2025","1","Formosa","4096","1"
"2025","1","Jujuy","0","1.433"
"2025","1","Jujuy","1","1.065"
"2025","1","Jujuy","2","1.637"
"2025","1","Jujuy","3","1.478"
"2025","1","Jujuy","4","2.889"
"2025","1","Jujuy","5","3.634"
"2025","1","Jujuy","0,5","26"
"2025","1","Jujuy","6","1.422"
"2025","1","Jujuy","7","10"
"2025","1","Jujuy","8","1.229"
"2025","1","Jujuy","10","11.860"
"2025","1","Jujuy","12","23.494"
"2025","1","Jujuy","15","521"
"2025","1","Jujuy","18","4"
"2025","1","Jujuy","20","3.469"
"2025","1","Jujuy","25","8"
"2025","1","Jujuy","30","1.000"
"2025","1","Jujuy","41","1"
"2025","1","Jujuy","50","47.553"
"2025","1","Jujuy","0,51","32"
"2025","1","Jujuy","75","1"
"2025","1","Jujuy","100","17.943"
"2025","1","Jujuy","165","2"
"2025","1","Jujuy","200","1"
"2025","1","Jujuy","300","8.688"
"2025","1","Jujuy","500","237"
"2025","1","Jujuy","512","200"
"2025","1","Jujuy","600","546"
"2025","1","Jujuy","1000","32"
"2025","1","Jujuy","2028","1"
"2025","1","Jujuy","226,5","1.453"
"2025","1","Jujuy","6144","1"
"2025","1","La Pampa","0","2.551"
"2025","1","La Pampa","1","419"
"2025","1","La Pampa","2","2.079"
"2025","1","La Pampa","3","5.117"
"2025","1","La Pampa","4","1.978"
"2025","1","La Pampa","0,5","4"
"2025","1","La Pampa","5","2.156"
"2025","1","La Pampa","6","26.371"
"2025","1","La Pampa","7","516"
"2025","1","La Pampa","8","141"
"2025","1","La Pampa","9","3"
"2025","1","La Pampa","10","8.880"
"2025","1","La Pampa","14","3"
"2025","1","La Pampa","15","3.737"
"2025","1","La Pampa","1,5","185"
"2025","1","La Pampa","20","4.728"
"2025","1","La Pampa","25","773"
"2025","1","La Pampa","0,26","1"
"2025","1","La Pampa","30","10.061"
"2025","1","La Pampa","3,5","1"
"2025","1","La Pampa","35","1"
"2025","1","La Pampa","40","6.702"
"2025","1","La Pampa","50","24.673"
"2025","1","La Pampa","0,51","61"
"2025","1","La Pampa","60","89"
"2025","1","La Pampa","75","8"
"2025","1","La Pampa","80","3.564"
"2025","1","La Pampa","100","12.965"
"2025","1","La Pampa","120","2.868"
"2025","1","La Pampa","128","1"
"2025","1","La Pampa","200","10"
"2025","1","La Pampa","240","2.522"
"2025","1","La Pampa","250","59"
"2025","1","La Pampa","300","1.936"
"2025","1","La Pampa","400","1.917"
"2025","1","La Pampa","500","430"
"2025","1","La Pampa","700","155"
"2025","1","La Pampa","1000","7"
"2025","1","La Pampa","1024","3"
"2025","1","La Pampa","2028","1"
"2025","1","La Pampa","226,5","1.922"
"2025","1","La Rioja","0","0"
"2025","1","La Rioja","1","331"
"2025","1","La Rioja","2","8"
"2025","1","La Rioja","3","244"
"2025","1","La Rioja","4","2"
"2025","1","La Rioja","0,5","9"
"2025","1","La Rioja","5","179"
"2025","1","La Rioja","6","389"
"2025","1","La Rioja","8","85"
"2025","1","La Rioja","10","685"
"2025","1","La Rioja","11","22"
"2025","1","La Rioja","12","15.350"
"2025","1","La Rioja","15","206"
"2025","1","La Rioja","20","8.956"
"2025","1","La Rioja","24","10"
"2025","1","La Rioja","30","4.503"
"2025","1","La Rioja","50","37.158"
"2025","1","La Rioja","0,51","9"
"2025","1","La Rioja","100","11.004"
"2025","1","La Rioja","200","137"
"2025","1","La Rioja","300","8.413"
"2025","1","La Rioja","500","354"
"2025","1","La Rioja","1000","48"
"2025","1","La Rioja","226,5","491"
"2025","1","Mendoza","0","2.616"
"2025","1","Mendoza","1","2.251"
"2025","1","Mendoza","2","3.081"
"2025","1","Mendoza","3","4.353"
"2025","1","Mendoza","4","1.825"
"2025","1","Mendoza","0,5","19"
"2025","1","Mendoza","5","1.017"
"2025","1","Mendoza","6","14.120"
"2025","1","Mendoza","7","20"
"2025","1","Mendoza","8","290"
"2025","1","Mendoza","9","1.226"
"2025","1","Mendoza","10","9.138"
"2025","1","Mendoza","11","6"
"2025","1","Mendoza","12","4.260"
"2025","1","Mendoza","14","3"
"2025","1","Mendoza","15","4.176"
"2025","1","Mendoza","1,5","1.348"
"2025","1","Mendoza","19","2"
"2025","1","Mendoza","20","6.641"
"2025","1","Mendoza","24","638"
"2025","1","Mendoza","25","613"
"2025","1","Mendoza","0,26","1"
"2025","1","Mendoza","30","6.541"
"2025","1","Mendoza","40","15"
"2025","1","Mendoza","45","129"
"2025","1","Mendoza","46","11"
"2025","1","Mendoza","50","91.308"
"2025","1","Mendoza","0,51","16"
"2025","1","Mendoza","70","1"
"2025","1","Mendoza","90","1"
"2025","1","Mendoza","100","61.455"
"2025","1","Mendoza","101","186"
"2025","1","Mendoza","120","2"
"2025","1","Mendoza","128","2"
"2025","1","Mendoza","200","1.570"
"2025","1","Mendoza","300","98.484"
"2025","1","Mendoza","301","19"
"2025","1","Mendoza","302","363"
"2025","1","Mendoza","400","883"
"2025","1","Mendoza","500","3.411"
"2025","1","Mendoza","600","9.897"
"2025","1","Mendoza","700","218"
"2025","1","Mendoza","800","1.538"
"2025","1","Mendoza","940","6.354"
"2025","1","Mendoza","1000","92"
"2025","1","Mendoza","1024","2"
"2025","1","Mendoza","226,5","4.356"
"2025","1","Misiones","0","8.500"
"2025","1","Misiones","1","2.971"
"2025","1","Misiones","2","11.017"
"2025","1","Misiones","3","3.186"
"2025","1","Misiones","4","1.705"
"2025","1","Misiones","5","2.320"
"2025","1","Misiones","0,5","47"
"2025","1","Misiones","6","5.527"
"2025","1","Misiones","7","6.288"
"2025","1","Misiones","8","30"
"2025","1","Misiones","10","18.000"
"2025","1","Misiones","12","1"
"2025","1","Misiones","13","1"
"2025","1","Misiones","15","2.611"
"2025","1","Misiones","16","1"
"2025","1","Misiones","20","8.213"
"2025","1","Misiones","25","214"
"2025","1","Misiones","30","4.473"
"2025","1","Misiones","3,5","4"
"2025","1","Misiones","40","118"
"2025","1","Misiones","45","28"
"2025","1","Misiones","50","34.854"
"2025","1","Misiones","0,51","4"
"2025","1","Misiones","60","66"
"2025","1","Misiones","70","1"
"2025","1","Misiones","75","7"
"2025","1","Misiones","80","3"
"2025","1","Misiones","100","47.430"
"2025","1","Misiones","120","499"
"2025","1","Misiones","150","1.027"
"2025","1","Misiones","200","7.111"
"2025","1","Misiones","250","216"
"2025","1","Misiones","300","39.442"
"2025","1","Misiones","350","5"
"2025","1","Misiones","500","1.070"
"2025","1","Misiones","600","2.275"
"2025","1","Misiones","1000","293"
"2025","1","Misiones","226,5","3.470"
"2025","1","Neuquén","0","2.311"
"2025","1","Neuquén","1","683"
"2025","1","Neuquén","2","1.630"
"2025","1","Neuquén","3","5.225"
"2025","1","Neuquén","4","1.286"
"2025","1","Neuquén","0,5","40"
"2025","1","Neuquén","5","5.787"
"2025","1","Neuquén","6","8.581"
"2025","1","Neuquén","7","246"
"2025","1","Neuquén","8","1.921"
"2025","1","Neuquén","9","4"
"2025","1","Neuquén","10","7.177"
"2025","1","Neuquén","12","3.589"
"2025","1","Neuquén","14","6"
"2025","1","Neuquén","15","2.295"
"2025","1","Neuquén","20","2.659"
"2025","1","Neuquén","25","40"
"2025","1","Neuquén","30","1.275"
"2025","1","Neuquén","3,5","6.942"
"2025","1","Neuquén","40","66"
"2025","1","Neuquén","45","3"
"2025","1","Neuquén","50","7.862"
"2025","1","Neuquén","0,51","72"
"2025","1","Neuquén","60","7"
"2025","1","Neuquén","0,75","1"
"2025","1","Neuquén","100","38.404"
"2025","1","Neuquén","101","317"
"2025","1","Neuquén","128","1"
"2025","1","Neuquén","150","2"
"2025","1","Neuquén","200","138"
"2025","1","Neuquén","250","1"
"2025","1","Neuquén","300","56.793"
"2025","1","Neuquén","301","16"
"2025","1","Neuquén","302","641"
"2025","1","Neuquén","400","374"
"2025","1","Neuquén","500","5.259"
"2025","1","Neuquén","600","3.619"
"2025","1","Neuquén","700","76"
"2025","1","Neuquén","800","7.298"
"2025","1","Neuquén","940","3.272"
"2025","1","Neuquén","1000","2.223"
"2025","1","Neuquén","1024","2"
"2025","1","Neuquén","226,5","14.702"
"2025","1","Neuquén","3072","1"
"2025","1","Río Negro","0","14.502"
"2025","1","Río Negro","1","656"
"2025","1","Río Negro","2","710"
"2025","1","Río Negro","3","5.987"
"2025","1","Río Negro","4","1.098"
"2025","1","Río Negro","0,5","19"
"2025","1","Río Negro","5","2.043"
"2025","1","Río Negro","6","8.171"
"2025","1","Río Negro","7","157"
"2025","1","Río Negro","8","1.919"
"2025","1","Río Negro","9","7"
"2025","1","Río Negro","10","9.148"
"2025","1","Río Negro","11","18"
"2025","1","Río Negro","12","689"
"2025","1","Río Negro","14","63"
"2025","1","Río Negro","15","4.350"
"2025","1","Río Negro","16","2"
"2025","1","Río Negro","18","18"
"2025","1","Río Negro","20","6.788"
"2025","1","Río Negro","25","906"
"2025","1","Río Negro","30","2.652"
"2025","1","Río Negro","32","32"
"2025","1","Río Negro","3,5","5"
"2025","1","Río Negro","40","31"
"2025","1","Río Negro","45","5"
"2025","1","Río Negro","50","29.491"
"2025","1","Río Negro","0,51","75"
"2025","1","Río Negro","60","172"
"2025","1","Río Negro","75","369"
"2025","1","Río Negro","0,75","1"
"2025","1","Río Negro","80","110"
"2025","1","Río Negro","100","29.461"
"2025","1","Río Negro","101","84"
"2025","1","Río Negro","120","80"
"2025","1","Río Negro","122","34"
"2025","1","Río Negro","150","1"
"2025","1","Río Negro","180","10.919"
"2025","1","Río Negro","200","1.229"
"2025","1","Río Negro","300","36.755"
"2025","1","Río Negro","301","2"
"2025","1","Río Negro","302","72"
"2025","1","Río Negro","330","677"
"2025","1","Río Negro","400","239"
"2025","1","Río Negro","500","1.659"
"2025","1","Río Negro","520","40"
"2025","1","Río Negro","540","265"
"2025","1","Río Negro","600","1.632"
"2025","1","Río Negro","700","42"
"2025","1","Río Negro","800","377"
"2025","1","Río Negro","900","110"
"2025","1","Río Negro","940","1.120"
"2025","1","Río Negro","1000","325"
"2025","1","Río Negro","1024","6"
"2025","1","Río Negro","2048","1"
"2025","1","Río Negro","226,5","7.711"
"2025","1","Río Negro","4098","1"
"2025","1","Salta","0","6.499"
"2025","1","Salta","1","672"
"2025","1","Salta","2","1.537"
"2025","1","Salta","3","4.373"
"2025","1","Salta","4","8.036"
"2025","1","Salta","0,5","41"
"2025","1","Salta","5","5.519"
"2025","1","Salta","6","3.688"
"2025","1","Salta","7","326"
"2025","1","Salta","8","6.968"
"2025","1","Salta","10","7.359"
"2025","1","Salta","12","88"
"2025","1","Salta","15","4.890"
"2025","1","Salta","18","4"
"2025","1","Salta","20","755"
"2025","1","Salta","25","1"
"2025","1","Salta","27","1"
"2025","1","Salta","30","4.186"
"2025","1","Salta","3,5","8"
"2025","1","Salta","50","25.910"
"2025","1","Salta","0,51","73"
"2025","1","Salta","0,75","1"
"2025","1","Salta","100","57.023"
"2025","1","Salta","200","86"
"2025","1","Salta","300","42.976"
"2025","1","Salta","500","1.254"
"2025","1","Salta","512","1"
"2025","1","Salta","600","1.891"
"2025","1","Salta","800","604"
"2025","1","Salta","999","1"
"2025","1","Salta","1000","487"
"2025","1","Salta","1024","8"
"2025","1","Salta","2048","3"
"2025","1","Salta","226,5","6.496"
"2025","1","Salta","4096","5"
"2025","1","San Juan","0","16.451"
"2025","1","San Juan","1","1.310"
"2025","1","San Juan","2","608"
"2025","1","San Juan","3","4.538"
"2025","1","San Juan","4","251"
"2025","1","San Juan","5","243"
"2025","1","San Juan","0,5","15"
"2025","1","San Juan","6","3.808"
"2025","1","San Juan","7","86"
"2025","1","San Juan","8","56"
"2025","1","San Juan","9","4"
"2025","1","San Juan","10","3.581"
"2025","1","San Juan","12","567"
"2025","1","San Juan","14","2"
"2025","1","San Juan","15","927"
"2025","1","San Juan","20","1.116"
"2025","1","San Juan","24","142"
"2025","1","San Juan","25","338"
"2025","1","San Juan","30","379"
"2025","1","San Juan","45","27"
"2025","1","San Juan","46","2"
"2025","1","San Juan","50","15.720"
"2025","1","San Juan","0,51","3"
"2025","1","San Juan","60","1"
"2025","1","San Juan","100","15.255"
"2025","1","San Juan","101","161"
"2025","1","San Juan","200","294"
"2025","1","San Juan","300","48.183"
"2025","1","San Juan","301","15"
"2025","1","San Juan","302","301"
"2025","1","San Juan","400","537"
"2025","1","San Juan","500","2.359"
"2025","1","San Juan","600","5.658"
"2025","1","San Juan","700","236"
"2025","1","San Juan","800","860"
"2025","1","San Juan","940","3.042"
"2025","1","San Juan","226,5","1.574"
"2025","1","San Juan","3072","1"
"2025","1","San Luis","0","15.488"
"2025","1","San Luis","1","499"
"2025","1","San Luis","2","492"
"2025","1","San Luis","3","2.813"
"2025","1","San Luis","0,5","59"
"2025","1","San Luis","5","275"
"2025","1","San Luis","6","6.303"
"2025","1","San Luis","7","1"
"2025","1","San Luis","8","825"
"2025","1","San Luis","9","3"
"2025","1","San Luis","10","21.333"
"2025","1","San Luis","12","562"
"2025","1","San Luis","15","380"
"2025","1","San Luis","20","1.409"
"2025","1","San Luis","25","66.321"
"2025","1","San Luis","30","134"
"2025","1","San Luis","40","34"
"2025","1","San Luis","50","8.428"
"2025","1","San Luis","0,51","1"
"2025","1","San Luis","100","10.158"
"2025","1","San Luis","200","39"
"2025","1","San Luis","300","11.290"
"2025","1","San Luis","400","46"
"2025","1","San Luis","500","262"
"2025","1","San Luis","600","1.954"
"2025","1","San Luis","700","8"
"2025","1","San Luis","800","34"
"2025","1","San Luis","940","1.826"
"2025","1","San Luis","999","1"
"2025","1","San Luis","1000","23.384"
"2025","1","San Luis","1024","4"
"2025","1","San Luis","226,5","3.487"
"2025","1","San Luis","4096","2"
"2025","1","Santa Cruz","0","35.828"
"2025","1","Santa Cruz","1","272"
"2025","1","Santa Cruz","2","723"
"2025","1","Santa Cruz","3","534"
"2025","1","Santa Cruz","4","488"
"2025","1","Santa Cruz","5","698"
"2025","1","Santa Cruz","0,5","24"
"2025","1","Santa Cruz","6","2.417"
"2025","1","Santa Cruz","8","8"
"2025","1","Santa Cruz","9","7"
"2025","1","Santa Cruz","10","6.148"
"2025","1","Santa Cruz","12","21"
"2025","1","Santa Cruz","14","1"
"2025","1","Santa Cruz","15","4.009"
"2025","1","Santa Cruz","20","4.343"
"2025","1","Santa Cruz","24","41"
"2025","1","Santa Cruz","25","1.454"
"2025","1","Santa Cruz","0,26","3"
"2025","1","Santa Cruz","30","3.030"
"2025","1","Santa Cruz","35","1"
"2025","1","Santa Cruz","40","1"
"2025","1","Santa Cruz","50","10.057"
"2025","1","Santa Cruz","0,51","20"
"2025","1","Santa Cruz","75","6.382"
"2025","1","Santa Cruz","100","1.897"
"2025","1","Santa Cruz","150","1.306"
"2025","1","Santa Cruz","200","88"
"2025","1","Santa Cruz","350","128"
"2025","1","Santa Cruz","500","150"
"2025","1","Santa Cruz","940","1"
"2025","1","Santa Cruz","1024","2"
"2025","1","Santa Cruz","2048","2"
"2025","1","Santa Cruz","226,5","3.370"
"2025","1","Santa Fe","0","23.935"
"2025","1","Santa Fe","1","4.782"
"2025","1","Santa Fe","2","6.150"
"2025","1","Santa Fe","3","20.402"
"2025","1","Santa Fe","4","5.325"
"2025","1","Santa Fe","0,5","335"
"2025","1","Santa Fe","5","16.181"
"2025","1","Santa Fe","6","17.110"
"2025","1","Santa Fe","7","3.968"
"2025","1","Santa Fe","8","10.487"
"2025","1","Santa Fe","9","777"
"2025","1","Santa Fe","10","46.930"
"2025","1","Santa Fe","12","1.474"
"2025","1","Santa Fe","13","69"
"2025","1","Santa Fe","15","13.949"
"2025","1","Santa Fe","16","21"
"2025","1","Santa Fe","18","8"
"2025","1","Santa Fe","20","30.176"
"2025","1","Santa Fe","24","39"
"2025","1","Santa Fe","2,5","283"
"2025","1","Santa Fe","25","14.797"
"2025","1","Santa Fe","0,26","32"
"2025","1","Santa Fe","29","1"
"2025","1","Santa Fe","30","14.571"
"2025","1","Santa Fe","3,5","161"
"2025","1","Santa Fe","35","1.974"
"2025","1","Santa Fe","36","18"
"2025","1","Santa Fe","40","4.335"
"2025","1","Santa Fe","50","170.521"
"2025","1","Santa Fe","0,51","101"
"2025","1","Santa Fe","51","4"
"2025","1","Santa Fe","60","2.086"
"2025","1","Santa Fe","70","141"
"2025","1","Santa Fe","75","37"
"2025","1","Santa Fe","0,75","5"
"2025","1","Santa Fe","80","9.020"
"2025","1","Santa Fe","90","2"
"2025","1","Santa Fe","95","1"
"2025","1","Santa Fe","98","30"
"2025","1","Santa Fe","100","253.869"
"2025","1","Santa Fe","120","2.738"
"2025","1","Santa Fe","140","1"
"2025","1","Santa Fe","150","3.304"
"2025","1","Santa Fe","200","10.137"
"2025","1","Santa Fe","250","511"
"2025","1","Santa Fe","300","202.718"
"2025","1","Santa Fe","400","3.071"
"2025","1","Santa Fe","450","1"
"2025","1","Santa Fe","500","7.381"
"2025","1","Santa Fe","600","6.176"
"2025","1","Santa Fe","667","1"
"2025","1","Santa Fe","700","1"
"2025","1","Santa Fe","800","416"
"2025","1","Santa Fe","917","1"
"2025","1","Santa Fe","999","3"
"2025","1","Santa Fe","1000","1.844"
"2025","1","Santa Fe","1024","1"
"2025","1","Santa Fe","1600","36"
"2025","1","Santa Fe","226,5","6.500"
"2025","1","Santiago Del Estero","0","3.127"
"2025","1","Santiago Del Estero","1","108"
"2025","1","Santiago Del Estero","2","380"
"2025","1","Santiago Del Estero","3","4.739"
"2025","1","Santiago Del Estero","4","1.220"
"2025","1","Santiago Del Estero","5","388"
"2025","1","Santiago Del Estero","0,5","39"
"2025","1","Santiago Del Estero","6","1.044"
"2025","1","Santiago Del Estero","7","352"
"2025","1","Santiago Del Estero","8","113"
"2025","1","Santiago Del Estero","10","3.645"
"2025","1","Santiago Del Estero","12","16"
"2025","1","Santiago Del Estero","15","152"
"2025","1","Santiago Del Estero","1,5","307"
"2025","1","Santiago Del Estero","20","13.942"
"2025","1","Santiago Del Estero","25","21"
"2025","1","Santiago Del Estero","30","4.553"
"2025","1","Santiago Del Estero","40","45"
"2025","1","Santiago Del Estero","50","22.288"
"2025","1","Santiago Del Estero","0,51","139"
"2025","1","Santiago Del Estero","60","1"
"2025","1","Santiago Del Estero","64","1"
"2025","1","Santiago Del Estero","0,75","908"
"2025","1","Santiago Del Estero","100","39.596"
"2025","1","Santiago Del Estero","150","2"
"2025","1","Santiago Del Estero","300","15.876"
"2025","1","Santiago Del Estero","500","515"
"2025","1","Santiago Del Estero","600","389"
"2025","1","Santiago Del Estero","1000","96"
"2025","1","Santiago Del Estero","1024","4"
"2025","1","Santiago Del Estero","2048","1"
"2025","1","Santiago Del Estero","226,5","2.531"
"2025","1","Santiago Del Estero","3072","1"
"2025","1","Santiago Del Estero","8192","1"
"2025","1","Tierra Del Fuego","0","9.336"
"2025","1","Tierra Del Fuego","1","592"
"2025","1","Tierra Del Fuego","2","1"
"2025","1","Tierra Del Fuego","3","231"
"2025","1","Tierra Del Fuego","4","76"
"2025","1","Tierra Del Fuego","5","244"
"2025","1","Tierra Del Fuego","0,5","6"
"2025","1","Tierra Del Fuego","6","2.800"
"2025","1","Tierra Del Fuego","8","591"
"2025","1","Tierra Del Fuego","9","3"
"2025","1","Tierra Del Fuego","10","725"
"2025","1","Tierra Del Fuego","12","334"
"2025","1","Tierra Del Fuego","14","3"
"2025","1","Tierra Del Fuego","15","2.239"
"2025","1","Tierra Del Fuego","18","811"
"2025","1","Tierra Del Fuego","20","8.618"
"2025","1","Tierra Del Fuego","24","2.438"
"2025","1","Tierra Del Fuego","25","16.154"
"2025","1","Tierra Del Fuego","30","190"
"2025","1","Tierra Del Fuego","35","488"
"2025","1","Tierra Del Fuego","40","215"
"2025","1","Tierra Del Fuego","45","1"
"2025","1","Tierra Del Fuego","49","383"
"2025","1","Tierra Del Fuego","50","5.296"
"2025","1","Tierra Del Fuego","0,51","11"
"2025","1","Tierra Del Fuego","60","129"
"2025","1","Tierra Del Fuego","70","4"
"2025","1","Tierra Del Fuego","100","915"
"2025","1","Tierra Del Fuego","101","1"
"2025","1","Tierra Del Fuego","120","3"
"2025","1","Tierra Del Fuego","150","30"
"2025","1","Tierra Del Fuego","200","9"
"2025","1","Tierra Del Fuego","300","980"
"2025","1","Tierra Del Fuego","500","3"
"2025","1","Tierra Del Fuego","1000","29"
"2025","1","Tierra Del Fuego","1024","3"
"2025","1","Tierra Del Fuego","2048","1"
"2025","1","Tierra Del Fuego","226,5","4.386"
"2025","1","Tierra Del Fuego","4096","1"
"2025","1","Tucumán","0","334"
"2025","1","Tucumán","1","378"
"2025","1","Tucumán","2","116"
"2025","1","Tucumán","3","2.761"
"2025","1","Tucumán","4","44"
"2025","1","Tucumán","5","848"
"2025","1","Tucumán","0,5","19"
"2025","1","Tucumán","6","3.425"
"2025","1","Tucumán","7","143"
"2025","1","Tucumán","8","145"
"2025","1","Tucumán","9","1"
"2025","1","Tucumán","10","13.246"
"2025","1","Tucumán","12","12.610"
"2025","1","Tucumán","15","541"
"2025","1","Tucumán","20","5.405"
"2025","1","Tucumán","24","444"
"2025","1","Tucumán","25","20"
"2025","1","Tucumán","26","1"
"2025","1","Tucumán","30","1.987"
"2025","1","Tucumán","35","2"
"2025","1","Tucumán","3,5","2.271"
"2025","1","Tucumán","40","74"
"2025","1","Tucumán","50","71.999"
"2025","1","Tucumán","0,51","20"
"2025","1","Tucumán","60","1"
"2025","1","Tucumán","70","31"
"2025","1","Tucumán","90","1"
"2025","1","Tucumán","100","79.617"
"2025","1","Tucumán","164","1"
"2025","1","Tucumán","200","1"
"2025","1","Tucumán","300","67.005"
"2025","1","Tucumán","500","2.178"
"2025","1","Tucumán","600","2.990"
"2025","1","Tucumán","1000","333"
"2025","1","Tucumán","226,5","3.451"
"2024","4","Buenos Aires","0","51.378"
"2024","4","Buenos Aires","1","18.441"
"2024","4","Buenos Aires","2","19.056"
"2024","4","Buenos Aires","3","45.250"
"2024","4","Buenos Aires","4","13.007"
"2024","4","Buenos Aires","5","27.202"
"2024","4","Buenos Aires","0,5","459"
"2024","4","Buenos Aires","6","71.256"
"2024","4","Buenos Aires","7","9.895"
"2024","4","Buenos Aires","8","20.216"
"2024","4","Buenos Aires","9","878"
"2024","4","Buenos Aires","10","124.276"
"2024","4","Buenos Aires","11","647"
"2024","4","Buenos Aires","12","20.086"
"2024","4","Buenos Aires","13","228"
"2024","4","Buenos Aires","14","218"
"2024","4","Buenos Aires","15","64.550"
"2024","4","Buenos Aires","1,5","158"
"2024","4","Buenos Aires","16","155"
"2024","4","Buenos Aires","18","1.042"
"2024","4","Buenos Aires","19","5"
"2024","4","Buenos Aires","20","132.241"
"2024","4","Buenos Aires","21","1"
"2024","4","Buenos Aires","22","1"
"2024","4","Buenos Aires","23","20"
"2024","4","Buenos Aires","24","591"
"2024","4","Buenos Aires","25","38.796"
"2024","4","Buenos Aires","2,5","21"
"2024","4","Buenos Aires","26","112"
"2024","4","Buenos Aires","0,26","19"
"2024","4","Buenos Aires","30","84.630"
"2024","4","Buenos Aires","31","3.257"
"2024","4","Buenos Aires","32","16"
"2024","4","Buenos Aires","35","2.912"
"2024","4","Buenos Aires","3,5","3.417"
"2024","4","Buenos Aires","36","9"
"2024","4","Buenos Aires","40","5.676"
"2024","4","Buenos Aires","41","9"
"2024","4","Buenos Aires","45","611"
"2024","4","Buenos Aires","46","1.902"
"2024","4","Buenos Aires","48","751"
"2024","4","Buenos Aires","49","1"
"2024","4","Buenos Aires","50","492.440"
"2024","4","Buenos Aires","51","1"
"2024","4","Buenos Aires","0,51","291"
"2024","4","Buenos Aires","55","471"
"2024","4","Buenos Aires","59","59"
"2024","4","Buenos Aires","60","41.385"
"2024","4","Buenos Aires","61","78"
"2024","4","Buenos Aires","65","90"
"2024","4","Buenos Aires","70","8.957"
"2024","4","Buenos Aires","75","2.576"
"2024","4","Buenos Aires","0,75","276"
"2024","4","Buenos Aires","80","11.215"
"2024","4","Buenos Aires","85","16"
"2024","4","Buenos Aires","90","3"
"2024","4","Buenos Aires","100","1.088.522"
"2024","4","Buenos Aires","101","11.697"
"2024","4","Buenos Aires","105","10"
"2024","4","Buenos Aires","120","546"
"2024","4","Buenos Aires","125","2"
"2024","4","Buenos Aires","150","348.048"
"2024","4","Buenos Aires","160","1.665"
"2024","4","Buenos Aires","200","12.307"
"2024","4","Buenos Aires","205","3"
"2024","4","Buenos Aires","212","1"
"2024","4","Buenos Aires","220","1"
"2024","4","Buenos Aires","240","948"
"2024","4","Buenos Aires","246","48"
"2024","4","Buenos Aires","250","362"
"2024","4","Buenos Aires","256","15"
"2024","4","Buenos Aires","300","1.944.000"
"2024","4","Buenos Aires","301","325"
"2024","4","Buenos Aires","302","18.203"
"2024","4","Buenos Aires","320","28"
"2024","4","Buenos Aires","400","1.946"
"2024","4","Buenos Aires","480","5"
"2024","4","Buenos Aires","500","217.467"
"2024","4","Buenos Aires","512","663"
"2024","4","Buenos Aires","600","20.474"
"2024","4","Buenos Aires","700","20.645"
"2024","4","Buenos Aires","800","577"
"2024","4","Buenos Aires","940","61.209"
"2024","4","Buenos Aires","999","31"
"2024","4","Buenos Aires","1000","129.761"
"2024","4","Buenos Aires","2000","2"
"2024","4","Buenos Aires","226,5","20.416"
"2024","4","CABA","0","0"
"2024","4","CABA","1","2.693"
"2024","4","CABA","2","229"
"2024","4","CABA","3","2.426"
"2024","4","CABA","4","991"
"2024","4","CABA","5","3.309"
"2024","4","CABA","0,5","228"
"2024","4","CABA","6","7.934"
"2024","4","CABA","7","11"
"2024","4","CABA","8","1.037"
"2024","4","CABA","9","36"
"2024","4","CABA","10","23.253"
"2024","4","CABA","11","5"
"2024","4","CABA","12","94"
"2024","4","CABA","14","28"
"2024","4","CABA","15","8.533"
"2024","4","CABA","1,5","9"
"2024","4","CABA","16","5"
"2024","4","CABA","19","24"
"2024","4","CABA","20","8.845"
"2024","4","CABA","21","1"
"2024","4","CABA","25","224"
"2024","4","CABA","0,26","31"
"2024","4","CABA","30","6.613"
"2024","4","CABA","35","23"
"2024","4","CABA","3,5","1.503"
"2024","4","CABA","40","230"
"2024","4","CABA","45","9"
"2024","4","CABA","46","223"
"2024","4","CABA","50","60.214"
"2024","4","CABA","0,51","158"
"2024","4","CABA","55","1"
"2024","4","CABA","60","6.266"
"2024","4","CABA","66","1"
"2024","4","CABA","70","3"
"2024","4","CABA","75","730"
"2024","4","CABA","0,75","374"
"2024","4","CABA","80","13"
"2024","4","CABA","100","384.731"
"2024","4","CABA","101","1.299"
"2024","4","CABA","110","1"
"2024","4","CABA","120","31"
"2024","4","CABA","125","3"
"2024","4","CABA","150","106.439"
"2024","4","CABA","160","5"
"2024","4","CABA","200","3.301"
"2024","4","CABA","220","1"
"2024","4","CABA","225","1"
"2024","4","CABA","250","1.443"
"2024","4","CABA","275","1"
"2024","4","CABA","300","673.307"
"2024","4","CABA","301","23"
"2024","4","CABA","302","1.547"
"2024","4","CABA","325","2"
"2024","4","CABA","400","7"
"2024","4","CABA","500","76.782"
"2024","4","CABA","600","516"
"2024","4","CABA","700","1.921"
"2024","4","CABA","800","1"
"2024","4","CABA","940","6.917"
"2024","4","CABA","998","1"
"2024","4","CABA","999","35"
"2024","4","CABA","1000","68.364"
"2024","4","CABA","2000","3"
"2024","4","CABA","226,5","1.198"
"2024","4","Catamarca","0","0"
"2024","4","Catamarca","1","129"
"2024","4","Catamarca","2","115"
"2024","4","Catamarca","3","1.517"
"2024","4","Catamarca","5","326"
"2024","4","Catamarca","0,5","34"
"2024","4","Catamarca","6","495"
"2024","4","Catamarca","10","2.709"
"2024","4","Catamarca","12","8"
"2024","4","Catamarca","15","1.831"
"2024","4","Catamarca","20","1.633"
"2024","4","Catamarca","24","2.163"
"2024","4","Catamarca","25","47"
"2024","4","Catamarca","30","851"
"2024","4","Catamarca","50","29.728"
"2024","4","Catamarca","0,51","37"
"2024","4","Catamarca","100","20.266"
"2024","4","Catamarca","200","42"
"2024","4","Catamarca","300","12.129"
"2024","4","Catamarca","500","302"
"2024","4","Catamarca","600","1.321"
"2024","4","Catamarca","1000","40"
"2024","4","Catamarca","226,5","1.704"
"2024","4","Chaco","0","5.208"
"2024","4","Chaco","1","244"
"2024","4","Chaco","2","776"
"2024","4","Chaco","3","2.755"
"2024","4","Chaco","4","493"
"2024","4","Chaco","5","3.810"
"2024","4","Chaco","0,5","234"
"2024","4","Chaco","6","3.453"
"2024","4","Chaco","7","152"
"2024","4","Chaco","8","222"
"2024","4","Chaco","9","1"
"2024","4","Chaco","10","7.152"
"2024","4","Chaco","12","137"
"2024","4","Chaco","15","6.082"
"2024","4","Chaco","20","975"
"2024","4","Chaco","25","3.520"
"2024","4","Chaco","30","6.726"
"2024","4","Chaco","35","2"
"2024","4","Chaco","3,5","167"
"2024","4","Chaco","40","328"
"2024","4","Chaco","48","1.924"
"2024","4","Chaco","50","31.309"
"2024","4","Chaco","0,51","2"
"2024","4","Chaco","60","339"
"2024","4","Chaco","70","20"
"2024","4","Chaco","100","53.718"
"2024","4","Chaco","120","631"
"2024","4","Chaco","150","4"
"2024","4","Chaco","200","1.093"
"2024","4","Chaco","250","231"
"2024","4","Chaco","300","28.037"
"2024","4","Chaco","500","1.256"
"2024","4","Chaco","600","1.023"
"2024","4","Chaco","1000","168"
"2024","4","Chaco","226,5","1.668"
"2024","4","Chubut","0","6.229"
"2024","4","Chubut","1","322"
"2024","4","Chubut","2","1.838"
"2024","4","Chubut","3","5.984"
"2024","4","Chubut","4","6.135"
"2024","4","Chubut","5","87"
"2024","4","Chubut","0,5","64"
"2024","4","Chubut","6","16.908"
"2024","4","Chubut","7","77"
"2024","4","Chubut","8","1.391"
"2024","4","Chubut","9","15"
"2024","4","Chubut","10","8.995"
"2024","4","Chubut","11","1"
"2024","4","Chubut","12","2.849"
"2024","4","Chubut","14","63"
"2024","4","Chubut","15","6.474"
"2024","4","Chubut","1,5","4"
"2024","4","Chubut","16","141"
"2024","4","Chubut","20","4.937"
"2024","4","Chubut","24","6.407"
"2024","4","Chubut","25","6.488"
"2024","4","Chubut","0,26","8"
"2024","4","Chubut","30","9.392"
"2024","4","Chubut","3,5","68"
"2024","4","Chubut","40","3"
"2024","4","Chubut","45","3"
"2024","4","Chubut","50","55.938"
"2024","4","Chubut","0,51","34"
"2024","4","Chubut","80","218"
"2024","4","Chubut","100","7.082"
"2024","4","Chubut","101","18"
"2024","4","Chubut","200","1"
"2024","4","Chubut","300","21.752"
"2024","4","Chubut","301","2"
"2024","4","Chubut","302","14"
"2024","4","Chubut","500","4.063"
"2024","4","Chubut","600","55"
"2024","4","Chubut","700","850"
"2024","4","Chubut","940","2.395"
"2024","4","Chubut","999","1"
"2024","4","Chubut","226,5","3.742"
"2024","4","Córdoba","0","15.729"
"2024","4","Córdoba","1","6.644"
"2024","4","Córdoba","2","7.364"
"2024","4","Córdoba","3","19.473"
"2024","4","Córdoba","4","9.335"
"2024","4","Córdoba","5","6.132"
"2024","4","Córdoba","0,5","87"
"2024","4","Córdoba","6","48.806"
"2024","4","Córdoba","7","1.821"
"2024","4","Córdoba","8","9.616"
"2024","4","Córdoba","9","683"
"2024","4","Córdoba","10","55.857"
"2024","4","Córdoba","11","84"
"2024","4","Córdoba","12","11.043"
"2024","4","Córdoba","13","19"
"2024","4","Córdoba","14","9"
"2024","4","Córdoba","15","13.363"
"2024","4","Córdoba","1,5","7"
"2024","4","Córdoba","16","134"
"2024","4","Córdoba","18","618"
"2024","4","Córdoba","20","16.774"
"2024","4","Córdoba","22","600"
"2024","4","Córdoba","2,2","18"
"2024","4","Córdoba","24","2"
"2024","4","Córdoba","25","19.455"
"2024","4","Córdoba","2,5","133"
"2024","4","Córdoba","0,26","2"
"2024","4","Córdoba","30","9.909"
"2024","4","Córdoba","33","1"
"2024","4","Córdoba","3,3","3"
"2024","4","Córdoba","35","52"
"2024","4","Córdoba","3,5","4.707"
"2024","4","Córdoba","40","6.217"
"2024","4","Córdoba","45","4"
"2024","4","Córdoba","50","232.605"
"2024","4","Córdoba","0,51","10"
"2024","4","Córdoba","60","5.564"
"2024","4","Córdoba","6,4","5"
"2024","4","Córdoba","70","11"
"2024","4","Córdoba","75","511"
"2024","4","Córdoba","0,75","66"
"2024","4","Córdoba","80","497"
"2024","4","Córdoba","100","291.443"
"2024","4","Córdoba","10,1","18"
"2024","4","Córdoba","10,2","53"
"2024","4","Córdoba","120","1.475"
"2024","4","Córdoba","12,3","15"
"2024","4","Córdoba","140","1"
"2024","4","Córdoba","150","100"
"2024","4","Córdoba","200","12.402"
"2024","4","Córdoba","20,5","1"
"2024","4","Córdoba","225","1"
"2024","4","Córdoba","250","1"
"2024","4","Córdoba","25,1","311"
"2024","4","Córdoba","25,5","13"
"2024","4","Córdoba","300","257.645"
"2024","4","Córdoba","500","15.880"
"2024","4","Córdoba","50,1","402"
"2024","4","Córdoba","512","21"
"2024","4","Córdoba","600","7.369"
"2024","4","Córdoba","700","65"
"2024","4","Córdoba","800","1"
"2024","4","Córdoba","850","1"
"2024","4","Córdoba","940","156"
"2024","4","Córdoba","1000","4.454"
"2024","4","Córdoba","100,1","1"
"2024","4","Córdoba","226,5","11.484"
"2024","4","Córdoba","50,25","9"
"2024","4","Córdoba","100,25","16"
"2024","4","Corrientes","0","5.176"
"2024","4","Corrientes","1","2.092"
"2024","4","Corrientes","2","1.733"
"2024","4","Corrientes","3","3.473"
"2024","4","Corrientes","4","1.666"
"2024","4","Corrientes","5","2.944"
"2024","4","Corrientes","0,5","10"
"2024","4","Corrientes","6","5.206"
"2024","4","Corrientes","8","4.891"
"2024","4","Corrientes","10","8.080"
"2024","4","Corrientes","12","8"
"2024","4","Corrientes","15","865"
"2024","4","Corrientes","16","2.729"
"2024","4","Corrientes","20","1.656"
"2024","4","Corrientes","25","1.683"
"2024","4","Corrientes","30","857"
"2024","4","Corrientes","3,5","480"
"2024","4","Corrientes","40","2.813"
"2024","4","Corrientes","50","33.050"
"2024","4","Corrientes","0,51","57"
"2024","4","Corrientes","0,75","118"
"2024","4","Corrientes","100","39.351"
"2024","4","Corrientes","120","1.694"
"2024","4","Corrientes","200","2.564"
"2024","4","Corrientes","250","414"
"2024","4","Corrientes","300","31.324"
"2024","4","Corrientes","500","1.464"
"2024","4","Corrientes","600","32"
"2024","4","Corrientes","1000","467"
"2024","4","Corrientes","226,5","2.859"
"2024","4","Entre Ríos","0","18.047"
"2024","4","Entre Ríos","1","3.853"
"2024","4","Entre Ríos","2","4.306"
"2024","4","Entre Ríos","3","6.310"
"2024","4","Entre Ríos","4","2.230"
"2024","4","Entre Ríos","5","6.043"
"2024","4","Entre Ríos","0,5","20"
"2024","4","Entre Ríos","6","11.138"
"2024","4","Entre Ríos","7","883"
"2024","4","Entre Ríos","8","2.422"
"2024","4","Entre Ríos","10","34.829"
"2024","4","Entre Ríos","12","1.482"
"2024","4","Entre Ríos","15","5.717"
"2024","4","Entre Ríos","16","1"
"2024","4","Entre Ríos","20","9.912"
"2024","4","Entre Ríos","25","945"
"2024","4","Entre Ríos","0,26","1"
"2024","4","Entre Ríos","30","9.990"
"2024","4","Entre Ríos","3,5","390"
"2024","4","Entre Ríos","50","39.651"
"2024","4","Entre Ríos","0,51","86"
"2024","4","Entre Ríos","58","1"
"2024","4","Entre Ríos","0,75","113"
"2024","4","Entre Ríos","100","74.695"
"2024","4","Entre Ríos","120","583"
"2024","4","Entre Ríos","150","1"
"2024","4","Entre Ríos","181","38"
"2024","4","Entre Ríos","200","2.220"
"2024","4","Entre Ríos","250","152"
"2024","4","Entre Ríos","300","57.373"
"2024","4","Entre Ríos","400","1"
"2024","4","Entre Ríos","500","2.598"
"2024","4","Entre Ríos","1000","981"
"2024","4","Entre Ríos","1314","80"
"2024","4","Entre Ríos","1453","99"
"2024","4","Entre Ríos","2108","132"
"2024","4","Entre Ríos","2110","109"
"2024","4","Entre Ríos","226,5","3.413"
"2024","4","Formosa","0","110"
"2024","4","Formosa","1","118"
"2024","4","Formosa","2","1.348"
"2024","4","Formosa","3","10.154"
"2024","4","Formosa","4","3.296"
"2024","4","Formosa","5","2.377"
"2024","4","Formosa","0,5","49"
"2024","4","Formosa","6","4.560"
"2024","4","Formosa","7","108"
"2024","4","Formosa","8","162"
"2024","4","Formosa","10","10.097"
"2024","4","Formosa","12","40"
"2024","4","Formosa","15","1.186"
"2024","4","Formosa","20","2.405"
"2024","4","Formosa","25","8"
"2024","4","Formosa","30","278"
"2024","4","Formosa","35","3"
"2024","4","Formosa","40","19"
"2024","4","Formosa","50","1.510"
"2024","4","Formosa","0,51","35"
"2024","4","Formosa","100","12.357"
"2024","4","Formosa","200","2"
"2024","4","Formosa","300","13.285"
"2024","4","Formosa","400","3"
"2024","4","Formosa","500","427"
"2024","4","Formosa","1000","174"
"2024","4","Formosa","226,5","1.044"
"2024","4","Jujuy","0","1.352"
"2024","4","Jujuy","1","1.095"
"2024","4","Jujuy","2","1.637"
"2024","4","Jujuy","3","1.538"
"2024","4","Jujuy","4","2.889"
"2024","4","Jujuy","5","3.634"
"2024","4","Jujuy","0,5","26"
"2024","4","Jujuy","6","1.602"
"2024","4","Jujuy","7","10"
"2024","4","Jujuy","8","1.229"
"2024","4","Jujuy","10","12.133"
"2024","4","Jujuy","12","23.495"
"2024","4","Jujuy","15","526"
"2024","4","Jujuy","18","4"
"2024","4","Jujuy","20","3.521"
"2024","4","Jujuy","25","8"
"2024","4","Jujuy","30","1.007"
"2024","4","Jujuy","41","1"
"2024","4","Jujuy","50","48.395"
"2024","4","Jujuy","0,51","32"
"2024","4","Jujuy","75","1"
"2024","4","Jujuy","100","17.124"
"2024","4","Jujuy","165","2"
"2024","4","Jujuy","200","1"
"2024","4","Jujuy","300","7.581"
"2024","4","Jujuy","500","238"
"2024","4","Jujuy","512","200"
"2024","4","Jujuy","600","492"
"2024","4","Jujuy","1000","29"
"2024","4","Jujuy","226,5","905"
"2024","4","La Pampa","0","2.540"
"2024","4","La Pampa","1","460"
"2024","4","La Pampa","2","2.076"
"2024","4","La Pampa","3","5.295"
"2024","4","La Pampa","4","1.978"
"2024","4","La Pampa","5","2.156"
"2024","4","La Pampa","0,5","4"
"2024","4","La Pampa","6","27.078"
"2024","4","La Pampa","7","516"
"2024","4","La Pampa","8","141"
"2024","4","La Pampa","9","3"
"2024","4","La Pampa","10","11.865"
"2024","4","La Pampa","14","3"
"2024","4","La Pampa","15","5.294"
"2024","4","La Pampa","1,5","188"
"2024","4","La Pampa","20","7.526"
"2024","4","La Pampa","25","773"
"2024","4","La Pampa","0,26","3"
"2024","4","La Pampa","30","3.386"
"2024","4","La Pampa","35","1"
"2024","4","La Pampa","3,5","1"
"2024","4","La Pampa","40","6.727"
"2024","4","La Pampa","50","25.403"
"2024","4","La Pampa","0,51","63"
"2024","4","La Pampa","60","89"
"2024","4","La Pampa","75","8"
"2024","4","La Pampa","80","3.566"
"2024","4","La Pampa","100","11.263"
"2024","4","La Pampa","120","2.737"
"2024","4","La Pampa","200","10"
"2024","4","La Pampa","240","2.392"
"2024","4","La Pampa","250","59"
"2024","4","La Pampa","300","1.346"
"2024","4","La Pampa","400","1.835"
"2024","4","La Pampa","500","369"
"2024","4","La Pampa","700","117"
"2024","4","La Pampa","1000","6"
"2024","4","La Pampa","226,5","1.064"
"2024","4","La Rioja","0","0"
"2024","4","La Rioja","1","340"
"2024","4","La Rioja","2","8"
"2024","4","La Rioja","3","269"
"2024","4","La Rioja","4","2"
"2024","4","La Rioja","5","182"
"2024","4","La Rioja","0,5","9"
"2024","4","La Rioja","6","441"
"2024","4","La Rioja","8","85"
"2024","4","La Rioja","10","821"
"2024","4","La Rioja","11","22"
"2024","4","La Rioja","12","15.352"
"2024","4","La Rioja","15","219"
"2024","4","La Rioja","20","9.013"
"2024","4","La Rioja","24","11"
"2024","4","La Rioja","30","4.503"
"2024","4","La Rioja","50","37.370"
"2024","4","La Rioja","0,51","9"
"2024","4","La Rioja","100","10.924"
"2024","4","La Rioja","200","137"
"2024","4","La Rioja","300","7.419"
"2024","4","La Rioja","500","357"
"2024","4","La Rioja","1000","45"
"2024","4","La Rioja","226,5","271"
"2024","4","Mendoza","0","2.641"
"2024","4","Mendoza","1","2.269"
"2024","4","Mendoza","2","3.094"
"2024","4","Mendoza","3","4.412"
"2024","4","Mendoza","4","1.806"
"2024","4","Mendoza","5","1.056"
"2024","4","Mendoza","0,5","19"
"2024","4","Mendoza","6","14.193"
"2024","4","Mendoza","7","18"
"2024","4","Mendoza","8","290"
"2024","4","Mendoza","9","1.231"
"2024","4","Mendoza","10","9.240"
"2024","4","Mendoza","11","6"
"2024","4","Mendoza","12","4.223"
"2024","4","Mendoza","14","4"
"2024","4","Mendoza","15","4.309"
"2024","4","Mendoza","1,5","1.355"
"2024","4","Mendoza","19","3"
"2024","4","Mendoza","20","6.788"
"2024","4","Mendoza","24","679"
"2024","4","Mendoza","25","613"
"2024","4","Mendoza","0,26","1"
"2024","4","Mendoza","30","6.540"
"2024","4","Mendoza","40","15"
"2024","4","Mendoza","45","129"
"2024","4","Mendoza","46","11"
"2024","4","Mendoza","50","98.377"
"2024","4","Mendoza","0,51","36"
"2024","4","Mendoza","70","1"
"2024","4","Mendoza","90","1"
"2024","4","Mendoza","100","60.993"
"2024","4","Mendoza","101","216"
"2024","4","Mendoza","120","1"
"2024","4","Mendoza","200","672"
"2024","4","Mendoza","300","88.663"
"2024","4","Mendoza","301","20"
"2024","4","Mendoza","302","406"
"2024","4","Mendoza","500","10.580"
"2024","4","Mendoza","600","2.097"
"2024","4","Mendoza","700","1.994"
"2024","4","Mendoza","940","6.224"
"2024","4","Mendoza","1000","87"
"2024","4","Mendoza","226,5","2.622"
"2024","4","Misiones","0","8.148"
"2024","4","Misiones","1","2.999"
"2024","4","Misiones","2","11.017"
"2024","4","Misiones","3","3.337"
"2024","4","Misiones","4","1.705"
"2024","4","Misiones","5","3.027"
"2024","4","Misiones","0,5","47"
"2024","4","Misiones","6","5.855"
"2024","4","Misiones","7","8.033"
"2024","4","Misiones","8","30"
"2024","4","Misiones","10","18.792"
"2024","4","Misiones","12","146"
"2024","4","Misiones","13","1"
"2024","4","Misiones","15","1.024"
"2024","4","Misiones","16","1"
"2024","4","Misiones","20","7.520"
"2024","4","Misiones","25","69"
"2024","4","Misiones","30","4.442"
"2024","4","Misiones","3,5","4"
"2024","4","Misiones","40","72"
"2024","4","Misiones","45","28"
"2024","4","Misiones","50","36.191"
"2024","4","Misiones","0,51","4"
"2024","4","Misiones","60","19"
"2024","4","Misiones","70","1"
"2024","4","Misiones","75","7"
"2024","4","Misiones","100","47.502"
"2024","4","Misiones","120","476"
"2024","4","Misiones","150","1.027"
"2024","4","Misiones","200","6.753"
"2024","4","Misiones","250","216"
"2024","4","Misiones","300","36.922"
"2024","4","Misiones","350","5"
"2024","4","Misiones","500","1.090"
"2024","4","Misiones","600","2.213"
"2024","4","Misiones","1000","288"
"2024","4","Misiones","226,5","2.174"
"2024","4","Neuquén","0","9.780"
"2024","4","Neuquén","1","598"
"2024","4","Neuquén","2","1.626"
"2024","4","Neuquén","3","5.415"
"2024","4","Neuquén","4","1.286"
"2024","4","Neuquén","5","6.306"
"2024","4","Neuquén","0,5","40"
"2024","4","Neuquén","6","8.734"
"2024","4","Neuquén","7","246"
"2024","4","Neuquén","8","2.165"
"2024","4","Neuquén","9","4"
"2024","4","Neuquén","10","7.327"
"2024","4","Neuquén","12","3.599"
"2024","4","Neuquén","14","6"
"2024","4","Neuquén","15","2.435"
"2024","4","Neuquén","1,5","5"
"2024","4","Neuquén","20","2.687"
"2024","4","Neuquén","25","40"
"2024","4","Neuquén","30","1.287"
"2024","4","Neuquén","3,5","6.942"
"2024","4","Neuquén","40","66"
"2024","4","Neuquén","45","3"
"2024","4","Neuquén","50","8.109"
"2024","4","Neuquén","0,51","83"
"2024","4","Neuquén","60","7"
"2024","4","Neuquén","0,75","1"
"2024","4","Neuquén","100","41.320"
"2024","4","Neuquén","101","349"
"2024","4","Neuquén","150","4"
"2024","4","Neuquén","200","9"
"2024","4","Neuquén","250","1"
"2024","4","Neuquén","300","52.690"
"2024","4","Neuquén","301","18"
"2024","4","Neuquén","302","692"
"2024","4","Neuquén","400","1"
"2024","4","Neuquén","500","8.745"
"2024","4","Neuquén","700","1.014"
"2024","4","Neuquén","940","3.131"
"2024","4","Neuquén","1000","620"
"2024","4","Neuquén","226,5","9.721"
"2024","4","Río Negro","0","14.239"
"2024","4","Río Negro","1","673"
"2024","4","Río Negro","2","707"
"2024","4","Río Negro","3","6.132"
"2024","4","Río Negro","4","1.098"
"2024","4","Río Negro","5","2.045"
"2024","4","Río Negro","0,5","19"
"2024","4","Río Negro","6","8.593"
"2024","4","Río Negro","7","157"
"2024","4","Río Negro","8","1.919"
"2024","4","Río Negro","9","7"
"2024","4","Río Negro","10","9.679"
"2024","4","Río Negro","11","18"
"2024","4","Río Negro","12","709"
"2024","4","Río Negro","14","63"
"2024","4","Río Negro","15","4.679"
"2024","4","Río Negro","1,5","5"
"2024","4","Río Negro","16","2"
"2024","4","Río Negro","18","18"
"2024","4","Río Negro","20","6.969"
"2024","4","Río Negro","25","906"
"2024","4","Río Negro","30","2.652"
"2024","4","Río Negro","32","32"
"2024","4","Río Negro","3,5","5"
"2024","4","Río Negro","40","31"
"2024","4","Río Negro","45","5"
"2024","4","Río Negro","50","29.594"
"2024","4","Río Negro","0,51","81"
"2024","4","Río Negro","60","172"
"2024","4","Río Negro","75","369"
"2024","4","Río Negro","0,75","1"
"2024","4","Río Negro","80","110"
"2024","4","Río Negro","100","30.033"
"2024","4","Río Negro","101","96"
"2024","4","Río Negro","120","80"
"2024","4","Río Negro","122","34"
"2024","4","Río Negro","150","1"
"2024","4","Río Negro","180","10.919"
"2024","4","Río Negro","200","1.189"
"2024","4","Río Negro","300","34.612"
"2024","4","Río Negro","301","2"
"2024","4","Río Negro","302","84"
"2024","4","Río Negro","330","677"
"2024","4","Río Negro","400","24"
"2024","4","Río Negro","500","3.229"
"2024","4","Río Negro","520","40"
"2024","4","Río Negro","540","265"
"2024","4","Río Negro","700","446"
"2024","4","Río Negro","900","110"
"2024","4","Río Negro","940","1.083"
"2024","4","Río Negro","1000","309"
"2024","4","Río Negro","226,5","4.550"
"2024","4","Salta","0","5.979"
"2024","4","Salta","1","736"
"2024","4","Salta","2","1.538"
"2024","4","Salta","3","4.636"
"2024","4","Salta","4","8.036"
"2024","4","Salta","5","5.519"
"2024","4","Salta","0,5","41"
"2024","4","Salta","6","4.272"
"2024","4","Salta","7","326"
"2024","4","Salta","8","6.968"
"2024","4","Salta","10","8.714"
"2024","4","Salta","12","88"
"2024","4","Salta","15","5.003"
"2024","4","Salta","18","4"
"2024","4","Salta","20","1.006"
"2024","4","Salta","25","1"
"2024","4","Salta","27","1"
"2024","4","Salta","30","4.202"
"2024","4","Salta","3,5","8"
"2024","4","Salta","50","27.778"
"2024","4","Salta","0,51","73"
"2024","4","Salta","0,75","1"
"2024","4","Salta","80","50"
"2024","4","Salta","100","58.163"
"2024","4","Salta","120","35"
"2024","4","Salta","200","1"
"2024","4","Salta","240","521"
"2024","4","Salta","300","38.499"
"2024","4","Salta","400","47"
"2024","4","Salta","500","1.287"
"2024","4","Salta","600","1.606"
"2024","4","Salta","800","36"
"2024","4","Salta","999","1"
"2024","4","Salta","1000","479"
"2024","4","Salta","226,5","4.050"
"2024","4","San Juan","0","16.524"
"2024","4","San Juan","1","1.323"
"2024","4","San Juan","2","605"
"2024","4","San Juan","3","4.604"
"2024","4","San Juan","4","251"
"2024","4","San Juan","5","265"
"2024","4","San Juan","0,5","15"
"2024","4","San Juan","6","5.236"
"2024","4","San Juan","7","86"
"2024","4","San Juan","8","193"
"2024","4","San Juan","9","4"
"2024","4","San Juan","10","4.178"
"2024","4","San Juan","12","570"
"2024","4","San Juan","14","4"
"2024","4","San Juan","15","1.083"
"2024","4","San Juan","1,5","4"
"2024","4","San Juan","20","1.087"
"2024","4","San Juan","24","182"
"2024","4","San Juan","25","338"
"2024","4","San Juan","30","379"
"2024","4","San Juan","45","29"
"2024","4","San Juan","46","2"
"2024","4","San Juan","50","17.048"
"2024","4","San Juan","0,51","3"
"2024","4","San Juan","60","1"
"2024","4","San Juan","100","15.963"
"2024","4","San Juan","101","178"
"2024","4","San Juan","300","42.570"
"2024","4","San Juan","301","16"
"2024","4","San Juan","302","330"
"2024","4","San Juan","500","8.221"
"2024","4","San Juan","600","254"
"2024","4","San Juan","700","1.337"
"2024","4","San Juan","940","3.077"
"2024","4","San Juan","226,5","879"
"2024","4","San Luis","0","15.545"
"2024","4","San Luis","1","503"
"2024","4","San Luis","2","491"
"2024","4","San Luis","3","2.839"
"2024","4","San Luis","4","1"
"2024","4","San Luis","5","310"
"2024","4","San Luis","0,5","59"
"2024","4","San Luis","6","6.358"
"2024","4","San Luis","7","1"
"2024","4","San Luis","8","825"
"2024","4","San Luis","9","3"
"2024","4","San Luis","10","21.462"
"2024","4","San Luis","12","615"
"2024","4","San Luis","14","1"
"2024","4","San Luis","15","479"
"2024","4","San Luis","1,5","1"
"2024","4","San Luis","20","1.417"
"2024","4","San Luis","25","73.128"
"2024","4","San Luis","30","134"
"2024","4","San Luis","40","35"
"2024","4","San Luis","50","10.060"
"2024","4","San Luis","0,51","1"
"2024","4","San Luis","100","8.333"
"2024","4","San Luis","200","1"
"2024","4","San Luis","300","5.405"
"2024","4","San Luis","500","276"
"2024","4","San Luis","600","863"
"2024","4","San Luis","700","44"
"2024","4","San Luis","940","1.320"
"2024","4","San Luis","999","1"
"2024","4","San Luis","1000","23.382"
"2024","4","San Luis","226,5","1.876"
"2024","4","Santa Cruz","0","35.828"
"2024","4","Santa Cruz","1","278"
"2024","4","Santa Cruz","2","722"
"2024","4","Santa Cruz","3","561"
"2024","4","Santa Cruz","4","488"
"2024","4","Santa Cruz","5","698"
"2024","4","Santa Cruz","0,5","24"
"2024","4","Santa Cruz","6","2.457"
"2024","4","Santa Cruz","8","8"
"2024","4","Santa Cruz","9","8"
"2024","4","Santa Cruz","10","6.230"
"2024","4","Santa Cruz","12","30"
"2024","4","Santa Cruz","14","1"
"2024","4","Santa Cruz","15","4.141"
"2024","4","Santa Cruz","1,5","1"
"2024","4","Santa Cruz","18","1"
"2024","4","Santa Cruz","20","4.341"
"2024","4","Santa Cruz","24","1.044"
"2024","4","Santa Cruz","25","1.454"
"2024","4","Santa Cruz","0,26","3"
"2024","4","Santa Cruz","30","5.584"
"2024","4","Santa Cruz","35","1.139"
"2024","4","Santa Cruz","40","1"
"2024","4","Santa Cruz","50","6.191"
"2024","4","Santa Cruz","0,51","20"
"2024","4","Santa Cruz","75","6.336"
"2024","4","Santa Cruz","100","1.529"
"2024","4","Santa Cruz","150","1.306"
"2024","4","Santa Cruz","200","89"
"2024","4","Santa Cruz","350","128"
"2024","4","Santa Cruz","500","150"
"2024","4","Santa Cruz","226,5","2.068"
"2024","4","Santa Fe","0","28.458"
"2024","4","Santa Fe","1","5.358"
"2024","4","Santa Fe","2","6.274"
"2024","4","Santa Fe","3","20.715"
"2024","4","Santa Fe","4","5.346"
"2024","4","Santa Fe","5","16.307"
"2024","4","Santa Fe","0,5","335"
"2024","4","Santa Fe","6","18.156"
"2024","4","Santa Fe","7","3.975"
"2024","4","Santa Fe","8","10.485"
"2024","4","Santa Fe","9","1.474"
"2024","4","Santa Fe","10","49.538"
"2024","4","Santa Fe","12","1.467"
"2024","4","Santa Fe","13","69"
"2024","4","Santa Fe","15","18.766"
"2024","4","Santa Fe","16","21"
"2024","4","Santa Fe","18","8"
"2024","4","Santa Fe","20","28.032"
"2024","4","Santa Fe","24","39"
"2024","4","Santa Fe","25","14.989"
"2024","4","Santa Fe","2,5","283"
"2024","4","Santa Fe","0,26","32"
"2024","4","Santa Fe","29","1"
"2024","4","Santa Fe","30","15.929"
"2024","4","Santa Fe","35","1"
"2024","4","Santa Fe","3,5","161"
"2024","4","Santa Fe","36","18"
"2024","4","Santa Fe","40","4.827"
"2024","4","Santa Fe","50","172.606"
"2024","4","Santa Fe","51","4"
"2024","4","Santa Fe","0,51","101"
"2024","4","Santa Fe","60","1.209"
"2024","4","Santa Fe","70","130"
"2024","4","Santa Fe","75","107"
"2024","4","Santa Fe","0,75","5"
"2024","4","Santa Fe","80","9.086"
"2024","4","Santa Fe","90","1"
"2024","4","Santa Fe","95","1"
"2024","4","Santa Fe","98","30"
"2024","4","Santa Fe","100","256.118"
"2024","4","Santa Fe","120","1.893"
"2024","4","Santa Fe","140","1"
"2024","4","Santa Fe","150","3.208"
"2024","4","Santa Fe","200","9.352"
"2024","4","Santa Fe","250","503"
"2024","4","Santa Fe","300","181.178"
"2024","4","Santa Fe","400","3.071"
"2024","4","Santa Fe","450","1"
"2024","4","Santa Fe","500","7.294"
"2024","4","Santa Fe","600","5.904"
"2024","4","Santa Fe","700","1"
"2024","4","Santa Fe","800","416"
"2024","4","Santa Fe","999","3"
"2024","4","Santa Fe","1000","1.772"
"2024","4","Santa Fe","1600","36"
"2024","4","Santa Fe","226,5","3.681"
"2024","4","Santiago Del Estero","0","2.930"
"2024","4","Santiago Del Estero","1","129"
"2024","4","Santiago Del Estero","2","381"
"2024","4","Santiago Del Estero","3","4.793"
"2024","4","Santiago Del Estero","4","1.220"
"2024","4","Santiago Del Estero","5","391"
"2024","4","Santiago Del Estero","0,5","39"
"2024","4","Santiago Del Estero","6","1.183"
"2024","4","Santiago Del Estero","7","352"
"2024","4","Santiago Del Estero","8","113"
"2024","4","Santiago Del Estero","10","3.980"
"2024","4","Santiago Del Estero","12","35"
"2024","4","Santiago Del Estero","15","163"
"2024","4","Santiago Del Estero","1,5","307"
"2024","4","Santiago Del Estero","20","18.894"
"2024","4","Santiago Del Estero","25","21"
"2024","4","Santiago Del Estero","30","5.408"
"2024","4","Santiago Del Estero","40","45"
"2024","4","Santiago Del Estero","50","17.136"
"2024","4","Santiago Del Estero","0,51","139"
"2024","4","Santiago Del Estero","60","1"
"2024","4","Santiago Del Estero","0,75","908"
"2024","4","Santiago Del Estero","100","36.343"
"2024","4","Santiago Del Estero","150","2"
"2024","4","Santiago Del Estero","300","13.523"
"2024","4","Santiago Del Estero","500","530"
"2024","4","Santiago Del Estero","600","323"
"2024","4","Santiago Del Estero","1000","98"
"2024","4","Santiago Del Estero","226,5","1.495"
"2024","4","Tierra Del Fuego","0","9.671"
"2024","4","Tierra Del Fuego","1","600"
"2024","4","Tierra Del Fuego","2","2"
"2024","4","Tierra Del Fuego","3","296"
"2024","4","Tierra Del Fuego","4","1.583"
"2024","4","Tierra Del Fuego","5","684"
"2024","4","Tierra Del Fuego","0,5","6"
"2024","4","Tierra Del Fuego","6","1.482"
"2024","4","Tierra Del Fuego","8","592"
"2024","4","Tierra Del Fuego","9","5"
"2024","4","Tierra Del Fuego","10","983"
"2024","4","Tierra Del Fuego","12","453"
"2024","4","Tierra Del Fuego","14","5"
"2024","4","Tierra Del Fuego","15","2.458"
"2024","4","Tierra Del Fuego","1,5","1"
"2024","4","Tierra Del Fuego","18","883"
"2024","4","Tierra Del Fuego","20","8.522"
"2024","4","Tierra Del Fuego","24","2.513"
"2024","4","Tierra Del Fuego","25","16.275"
"2024","4","Tierra Del Fuego","30","159"
"2024","4","Tierra Del Fuego","35","476"
"2024","4","Tierra Del Fuego","40","194"
"2024","4","Tierra Del Fuego","45","1"
"2024","4","Tierra Del Fuego","49","346"
"2024","4","Tierra Del Fuego","50","4.966"
"2024","4","Tierra Del Fuego","0,51","13"
"2024","4","Tierra Del Fuego","60","101"
"2024","4","Tierra Del Fuego","100","853"
"2024","4","Tierra Del Fuego","101","1"
"2024","4","Tierra Del Fuego","150","30"
"2024","4","Tierra Del Fuego","200","5"
"2024","4","Tierra Del Fuego","300","777"
"2024","4","Tierra Del Fuego","500","3"
"2024","4","Tierra Del Fuego","1000","1"
"2024","4","Tierra Del Fuego","226,5","2.334"
"2024","4","Tucumán","1","461"
"2024","4","Tucumán","2","116"
"2024","4","Tucumán","3","3.048"
"2024","4","Tucumán","4","44"
"2024","4","Tucumán","5","816"
"2024","4","Tucumán","0,5","19"
"2024","4","Tucumán","6","4.187"
"2024","4","Tucumán","7","143"
"2024","4","Tucumán","8","145"
"2024","4","Tucumán","9","1"
"2024","4","Tucumán","10","14.866"
"2024","4","Tucumán","12","12.652"
"2024","4","Tucumán","15","656"
"2024","4","Tucumán","20","5.885"
"2024","4","Tucumán","24","474"
"2024","4","Tucumán","25","20"
"2024","4","Tucumán","26","1"
"2024","4","Tucumán","30","2.021"
"2024","4","Tucumán","35","2"
"2024","4","Tucumán","3,5","2.271"
"2024","4","Tucumán","40","91"
"2024","4","Tucumán","50","74.786"
"2024","4","Tucumán","0,51","20"
"2024","4","Tucumán","60","1"
"2024","4","Tucumán","70","31"
"2024","4","Tucumán","90","1"
"2024","4","Tucumán","100","79.477"
"2024","4","Tucumán","164","1"
"2024","4","Tucumán","200","1"
"2024","4","Tucumán","300","60.777"
"2024","4","Tucumán","500","2.209"
"2024","4","Tucumán","600","2.809"
"2024","4","Tucumán","1000","327"
"2024","4","Tucumán","226,5","1.829"
"2024","3","Buenos Aires","0","142.936"
"2024","3","Buenos Aires","1","18.288"
"2024","3","Buenos Aires","2","19.041"
"2024","3","Buenos Aires","3","44.595"
"2024","3","Buenos Aires","4","13.197"
"2024","3","Buenos Aires","0,5","25.048"
"2024","3","Buenos Aires","5","27.171"
"2024","3","Buenos Aires","6","69.093"
"2024","3","Buenos Aires","7","11.150"
"2024","3","Buenos Aires","8","64.036"
"2024","3","Buenos Aires","9","755"
"2024","3","Buenos Aires","10","125.987"
"2024","3","Buenos Aires","11","78"
"2024","3","Buenos Aires","12","20.899"
"2024","3","Buenos Aires","13","236"
"2024","3","Buenos Aires","14","243"
"2024","3","Buenos Aires","1,5","141"
"2024","3","Buenos Aires","15","105.363"
"2024","3","Buenos Aires","16","228"
"2024","3","Buenos Aires","18","1.042"
"2024","3","Buenos Aires","20","130.915"
"2024","3","Buenos Aires","21","1"
"2024","3","Buenos Aires","22","1"
"2024","3","Buenos Aires","23","20"
"2024","3","Buenos Aires","24","84"
"2024","3","Buenos Aires","2,5","21"
"2024","3","Buenos Aires","25","44.017"
"2024","3","Buenos Aires","0,26","25"
"2024","3","Buenos Aires","30","788.029"
"2024","3","Buenos Aires","31","3.257"
"2024","3","Buenos Aires","32","16"
"2024","3","Buenos Aires","35","1.530"
"2024","3","Buenos Aires","3,5","41.735"
"2024","3","Buenos Aires","36","4"
"2024","3","Buenos Aires","40","5.568"
"2024","3","Buenos Aires","41","9"
"2024","3","Buenos Aires","4,5","83"
"2024","3","Buenos Aires","48","659"
"2024","3","Buenos Aires","49","1"
"2024","3","Buenos Aires","50","478.864"
"2024","3","Buenos Aires","51","1"
"2024","3","Buenos Aires","0,51","214"
"2024","3","Buenos Aires","55","255"
"2024","3","Buenos Aires","59","59"
"2024","3","Buenos Aires","60","41.550"
"2024","3","Buenos Aires","61","78"
"2024","3","Buenos Aires","65","90"
"2024","3","Buenos Aires","70","7.238"
"2024","3","Buenos Aires","0,75","4.611"
"2024","3","Buenos Aires","7,5","53"
"2024","3","Buenos Aires","75","2.534"
"2024","3","Buenos Aires","80","9.358"
"2024","3","Buenos Aires","85","16"
"2024","3","Buenos Aires","90","3"
"2024","3","Buenos Aires","100","915.145"
"2024","3","Buenos Aires","102","2"
"2024","3","Buenos Aires","105","14"
"2024","3","Buenos Aires","120","510"
"2024","3","Buenos Aires","125","2"
"2024","3","Buenos Aires","150","364.604"
"2024","3","Buenos Aires","155","28"
"2024","3","Buenos Aires","160","1.306"
"2024","3","Buenos Aires","200","8.015"
"2024","3","Buenos Aires","205","3"
"2024","3","Buenos Aires","212","1"
"2024","3","Buenos Aires","240","938"
"2024","3","Buenos Aires","246","48"
"2024","3","Buenos Aires","250","355"
"2024","3","Buenos Aires","256","15"
"2024","3","Buenos Aires","300","1.201.393"
"2024","3","Buenos Aires","320","27"
"2024","3","Buenos Aires","400","1.094"
"2024","3","Buenos Aires","480","5"
"2024","3","Buenos Aires","500","123.622"
"2024","3","Buenos Aires","512","663"
"2024","3","Buenos Aires","600","18.080"
"2024","3","Buenos Aires","700","1"
"2024","3","Buenos Aires","800","577"
"2024","3","Buenos Aires","999","26"
"2024","3","Buenos Aires","1000","137.987"
"2024","3","CABA","0","0"
"2024","3","CABA","1","2.705"
"2024","3","CABA","2","233"
"2024","3","CABA","3","2.219"
"2024","3","CABA","4","994"
"2024","3","CABA","5","3.371"
"2024","3","CABA","0,5","451"
"2024","3","CABA","6","5.134"
"2024","3","CABA","7","7"
"2024","3","CABA","8","16.865"
"2024","3","CABA","9","3"
"2024","3","CABA","10","19.785"
"2024","3","CABA","11","5"
"2024","3","CABA","12","93"
"2024","3","CABA","15","29.396"
"2024","3","CABA","16","5"
"2024","3","CABA","20","3.495"
"2024","3","CABA","21","1"
"2024","3","CABA","25","255"
"2024","3","CABA","0,26","32"
"2024","3","CABA","30","48.373"
"2024","3","CABA","3,5","11.975"
"2024","3","CABA","35","24"
"2024","3","CABA","40","239"
"2024","3","CABA","50","61.180"
"2024","3","CABA","0,51","35"
"2024","3","CABA","55","1"
"2024","3","CABA","60","5.949"
"2024","3","CABA","66","1"
"2024","3","CABA","70","3"
"2024","3","CABA","0,75","1.307"
"2024","3","CABA","75","696"
"2024","3","CABA","80","14"
"2024","3","CABA","100","389.703"
"2024","3","CABA","110","1"
"2024","3","CABA","120","28"
"2024","3","CABA","125","3"
"2024","3","CABA","150","110.573"
"2024","3","CABA","160","5"
"2024","3","CABA","200","3.295"
"2024","3","CABA","220","1"
"2024","3","CABA","225","1"
"2024","3","CABA","250","1.442"
"2024","3","CABA","275","1"
"2024","3","CABA","300","597.277"
"2024","3","CABA","325","2"
"2024","3","CABA","400","7"
"2024","3","CABA","500","71.748"
"2024","3","CABA","600","476"
"2024","3","CABA","700","1"
"2024","3","CABA","800","1"
"2024","3","CABA","999","26"
"2024","3","CABA","1000","70.018"
"2024","3","Catamarca","0","746"
"2024","3","Catamarca","1","154"
"2024","3","Catamarca","2","115"
"2024","3","Catamarca","3","1.562"
"2024","3","Catamarca","4","1"
"2024","3","Catamarca","0,5","34"
"2024","3","Catamarca","5","326"
"2024","3","Catamarca","6","586"
"2024","3","Catamarca","10","2.958"
"2024","3","Catamarca","12","8"
"2024","3","Catamarca","15","1.851"
"2024","3","Catamarca","20","1.850"
"2024","3","Catamarca","24","2.516"
"2024","3","Catamarca","25","47"
"2024","3","Catamarca","0,26","1"
"2024","3","Catamarca","30","858"
"2024","3","Catamarca","50","30.955"
"2024","3","Catamarca","0,51","37"
"2024","3","Catamarca","100","20.181"
"2024","3","Catamarca","200","42"
"2024","3","Catamarca","300","10.528"
"2024","3","Catamarca","500","308"
"2024","3","Catamarca","600","1.246"
"2024","3","Catamarca","1000","38"
"2024","3","Chaco","0","6.434"
"2024","3","Chaco","1","311"
"2024","3","Chaco","2","778"
"2024","3","Chaco","3","2.667"
"2024","3","Chaco","4","368"
"2024","3","Chaco","5","3.827"
"2024","3","Chaco","0,5","234"
"2024","3","Chaco","6","4.685"
"2024","3","Chaco","7","106"
"2024","3","Chaco","8","222"
"2024","3","Chaco","9","1"
"2024","3","Chaco","10","7.545"
"2024","3","Chaco","12","137"
"2024","3","Chaco","15","7.328"
"2024","3","Chaco","20","1.470"
"2024","3","Chaco","25","3.532"
"2024","3","Chaco","30","5.776"
"2024","3","Chaco","3,5","167"
"2024","3","Chaco","35","19"
"2024","3","Chaco","50","32.349"
"2024","3","Chaco","0,51","2"
"2024","3","Chaco","60","339"
"2024","3","Chaco","100","54.234"
"2024","3","Chaco","120","623"
"2024","3","Chaco","200","977"
"2024","3","Chaco","250","228"
"2024","3","Chaco","300","25.563"
"2024","3","Chaco","500","1.310"
"2024","3","Chaco","600","974"
"2024","3","Chaco","1000","161"
"2024","3","Chubut","0","6.801"
"2024","3","Chubut","1","303"
"2024","3","Chubut","2","1.881"
"2024","3","Chubut","3","5.643"
"2024","3","Chubut","4","6.189"
"2024","3","Chubut","5","69"
"2024","3","Chubut","0,5","69"
"2024","3","Chubut","6","16.772"
"2024","3","Chubut","7","76"
"2024","3","Chubut","8","13.375"
"2024","3","Chubut","9","6"
"2024","3","Chubut","10","7.265"
"2024","3","Chubut","11","1"
"2024","3","Chubut","12","3.597"
"2024","3","Chubut","13","2"
"2024","3","Chubut","14","56"
"2024","3","Chubut","15","15.162"
"2024","3","Chubut","16","141"
"2024","3","Chubut","18","1"
"2024","3","Chubut","20","4.941"
"2024","3","Chubut","24","7.180"
"2024","3","Chubut","25","5.560"
"2024","3","Chubut","0,26","18"
"2024","3","Chubut","30","11.340"
"2024","3","Chubut","3,5","11.441"
"2024","3","Chubut","40","29"
"2024","3","Chubut","41","1"
"2024","3","Chubut","48","190"
"2024","3","Chubut","50","54.951"
"2024","3","Chubut","0,51","38"
"2024","3","Chubut","60","2"
"2024","3","Chubut","0,75","836"
"2024","3","Chubut","100","1.503"
"2024","3","Chubut","102","5"
"2024","3","Chubut","200","1"
"2024","3","Chubut","300","307"
"2024","3","Chubut","500","5"
"2024","3","Chubut","600","50"
"2024","3","Chubut","999","2"
"2024","3","Córdoba","0","18.432"
"2024","3","Córdoba","1","7.038"
"2024","3","Córdoba","2","7.367"
"2024","3","Córdoba","3","22.876"
"2024","3","Córdoba","4","10.004"
"2024","3","Córdoba","0,5","87"
"2024","3","Córdoba","5","7.561"
"2024","3","Córdoba","6","53.702"
"2024","3","Córdoba","7","1.870"
"2024","3","Córdoba","8","9.445"
"2024","3","Córdoba","9","731"
"2024","3","Córdoba","10","73.654"
"2024","3","Córdoba","11","89"
"2024","3","Córdoba","12","12.131"
"2024","3","Córdoba","13","19"
"2024","3","Córdoba","14","9"
"2024","3","Córdoba","15","18.926"
"2024","3","Córdoba","1,5","7"
"2024","3","Córdoba","16","134"
"2024","3","Córdoba","18","618"
"2024","3","Córdoba","20","18.991"
"2024","3","Córdoba","2,2","18"
"2024","3","Córdoba","22","600"
"2024","3","Córdoba","24","2"
"2024","3","Córdoba","2,5","133"
"2024","3","Córdoba","25","20.418"
"2024","3","Córdoba","0,26","4"
"2024","3","Córdoba","30","7.528"
"2024","3","Córdoba","3,3","3"
"2024","3","Córdoba","33","1"
"2024","3","Córdoba","3,5","4.897"
"2024","3","Córdoba","35","52"
"2024","3","Córdoba","40","1.056"
"2024","3","Córdoba","50","235.675"
"2024","3","Córdoba","0,51","12"
"2024","3","Córdoba","60","5.835"
"2024","3","Córdoba","6,4","5"
"2024","3","Córdoba","70","11"
"2024","3","Córdoba","75","496"
"2024","3","Córdoba","0,75","83"
"2024","3","Córdoba","100","300.336"
"2024","3","Córdoba","10,1","18"
"2024","3","Córdoba","10,2","53"
"2024","3","Córdoba","120","891"
"2024","3","Córdoba","12,3","15"
"2024","3","Córdoba","140","1"
"2024","3","Córdoba","150","27"
"2024","3","Córdoba","200","11.709"
"2024","3","Córdoba","20,5","1"
"2024","3","Córdoba","225","1"
"2024","3","Córdoba","250","1"
"2024","3","Córdoba","25,1","311"
"2024","3","Córdoba","25,5","13"
"2024","3","Córdoba","300","225.990"
"2024","3","Córdoba","500","15.955"
"2024","3","Córdoba","50,1","402"
"2024","3","Córdoba","512","21"
"2024","3","Córdoba","600","6.738"
"2024","3","Córdoba","700","1"
"2024","3","Córdoba","800","1"
"2024","3","Córdoba","850","1"
"2024","3","Córdoba","1000","4.294"
"2024","3","Córdoba","100,1","1"
"2024","3","Córdoba","50,25","9"
"2024","3","Córdoba","100,25","16"
"2024","3","Corrientes","0","6.153"
"2024","3","Corrientes","1","2.287"
"2024","3","Corrientes","2","1.721"
"2024","3","Corrientes","3","4.307"
"2024","3","Corrientes","4","1.718"
"2024","3","Corrientes","5","2.760"
"2024","3","Corrientes","0,5","10"
"2024","3","Corrientes","6","5.626"
"2024","3","Corrientes","8","4.890"
"2024","3","Corrientes","10","9.360"
"2024","3","Corrientes","12","8"
"2024","3","Corrientes","15","1.446"
"2024","3","Corrientes","16","3.548"
"2024","3","Corrientes","20","1.813"
"2024","3","Corrientes","25","1.421"
"2024","3","Corrientes","30","657"
"2024","3","Corrientes","3,5","480"
"2024","3","Corrientes","40","2.834"
"2024","3","Corrientes","50","32.351"
"2024","3","Corrientes","0,51","57"
"2024","3","Corrientes","0,75","118"
"2024","3","Corrientes","100","40.000"
"2024","3","Corrientes","120","1.708"
"2024","3","Corrientes","200","2.650"
"2024","3","Corrientes","250","382"
"2024","3","Corrientes","300","28.130"
"2024","3","Corrientes","500","1.528"
"2024","3","Corrientes","600","1"
"2024","3","Corrientes","1000","446"
"2024","3","Entre Ríos","0","14.884"
"2024","3","Entre Ríos","1","4.010"
"2024","3","Entre Ríos","2","4.307"
"2024","3","Entre Ríos","3","6.929"
"2024","3","Entre Ríos","4","2.334"
"2024","3","Entre Ríos","0,5","20"
"2024","3","Entre Ríos","5","5.415"
"2024","3","Entre Ríos","6","12.086"
"2024","3","Entre Ríos","7","756"
"2024","3","Entre Ríos","8","2.399"
"2024","3","Entre Ríos","10","46.076"
"2024","3","Entre Ríos","12","1.486"
"2024","3","Entre Ríos","15","4.548"
"2024","3","Entre Ríos","16","1"
"2024","3","Entre Ríos","20","9.374"
"2024","3","Entre Ríos","25","862"
"2024","3","Entre Ríos","0,26","1"
"2024","3","Entre Ríos","30","6.378"
"2024","3","Entre Ríos","3,5","390"
"2024","3","Entre Ríos","50","41.094"
"2024","3","Entre Ríos","0,51","86"
"2024","3","Entre Ríos","0,75","113"
"2024","3","Entre Ríos","100","74.982"
"2024","3","Entre Ríos","120","703"
"2024","3","Entre Ríos","150","1"
"2024","3","Entre Ríos","200","2.125"
"2024","3","Entre Ríos","250","154"
"2024","3","Entre Ríos","300","52.033"
"2024","3","Entre Ríos","500","2.760"
"2024","3","Entre Ríos","855","87"
"2024","3","Entre Ríos","915","75"
"2024","3","Entre Ríos","1000","959"
"2024","3","Entre Ríos","1122","72"
"2024","3","Entre Ríos","1290","67"
"2024","3","Formosa","0","669"
"2024","3","Formosa","1","132"
"2024","3","Formosa","2","1.387"
"2024","3","Formosa","3","10.345"
"2024","3","Formosa","4","3.296"
"2024","3","Formosa","0,5","49"
"2024","3","Formosa","5","2.042"
"2024","3","Formosa","6","4.711"
"2024","3","Formosa","7","108"
"2024","3","Formosa","8","162"
"2024","3","Formosa","10","10.357"
"2024","3","Formosa","12","40"
"2024","3","Formosa","15","1.206"
"2024","3","Formosa","20","2.535"
"2024","3","Formosa","25","8"
"2024","3","Formosa","0,26","1"
"2024","3","Formosa","30","297"
"2024","3","Formosa","35","3"
"2024","3","Formosa","40","29"
"2024","3","Formosa","50","1.439"
"2024","3","Formosa","0,51","35"
"2024","3","Formosa","100","12.874"
"2024","3","Formosa","200","4"
"2024","3","Formosa","300","11.573"
"2024","3","Formosa","400","3"
"2024","3","Formosa","500","445"
"2024","3","Formosa","1000","167"
"2024","3","Jujuy","0","1.890"
"2024","3","Jujuy","1","1.184"
"2024","3","Jujuy","2","1.639"
"2024","3","Jujuy","3","1.710"
"2024","3","Jujuy","4","2.889"
"2024","3","Jujuy","5","3.634"
"2024","3","Jujuy","0,5","26"
"2024","3","Jujuy","6","1.938"
"2024","3","Jujuy","7","10"
"2024","3","Jujuy","8","1.232"
"2024","3","Jujuy","10","12.594"
"2024","3","Jujuy","12","23.495"
"2024","3","Jujuy","15","554"
"2024","3","Jujuy","18","4"
"2024","3","Jujuy","20","3.662"
"2024","3","Jujuy","25","8"
"2024","3","Jujuy","30","1.007"
"2024","3","Jujuy","41","1"
"2024","3","Jujuy","50","49.116"
"2024","3","Jujuy","0,51","33"
"2024","3","Jujuy","75","1"
"2024","3","Jujuy","100","16.471"
"2024","3","Jujuy","165","2"
"2024","3","Jujuy","200","1"
"2024","3","Jujuy","300","6.261"
"2024","3","Jujuy","500","237"
"2024","3","Jujuy","512","200"
"2024","3","Jujuy","600","462"
"2024","3","Jujuy","1000","24"
"2024","3","La Pampa","0","2.245"
"2024","3","La Pampa","1","1.237"
"2024","3","La Pampa","2","2.198"
"2024","3","La Pampa","3","5.789"
"2024","3","La Pampa","4","2.716"
"2024","3","La Pampa","0,5","6"
"2024","3","La Pampa","5","2.243"
"2024","3","La Pampa","6","27.476"
"2024","3","La Pampa","7","516"
"2024","3","La Pampa","8","1.570"
"2024","3","La Pampa","10","11.391"
"2024","3","La Pampa","12","1"
"2024","3","La Pampa","1,5","185"
"2024","3","La Pampa","15","5.172"
"2024","3","La Pampa","20","12.372"
"2024","3","La Pampa","25","1.543"
"2024","3","La Pampa","0,26","3"
"2024","3","La Pampa","30","3.473"
"2024","3","La Pampa","3,5","2.327"
"2024","3","La Pampa","35","1"
"2024","3","La Pampa","40","4.019"
"2024","3","La Pampa","50","23.635"
"2024","3","La Pampa","0,51","62"
"2024","3","La Pampa","60","2.723"
"2024","3","La Pampa","0,75","143"
"2024","3","La Pampa","75","3"
"2024","3","La Pampa","80","95"
"2024","3","La Pampa","100","9.111"
"2024","3","La Pampa","120","2.299"
"2024","3","La Pampa","200","1.761"
"2024","3","La Pampa","300","882"
"2024","3","La Pampa","500","256"
"2024","3","La Pampa","700","51"
"2024","3","La Pampa","1000","6"
"2024","3","La Rioja","0","0"
"2024","3","La Rioja","1","361"
"2024","3","La Rioja","2","8"
"2024","3","La Rioja","3","325"
"2024","3","La Rioja","4","2"
"2024","3","La Rioja","5","180"
"2024","3","La Rioja","0,5","9"
"2024","3","La Rioja","6","516"
"2024","3","La Rioja","8","85"
"2024","3","La Rioja","10","1.040"
"2024","3","La Rioja","11","22"
"2024","3","La Rioja","12","15.355"
"2024","3","La Rioja","15","238"
"2024","3","La Rioja","20","9.094"
"2024","3","La Rioja","24","12"
"2024","3","La Rioja","0,26","1"
"2024","3","La Rioja","30","4.502"
"2024","3","La Rioja","50","37.599"
"2024","3","La Rioja","0,51","9"
"2024","3","La Rioja","100","11.172"
"2024","3","La Rioja","200","137"
"2024","3","La Rioja","300","6.725"
"2024","3","La Rioja","500","371"
"2024","3","La Rioja","1000","40"
"2024","3","Mendoza","0","6.720"
"2024","3","Mendoza","1","2.209"
"2024","3","Mendoza","2","3.099"
"2024","3","Mendoza","3","4.177"
"2024","3","Mendoza","4","1.806"
"2024","3","Mendoza","0,5","86"
"2024","3","Mendoza","5","1.075"
"2024","3","Mendoza","6","13.951"
"2024","3","Mendoza","7","18"
"2024","3","Mendoza","8","10.963"
"2024","3","Mendoza","9","1.231"
"2024","3","Mendoza","10","8.839"
"2024","3","Mendoza","11","6"
"2024","3","Mendoza","12","4.237"
"2024","3","Mendoza","15","19.102"
"2024","3","Mendoza","1,5","1.348"
"2024","3","Mendoza","20","6.468"
"2024","3","Mendoza","24","728"
"2024","3","Mendoza","25","613"
"2024","3","Mendoza","0,26","2"
"2024","3","Mendoza","30","52.771"
"2024","3","Mendoza","3,5","10.699"
"2024","3","Mendoza","40","15"
"2024","3","Mendoza","41","1"
"2024","3","Mendoza","45","1"
"2024","3","Mendoza","50","100.455"
"2024","3","Mendoza","0,51","20"
"2024","3","Mendoza","70","1"
"2024","3","Mendoza","0,75","737"
"2024","3","Mendoza","90","1"
"2024","3","Mendoza","100","33.361"
"2024","3","Mendoza","120","1"
"2024","3","Mendoza","200","537"
"2024","3","Mendoza","300","19.579"
"2024","3","Mendoza","500","676"
"2024","3","Mendoza","600","1.933"
"2024","3","Mendoza","1000","77"
"2024","3","Misiones","0","9.803"
"2024","3","Misiones","1","3.066"
"2024","3","Misiones","2","11.017"
"2024","3","Misiones","3","3.573"
"2024","3","Misiones","4","1.705"
"2024","3","Misiones","5","3.170"
"2024","3","Misiones","0,5","47"
"2024","3","Misiones","6","6.306"
"2024","3","Misiones","7","7.855"
"2024","3","Misiones","8","29"
"2024","3","Misiones","10","19.143"
"2024","3","Misiones","11","1"
"2024","3","Misiones","12","116"
"2024","3","Misiones","15","1.129"
"2024","3","Misiones","20","7.919"
"2024","3","Misiones","25","69"
"2024","3","Misiones","30","4.439"
"2024","3","Misiones","3,5","4"
"2024","3","Misiones","40","71"
"2024","3","Misiones","45","28"
"2024","3","Misiones","50","37.191"
"2024","3","Misiones","0,51","4"
"2024","3","Misiones","60","19"
"2024","3","Misiones","75","7"
"2024","3","Misiones","100","53.426"
"2024","3","Misiones","120","492"
"2024","3","Misiones","150","1.027"
"2024","3","Misiones","200","5.092"
"2024","3","Misiones","250","198"
"2024","3","Misiones","300","28.605"
"2024","3","Misiones","350","5"
"2024","3","Misiones","500","1.139"
"2024","3","Misiones","600","2.156"
"2024","3","Misiones","1000","267"
"2024","3","Neuquén","0","24.961"
"2024","3","Neuquén","1","535"
"2024","3","Neuquén","2","1.626"
"2024","3","Neuquén","3","5.228"
"2024","3","Neuquén","4","1.438"
"2024","3","Neuquén","0,5","62"
"2024","3","Neuquén","5","7.776"
"2024","3","Neuquén","6","8.502"
"2024","3","Neuquén","7","246"
"2024","3","Neuquén","8","5.986"
"2024","3","Neuquén","10","7.178"
"2024","3","Neuquén","12","3.955"
"2024","3","Neuquén","14","1"
"2024","3","Neuquén","15","5.148"
"2024","3","Neuquén","20","1.557"
"2024","3","Neuquén","25","259"
"2024","3","Neuquén","0,26","2"
"2024","3","Neuquén","30","14.760"
"2024","3","Neuquén","3,5","10.737"
"2024","3","Neuquén","40","66"
"2024","3","Neuquén","50","8.197"
"2024","3","Neuquén","0,51","82"
"2024","3","Neuquén","60","7"
"2024","3","Neuquén","0,75","458"
"2024","3","Neuquén","100","30.851"
"2024","3","Neuquén","150","4"
"2024","3","Neuquén","250","1"
"2024","3","Neuquén","300","26.273"
"2024","3","Neuquén","400","1"
"2024","3","Neuquén","500","2.167"
"2024","3","Neuquén","1000","612"
"2024","3","Río Negro","0","17.542"
"2024","3","Río Negro","1","554"
"2024","3","Río Negro","2","691"
"2024","3","Río Negro","3","5.589"
"2024","3","Río Negro","4","1.219"
"2024","3","Río Negro","0,5","36"
"2024","3","Río Negro","5","2.134"
"2024","3","Río Negro","6","8.989"
"2024","3","Río Negro","7","157"
"2024","3","Río Negro","8","11.090"
"2024","3","Río Negro","9","1"
"2024","3","Río Negro","10","7.440"
"2024","3","Río Negro","11","18"
"2024","3","Río Negro","12","881"
"2024","3","Río Negro","14","41"
"2024","3","Río Negro","15","9.896"
"2024","3","Río Negro","18","3"
"2024","3","Río Negro","20","6.861"
"2024","3","Río Negro","25","7.620"
"2024","3","Río Negro","0,26","4"
"2024","3","Río Negro","30","7.915"
"2024","3","Río Negro","3,5","7.796"
"2024","3","Río Negro","35","2"
"2024","3","Río Negro","40","33"
"2024","3","Río Negro","50","25.016"
"2024","3","Río Negro","0,51","78"
"2024","3","Río Negro","60","259"
"2024","3","Río Negro","0,75","501"
"2024","3","Río Negro","80","268"
"2024","3","Río Negro","90","10.057"
"2024","3","Río Negro","100","23.157"
"2024","3","Río Negro","120","233"
"2024","3","Río Negro","122","34"
"2024","3","Río Negro","150","33"
"2024","3","Río Negro","180","463"
"2024","3","Río Negro","200","26"
"2024","3","Río Negro","250","306"
"2024","3","Río Negro","300","19.444"
"2024","3","Río Negro","330","115"
"2024","3","Río Negro","500","780"
"2024","3","Río Negro","520","40"
"2024","3","Río Negro","540","89"
"2024","3","Río Negro","900","110"
"2024","3","Río Negro","1000","304"
"2024","3","Salta","0","8.244"
"2024","3","Salta","1","843"
"2024","3","Salta","2","1.543"
"2024","3","Salta","3","5.037"
"2024","3","Salta","4","8.039"
"2024","3","Salta","0,5","41"
"2024","3","Salta","5","5.303"
"2024","3","Salta","6","5.231"
"2024","3","Salta","7","330"
"2024","3","Salta","8","6.914"
"2024","3","Salta","10","45.635"
"2024","3","Salta","12","88"
"2024","3","Salta","15","5.139"
"2024","3","Salta","18","4"
"2024","3","Salta","20","1.297"
"2024","3","Salta","25","1"
"2024","3","Salta","0,26","3"
"2024","3","Salta","27","1"
"2024","3","Salta","30","4.209"
"2024","3","Salta","3,5","8"
"2024","3","Salta","50","28.505"
"2024","3","Salta","0,51","73"
"2024","3","Salta","0,75","1"
"2024","3","Salta","80","50"
"2024","3","Salta","100","41.085"
"2024","3","Salta","120","35"
"2024","3","Salta","200","1"
"2024","3","Salta","240","521"
"2024","3","Salta","300","32.391"
"2024","3","Salta","400","47"
"2024","3","Salta","500","1.352"
"2024","3","Salta","600","1.313"
"2024","3","Salta","800","36"
"2024","3","Salta","999","1"
"2024","3","Salta","1000","468"
"2024","3","San Juan","0","23.158"
"2024","3","San Juan","1","1.299"
"2024","3","San Juan","2","608"
"2024","3","San Juan","3","4.405"
"2024","3","San Juan","4","253"
"2024","3","San Juan","5","261"
"2024","3","San Juan","0,5","21"
"2024","3","San Juan","6","4.966"
"2024","3","San Juan","7","86"
"2024","3","San Juan","8","9.158"
"2024","3","San Juan","9","4"
"2024","3","San Juan","10","3.778"
"2024","3","San Juan","12","578"
"2024","3","San Juan","15","9.836"
"2024","3","San Juan","20","1.095"
"2024","3","San Juan","24","215"
"2024","3","San Juan","25","338"
"2024","3","San Juan","0,26","2"
"2024","3","San Juan","30","10.448"
"2024","3","San Juan","3,5","11.509"
"2024","3","San Juan","50","17.083"
"2024","3","San Juan","0,51","4"
"2024","3","San Juan","60","1"
"2024","3","San Juan","0,75","723"
"2024","3","San Juan","100","4.431"
"2024","3","San Juan","200","2"
"2024","3","San Juan","300","3.282"
"2024","3","San Juan","500","12"
"2024","3","San Juan","600","219"
"2024","3","San Luis","0","14.142"
"2024","3","San Luis","1","466"
"2024","3","San Luis","2","491"
"2024","3","San Luis","3","2.772"
"2024","3","San Luis","4","1"
"2024","3","San Luis","5","316"
"2024","3","San Luis","0,5","59"
"2024","3","San Luis","6","6.217"
"2024","3","San Luis","7","1"
"2024","3","San Luis","8","2.622"
"2024","3","San Luis","9","6"
"2024","3","San Luis","10","21.077"
"2024","3","San Luis","12","673"
"2024","3","San Luis","15","1.836"
"2024","3","San Luis","20","1.423"
"2024","3","San Luis","25","73.128"
"2024","3","San Luis","30","136"
"2024","3","San Luis","3,5","1.418"
"2024","3","San Luis","40","35"
"2024","3","San Luis","50","10.822"
"2024","3","San Luis","0,51","1"
"2024","3","San Luis","0,75","163"
"2024","3","San Luis","100","5.989"
"2024","3","San Luis","200","1"
"2024","3","San Luis","300","2.463"
"2024","3","San Luis","500","33"
"2024","3","San Luis","600","796"
"2024","3","San Luis","999","2"
"2024","3","San Luis","1000","23.382"
"2024","3","Santa Cruz","0","34.728"
"2024","3","Santa Cruz","1","216"
"2024","3","Santa Cruz","2","726"
"2024","3","Santa Cruz","3","1.260"
"2024","3","Santa Cruz","4","506"
"2024","3","Santa Cruz","5","1.272"
"2024","3","Santa Cruz","0,5","26"
"2024","3","Santa Cruz","6","2.005"
"2024","3","Santa Cruz","8","2.361"
"2024","3","Santa Cruz","9","4"
"2024","3","Santa Cruz","10","7.215"
"2024","3","Santa Cruz","12","29"
"2024","3","Santa Cruz","15","6.224"
"2024","3","Santa Cruz","18","1"
"2024","3","Santa Cruz","20","4.352"
"2024","3","Santa Cruz","24","1.509"
"2024","3","Santa Cruz","25","1.454"
"2024","3","Santa Cruz","0,26","9"
"2024","3","Santa Cruz","30","5.591"
"2024","3","Santa Cruz","35","1.139"
"2024","3","Santa Cruz","3,5","2.001"
"2024","3","Santa Cruz","40","1"
"2024","3","Santa Cruz","50","5.920"
"2024","3","Santa Cruz","0,51","21"
"2024","3","Santa Cruz","75","3.117"
"2024","3","Santa Cruz","0,75","218"
"2024","3","Santa Cruz","100","1.481"
"2024","3","Santa Cruz","150","587"
"2024","3","Santa Cruz","200","102"
"2024","3","Santa Cruz","350","142"
"2024","3","Santa Cruz","500","142"
"2024","3","Santa Fe","0","27.740"
"2024","3","Santa Fe","1","5.863"
"2024","3","Santa Fe","2","6.276"
"2024","3","Santa Fe","3","22.650"
"2024","3","Santa Fe","4","5.494"
"2024","3","Santa Fe","0,5","335"
"2024","3","Santa Fe","5","17.145"
"2024","3","Santa Fe","6","21.914"
"2024","3","Santa Fe","7","4.113"
"2024","3","Santa Fe","8","10.453"
"2024","3","Santa Fe","9","1.474"
"2024","3","Santa Fe","10","126.327"
"2024","3","Santa Fe","12","1.200"
"2024","3","Santa Fe","13","69"
"2024","3","Santa Fe","15","23.388"
"2024","3","Santa Fe","16","31"
"2024","3","Santa Fe","18","8"
"2024","3","Santa Fe","20","32.571"
"2024","3","Santa Fe","24","39"
"2024","3","Santa Fe","2,5","472"
"2024","3","Santa Fe","25","15.114"
"2024","3","Santa Fe","0,26","37"
"2024","3","Santa Fe","30","9.720"
"2024","3","Santa Fe","3,5","164"
"2024","3","Santa Fe","35","41"
"2024","3","Santa Fe","36","18"
"2024","3","Santa Fe","40","4.727"
"2024","3","Santa Fe","50","173.060"
"2024","3","Santa Fe","51","4"
"2024","3","Santa Fe","0,51","104"
"2024","3","Santa Fe","60","1.213"
"2024","3","Santa Fe","65","1"
"2024","3","Santa Fe","70","251"
"2024","3","Santa Fe","75","125"
"2024","3","Santa Fe","0,75","5"
"2024","3","Santa Fe","80","8.902"
"2024","3","Santa Fe","95","1"
"2024","3","Santa Fe","98","30"
"2024","3","Santa Fe","100","222.355"
"2024","3","Santa Fe","120","1.218"
"2024","3","Santa Fe","140","1"
"2024","3","Santa Fe","150","1.621"
"2024","3","Santa Fe","200","10.384"
"2024","3","Santa Fe","250","496"
"2024","3","Santa Fe","300","161.130"
"2024","3","Santa Fe","400","2.046"
"2024","3","Santa Fe","450","1"
"2024","3","Santa Fe","500","7.619"
"2024","3","Santa Fe","600","5.641"
"2024","3","Santa Fe","700","1"
"2024","3","Santa Fe","800","14"
"2024","3","Santa Fe","999","1"
"2024","3","Santa Fe","1000","1.652"
"2024","3","Santiago Del Estero","0","1.429"
"2024","3","Santiago Del Estero","1","171"
"2024","3","Santiago Del Estero","2","381"
"2024","3","Santiago Del Estero","3","4.972"
"2024","3","Santiago Del Estero","4","1.221"
"2024","3","Santiago Del Estero","5","394"
"2024","3","Santiago Del Estero","0,5","39"
"2024","3","Santiago Del Estero","6","1.430"
"2024","3","Santiago Del Estero","7","352"
"2024","3","Santiago Del Estero","8","114"
"2024","3","Santiago Del Estero","10","51.884"
"2024","3","Santiago Del Estero","12","2.437"
"2024","3","Santiago Del Estero","15","185"
"2024","3","Santiago Del Estero","1,5","307"
"2024","3","Santiago Del Estero","20","20.434"
"2024","3","Santiago Del Estero","25","21"
"2024","3","Santiago Del Estero","0,26","3"
"2024","3","Santiago Del Estero","30","3.376"
"2024","3","Santiago Del Estero","40","45"
"2024","3","Santiago Del Estero","50","14.399"
"2024","3","Santiago Del Estero","0,51","139"
"2024","3","Santiago Del Estero","60","1"
"2024","3","Santiago Del Estero","0,75","908"
"2024","3","Santiago Del Estero","100","12.426"
"2024","3","Santiago Del Estero","150","2"
"2024","3","Santiago Del Estero","300","11.101"
"2024","3","Santiago Del Estero","500","549"
"2024","3","Santiago Del Estero","600","289"
"2024","3","Santiago Del Estero","1000","100"
"2024","3","Tierra Del Fuego","0","3.860"
"2024","3","Tierra Del Fuego","1","516"
"2024","3","Tierra Del Fuego","2","2"
"2024","3","Tierra Del Fuego","3","3"
"2024","3","Tierra Del Fuego","4","1.644"
"2024","3","Tierra Del Fuego","5","243"
"2024","3","Tierra Del Fuego","0,5","11"
"2024","3","Tierra Del Fuego","6","1.165"
"2024","3","Tierra Del Fuego","8","4.483"
"2024","3","Tierra Del Fuego","10","365"
"2024","3","Tierra Del Fuego","12","724"
"2024","3","Tierra Del Fuego","15","14.236"
"2024","3","Tierra Del Fuego","18","863"
"2024","3","Tierra Del Fuego","20","204"
"2024","3","Tierra Del Fuego","24","2.401"
"2024","3","Tierra Del Fuego","25","16.130"
"2024","3","Tierra Del Fuego","30","196"
"2024","3","Tierra Del Fuego","3,5","3.740"
"2024","3","Tierra Del Fuego","35","457"
"2024","3","Tierra Del Fuego","40","183"
"2024","3","Tierra Del Fuego","50","4.814"
"2024","3","Tierra Del Fuego","0,51","11"
"2024","3","Tierra Del Fuego","60","84"
"2024","3","Tierra Del Fuego","0,75","318"
"2024","3","Tierra Del Fuego","100","667"
"2024","3","Tierra Del Fuego","150","30"
"2024","3","Tierra Del Fuego","200","5"
"2024","3","Tierra Del Fuego","300","733"
"2024","3","Tierra Del Fuego","500","3"
"2024","3","Tierra Del Fuego","1000","1"
"2024","3","Tierra Del Fuego","1024","1"
"2024","3","Tucumán","0","361"
"2024","3","Tucumán","1","758"
"2024","3","Tucumán","2","122"
"2024","3","Tucumán","3","3.877"
"2024","3","Tucumán","4","44"
"2024","3","Tucumán","5","818"
"2024","3","Tucumán","0,5","19"
"2024","3","Tucumán","6","6.094"
"2024","3","Tucumán","7","146"
"2024","3","Tucumán","8","145"
"2024","3","Tucumán","9","2"
"2024","3","Tucumán","10","17.816"
"2024","3","Tucumán","12","13.187"
"2024","3","Tucumán","15","1.831"
"2024","3","Tucumán","20","7.001"
"2024","3","Tucumán","24","458"
"2024","3","Tucumán","25","60"
"2024","3","Tucumán","26","1"
"2024","3","Tucumán","0,26","1"
"2024","3","Tucumán","30","981"
"2024","3","Tucumán","35","12"
"2024","3","Tucumán","3,5","2.271"
"2024","3","Tucumán","40","2"
"2024","3","Tucumán","50","77.601"
"2024","3","Tucumán","0,51","20"
"2024","3","Tucumán","60","1"
"2024","3","Tucumán","70","2"
"2024","3","Tucumán","90","1"
"2024","3","Tucumán","100","80.276"
"2024","3","Tucumán","164","1"
"2024","3","Tucumán","200","1"
"2024","3","Tucumán","300","53.562"
"2024","3","Tucumán","500","2.320"
"2024","3","Tucumán","600","2.567"
"2024","3","Tucumán","1000","302"
"2024","2","BUENOS AIRES","0","125.547"
"2024","2","BUENOS AIRES","1","18.423"
"2024","2","BUENOS AIRES","2","19.065"
"2024","2","BUENOS AIRES","3","44.415"
"2024","2","BUENOS AIRES","4","13.200"
"2024","2","BUENOS AIRES","5","27.135"
"2024","2","BUENOS AIRES","0,5","25.048"
"2024","2","BUENOS AIRES","6","76.832"
"2024","2","BUENOS AIRES","7","11.236"
"2024","2","BUENOS AIRES","8","63.727"
"2024","2","BUENOS AIRES","9","750"
"2024","2","BUENOS AIRES","10","145.894"
"2024","2","BUENOS AIRES","11","10"
"2024","2","BUENOS AIRES","12","19.838"
"2024","2","BUENOS AIRES","13","238"
"2024","2","BUENOS AIRES","14","149"
"2024","2","BUENOS AIRES","15","94.642"
"2024","2","BUENOS AIRES","1,5","141"
"2024","2","BUENOS AIRES","16","231"
"2024","2","BUENOS AIRES","17","2"
"2024","2","BUENOS AIRES","18","1.042"
"2024","2","BUENOS AIRES","20","128.376"
"2024","2","BUENOS AIRES","21","2"
"2024","2","BUENOS AIRES","22","1"
"2024","2","BUENOS AIRES","23","20"
"2024","2","BUENOS AIRES","24","84"
"2024","2","BUENOS AIRES","25","42.739"
"2024","2","BUENOS AIRES","2,5","21"
"2024","2","BUENOS AIRES","0,26","25"
"2024","2","BUENOS AIRES","30","782.519"
"2024","2","BUENOS AIRES","31","1.611"
"2024","2","BUENOS AIRES","32","16"
"2024","2","BUENOS AIRES","35","1.399"
"2024","2","BUENOS AIRES","3,5","41.735"
"2024","2","BUENOS AIRES","36","4"
"2024","2","BUENOS AIRES","40","5.582"
"2024","2","BUENOS AIRES","41","9"
"2024","2","BUENOS AIRES","4,5","83"
"2024","2","BUENOS AIRES","48","659"
"2024","2","BUENOS AIRES","49","1"
"2024","2","BUENOS AIRES","50","493.790"
"2024","2","BUENOS AIRES","51","1"
"2024","2","BUENOS AIRES","0,51","214"
"2024","2","BUENOS AIRES","55","255"
"2024","2","BUENOS AIRES","59","59"
"2024","2","BUENOS AIRES","60","37.539"
"2024","2","BUENOS AIRES","61","78"
"2024","2","BUENOS AIRES","65","90"
"2024","2","BUENOS AIRES","70","7.236"
"2024","2","BUENOS AIRES","75","1.062"
"2024","2","BUENOS AIRES","7,5","53"
"2024","2","BUENOS AIRES","0,75","4.611"
"2024","2","BUENOS AIRES","80","9.358"
"2024","2","BUENOS AIRES","85","16"
"2024","2","BUENOS AIRES","90","3"
"2024","2","BUENOS AIRES","100","910.372"
"2024","2","BUENOS AIRES","102","2"
"2024","2","BUENOS AIRES","105","14"
"2024","2","BUENOS AIRES","120","510"
"2024","2","BUENOS AIRES","125","2"
"2024","2","BUENOS AIRES","150","388.059"
"2024","2","BUENOS AIRES","155","28"
"2024","2","BUENOS AIRES","160","1.306"
"2024","2","BUENOS AIRES","200","8.055"
"2024","2","BUENOS AIRES","205","3"
"2024","2","BUENOS AIRES","212","1"
"2024","2","BUENOS AIRES","240","938"
"2024","2","BUENOS AIRES","246","41"
"2024","2","BUENOS AIRES","250","355"
"2024","2","BUENOS AIRES","256","15"
"2024","2","BUENOS AIRES","300","1.147.130"
"2024","2","BUENOS AIRES","320","27"
"2024","2","BUENOS AIRES","400","1.094"
"2024","2","BUENOS AIRES","480","5"
"2024","2","BUENOS AIRES","500","137.199"
"2024","2","BUENOS AIRES","512","663"
"2024","2","BUENOS AIRES","600","16.300"
"2024","2","BUENOS AIRES","800","564"
"2024","2","BUENOS AIRES","999","26"
"2024","2","BUENOS AIRES","1000","129.855"
"2024","2","CABA","0","0"
"2024","2","CABA","1","2.815"
"2024","2","CABA","2","240"
"2024","2","CABA","3","2.342"
"2024","2","CABA","4","996"
"2024","2","CABA","5","3.417"
"2024","2","CABA","0,5","451"
"2024","2","CABA","6","5.569"
"2024","2","CABA","7","7"
"2024","2","CABA","8","16.865"
"2024","2","CABA","9","3"
"2024","2","CABA","10","23.421"
"2024","2","CABA","11","5"
"2024","2","CABA","12","93"
"2024","2","CABA","15","29.337"
"2024","2","CABA","16","5"
"2024","2","CABA","20","3.718"
"2024","2","CABA","21","1"
"2024","2","CABA","25","269"
"2024","2","CABA","0,26","32"
"2024","2","CABA","30","58.419"
"2024","2","CABA","35","24"
"2024","2","CABA","3,5","11.975"
"2024","2","CABA","40","238"
"2024","2","CABA","50","64.416"
"2024","2","CABA","0,51","35"
"2024","2","CABA","55","1"
"2024","2","CABA","60","3.890"
"2024","2","CABA","66","1"
"2024","2","CABA","70","3"
"2024","2","CABA","75","711"
"2024","2","CABA","0,75","1.307"
"2024","2","CABA","80","13"
"2024","2","CABA","100","396.858"
"2024","2","CABA","110","1"
"2024","2","CABA","120","28"
"2024","2","CABA","125","3"
"2024","2","CABA","150","116.134"
"2024","2","CABA","160","5"
"2024","2","CABA","200","3.302"
"2024","2","CABA","220","1"
"2024","2","CABA","225","1"
"2024","2","CABA","250","1.442"
"2024","2","CABA","275","1"
"2024","2","CABA","300","571.207"
"2024","2","CABA","325","2"
"2024","2","CABA","400","3"
"2024","2","CABA","500","77.839"
"2024","2","CABA","600","437"
"2024","2","CABA","700","1"
"2024","2","CABA","800","1"
"2024","2","CABA","999","25"
"2024","2","CABA","1000","65.689"
"2024","2","CATAMARCA","0","53"
"2024","2","CATAMARCA","1","164"
"2024","2","CATAMARCA","2","115"
"2024","2","CATAMARCA","3","1.580"
"2024","2","CATAMARCA","4","1"
"2024","2","CATAMARCA","5","327"
"2024","2","CATAMARCA","0,5","34"
"2024","2","CATAMARCA","6","637"
"2024","2","CATAMARCA","10","3.093"
"2024","2","CATAMARCA","12","8"
"2024","2","CATAMARCA","15","1.859"
"2024","2","CATAMARCA","20","1.932"
"2024","2","CATAMARCA","24","374"
"2024","2","CATAMARCA","25","47"
"2024","2","CATAMARCA","0,26","1"
"2024","2","CATAMARCA","30","858"
"2024","2","CATAMARCA","50","34.532"
"2024","2","CATAMARCA","0,51","37"
"2024","2","CATAMARCA","100","19.077"
"2024","2","CATAMARCA","200","42"
"2024","2","CATAMARCA","300","8.809"
"2024","2","CATAMARCA","500","333"
"2024","2","CATAMARCA","600","1.128"
"2024","2","CATAMARCA","1000","33"
"2024","2","CHACO","0","3.208"
"2024","2","CHACO","1","349"
"2024","2","CHACO","2","779"
"2024","2","CHACO","3","2.757"
"2024","2","CHACO","4","385"
"2024","2","CHACO","5","5.625"
"2024","2","CHACO","0,5","234"
"2024","2","CHACO","6","4.881"
"2024","2","CHACO","7","106"
"2024","2","CHACO","8","700"
"2024","2","CHACO","9","1"
"2024","2","CHACO","10","7.529"
"2024","2","CHACO","12","137"
"2024","2","CHACO","15","4.406"
"2024","2","CHACO","20","1.665"
"2024","2","CHACO","25","3.532"
"2024","2","CHACO","30","2.933"
"2024","2","CHACO","35","19"
"2024","2","CHACO","3,5","167"
"2024","2","CHACO","50","32.839"
"2024","2","CHACO","0,51","2"
"2024","2","CHACO","100","47.286"
"2024","2","CHACO","120","623"
"2024","2","CHACO","200","963"
"2024","2","CHACO","250","228"
"2024","2","CHACO","300","23.294"
"2024","2","CHACO","500","1.396"
"2024","2","CHACO","600","884"
"2024","2","CHACO","1000","164"
"2024","2","CHUBUT","0","16.554"
"2024","2","CHUBUT","1","303"
"2024","2","CHUBUT","2","1.881"
"2024","2","CHUBUT","3","5.643"
"2024","2","CHUBUT","4","6.189"
"2024","2","CHUBUT","5","1.769"
"2024","2","CHUBUT","0,5","69"
"2024","2","CHUBUT","6","16.776"
"2024","2","CHUBUT","7","76"
"2024","2","CHUBUT","8","13.375"
"2024","2","CHUBUT","9","16"
"2024","2","CHUBUT","10","18.504"
"2024","2","CHUBUT","11","1"
"2024","2","CHUBUT","12","3.968"
"2024","2","CHUBUT","13","2"
"2024","2","CHUBUT","14","56"
"2024","2","CHUBUT","15","13.731"
"2024","2","CHUBUT","16","141"
"2024","2","CHUBUT","18","1"
"2024","2","CHUBUT","20","4.796"
"2024","2","CHUBUT","24","7.616"
"2024","2","CHUBUT","25","5.560"
"2024","2","CHUBUT","0,26","18"
"2024","2","CHUBUT","30","7.640"
"2024","2","CHUBUT","3,5","11.441"
"2024","2","CHUBUT","40","28"
"2024","2","CHUBUT","41","1"
"2024","2","CHUBUT","48","190"
"2024","2","CHUBUT","50","35.232"
"2024","2","CHUBUT","0,51","38"
"2024","2","CHUBUT","60","2"
"2024","2","CHUBUT","0,75","836"
"2024","2","CHUBUT","100","1.466"
"2024","2","CHUBUT","102","5"
"2024","2","CHUBUT","200","1"
"2024","2","CHUBUT","300","247"
"2024","2","CHUBUT","500","5"
"2024","2","CHUBUT","600","43"
"2024","2","CHUBUT","999","2"
"2024","2","CHUBUT","1000","1"
"2024","2","CORDOBA","0","16.863"
"2024","2","CORDOBA","1","7.688"
"2024","2","CORDOBA","2","7.471"
"2024","2","CORDOBA","3","22.498"
"2024","2","CORDOBA","4","10.131"
"2024","2","CORDOBA","5","7.661"
"2024","2","CORDOBA","0,5","87"
"2024","2","CORDOBA","6","51.204"
"2024","2","CORDOBA","7","1.840"
"2024","2","CORDOBA","8","9.397"
"2024","2","CORDOBA","9","714"
"2024","2","CORDOBA","10","72.911"
"2024","2","CORDOBA","11","88"
"2024","2","CORDOBA","12","8.784"
"2024","2","CORDOBA","13","19"
"2024","2","CORDOBA","14","9"
"2024","2","CORDOBA","15","18.895"
"2024","2","CORDOBA","1,5","7"
"2024","2","CORDOBA","16","134"
"2024","2","CORDOBA","18","58"
"2024","2","CORDOBA","20","19.106"
"2024","2","CORDOBA","2,2","18"
"2024","2","CORDOBA","24","2"
"2024","2","CORDOBA","25","20.421"
"2024","2","CORDOBA","2,5","133"
"2024","2","CORDOBA","0,26","4"
"2024","2","CORDOBA","30","6.747"
"2024","2","CORDOBA","3,3","3"
"2024","2","CORDOBA","35","52"
"2024","2","CORDOBA","3,5","4.897"
"2024","2","CORDOBA","40","935"
"2024","2","CORDOBA","50","244.004"
"2024","2","CORDOBA","0,51","12"
"2024","2","CORDOBA","60","5.835"
"2024","2","CORDOBA","6,4","5"
"2024","2","CORDOBA","70","11"
"2024","2","CORDOBA","75","495"
"2024","2","CORDOBA","0,75","83"
"2024","2","CORDOBA","100","302.310"
"2024","2","CORDOBA","10,1","18"
"2024","2","CORDOBA","10,2","53"
"2024","2","CORDOBA","120","891"
"2024","2","CORDOBA","12,3","15"
"2024","2","CORDOBA","140","1"
"2024","2","CORDOBA","150","27"
"2024","2","CORDOBA","200","11.575"
"2024","2","CORDOBA","20,5","1"
"2024","2","CORDOBA","225","1"
"2024","2","CORDOBA","250","1"
"2024","2","CORDOBA","25,1","311"
"2024","2","CORDOBA","25,5","13"
"2024","2","CORDOBA","300","203.771"
"2024","2","CORDOBA","500","16.814"
"2024","2","CORDOBA","50,1","402"
"2024","2","CORDOBA","512","21"
"2024","2","CORDOBA","600","6.233"
"2024","2","CORDOBA","700","1"
"2024","2","CORDOBA","800","1"
"2024","2","CORDOBA","850","1"
"2024","2","CORDOBA","1000","4.065"
"2024","2","CORDOBA","100,1","1"
"2024","2","CORDOBA","50,25","9"
"2024","2","CORDOBA","100,25","16"
"2024","2","CORRIENTES","0","5.185"
"2024","2","CORRIENTES","1","2.396"
"2024","2","CORRIENTES","2","1.721"
"2024","2","CORRIENTES","3","4.565"
"2024","2","CORRIENTES","4","1.718"
"2024","2","CORRIENTES","5","2.760"
"2024","2","CORRIENTES","0,5","10"
"2024","2","CORRIENTES","6","6.020"
"2024","2","CORRIENTES","8","4.890"
"2024","2","CORRIENTES","10","10.343"
"2024","2","CORRIENTES","12","8"
"2024","2","CORRIENTES","15","1.499"
"2024","2","CORRIENTES","16","3.548"
"2024","2","CORRIENTES","20","2.003"
"2024","2","CORRIENTES","25","1.421"
"2024","2","CORRIENTES","30","653"
"2024","2","CORRIENTES","3,5","480"
"2024","2","CORRIENTES","40","2.834"
"2024","2","CORRIENTES","50","32.367"
"2024","2","CORRIENTES","0,51","57"
"2024","2","CORRIENTES","0,75","118"
"2024","2","CORRIENTES","100","39.822"
"2024","2","CORRIENTES","120","1.708"
"2024","2","CORRIENTES","200","2.650"
"2024","2","CORRIENTES","250","382"
"2024","2","CORRIENTES","300","25.229"
"2024","2","CORRIENTES","500","1.644"
"2024","2","CORRIENTES","600","1"
"2024","2","CORRIENTES","1000","443"
"2024","2","ENTRE RIOS","0","13.979"
"2024","2","ENTRE RIOS","1","4.010"
"2024","2","ENTRE RIOS","2","4.307"
"2024","2","ENTRE RIOS","3","7.006"
"2024","2","ENTRE RIOS","4","2.334"
"2024","2","ENTRE RIOS","5","5.417"
"2024","2","ENTRE RIOS","0,5","20"
"2024","2","ENTRE RIOS","6","13.903"
"2024","2","ENTRE RIOS","7","358"
"2024","2","ENTRE RIOS","8","2.399"
"2024","2","ENTRE RIOS","10","46.176"
"2024","2","ENTRE RIOS","12","1.486"
"2024","2","ENTRE RIOS","15","4.642"
"2024","2","ENTRE RIOS","16","1"
"2024","2","ENTRE RIOS","20","9.111"
"2024","2","ENTRE RIOS","25","862"
"2024","2","ENTRE RIOS","0,26","1"
"2024","2","ENTRE RIOS","30","6.376"
"2024","2","ENTRE RIOS","3,5","390"
"2024","2","ENTRE RIOS","50","40.822"
"2024","2","ENTRE RIOS","0,51","86"
"2024","2","ENTRE RIOS","0,75","113"
"2024","2","ENTRE RIOS","100","74.647"
"2024","2","ENTRE RIOS","120","703"
"2024","2","ENTRE RIOS","150","1"
"2024","2","ENTRE RIOS","200","2.125"
"2024","2","ENTRE RIOS","250","154"
"2024","2","ENTRE RIOS","300","48.944"
"2024","2","ENTRE RIOS","500","2.976"
"2024","2","ENTRE RIOS","1000","962"
"2024","2","FORMOSA","0","291"
"2024","2","FORMOSA","1","142"
"2024","2","FORMOSA","2","1.424"
"2024","2","FORMOSA","3","10.162"
"2024","2","FORMOSA","4","3.296"
"2024","2","FORMOSA","5","2.016"
"2024","2","FORMOSA","0,5","49"
"2024","2","FORMOSA","6","4.850"
"2024","2","FORMOSA","7","108"
"2024","2","FORMOSA","8","162"
"2024","2","FORMOSA","10","10.594"
"2024","2","FORMOSA","12","40"
"2024","2","FORMOSA","15","1.222"
"2024","2","FORMOSA","20","2.727"
"2024","2","FORMOSA","25","8"
"2024","2","FORMOSA","0,26","1"
"2024","2","FORMOSA","30","286"
"2024","2","FORMOSA","35","3"
"2024","2","FORMOSA","40","22"
"2024","2","FORMOSA","50","1.430"
"2024","2","FORMOSA","0,51","35"
"2024","2","FORMOSA","100","13.013"
"2024","2","FORMOSA","300","10.428"
"2024","2","FORMOSA","500","480"
"2024","2","FORMOSA","1000","161"
"2024","2","JUJUY","0","1.943"
"2024","2","JUJUY","1","1.213"
"2024","2","JUJUY","2","1.639"
"2024","2","JUJUY","3","1.739"
"2024","2","JUJUY","4","2.889"
"2024","2","JUJUY","5","3.501"
"2024","2","JUJUY","0,5","26"
"2024","2","JUJUY","6","2.068"
"2024","2","JUJUY","7","10"
"2024","2","JUJUY","8","949"
"2024","2","JUJUY","10","13.189"
"2024","2","JUJUY","12","23.495"
"2024","2","JUJUY","15","181"
"2024","2","JUJUY","18","4"
"2024","2","JUJUY","20","4.503"
"2024","2","JUJUY","25","8"
"2024","2","JUJUY","30","679"
"2024","2","JUJUY","41","1"
"2024","2","JUJUY","50","44.916"
"2024","2","JUJUY","0,51","33"
"2024","2","JUJUY","75","1"
"2024","2","JUJUY","100","10.975"
"2024","2","JUJUY","165","2"
"2024","2","JUJUY","200","1"
"2024","2","JUJUY","300","4.858"
"2024","2","JUJUY","500","246"
"2024","2","JUJUY","512","200"
"2024","2","JUJUY","600","389"
"2024","2","JUJUY","1000","26"
"2024","2","LA PAMPA","0","1.601"
"2024","2","LA PAMPA","1","1.187"
"2024","2","LA PAMPA","2","2.049"
"2024","2","LA PAMPA","3","6.196"
"2024","2","LA PAMPA","4","2.619"
"2024","2","LA PAMPA","5","2.243"
"2024","2","LA PAMPA","0,5","6"
"2024","2","LA PAMPA","6","28.188"
"2024","2","LA PAMPA","7","516"
"2024","2","LA PAMPA","8","1.570"
"2024","2","LA PAMPA","10","14.931"
"2024","2","LA PAMPA","12","1"
"2024","2","LA PAMPA","15","5.193"
"2024","2","LA PAMPA","1,5","185"
"2024","2","LA PAMPA","20","10.159"
"2024","2","LA PAMPA","25","1.543"
"2024","2","LA PAMPA","0,26","3"
"2024","2","LA PAMPA","30","3.628"
"2024","2","LA PAMPA","35","1"
"2024","2","LA PAMPA","3,5","2.327"
"2024","2","LA PAMPA","40","3.065"
"2024","2","LA PAMPA","50","23.820"
"2024","2","LA PAMPA","0,51","62"
"2024","2","LA PAMPA","60","2.098"
"2024","2","LA PAMPA","75","3"
"2024","2","LA PAMPA","0,75","143"
"2024","2","LA PAMPA","80","95"
"2024","2","LA PAMPA","100","7.465"
"2024","2","LA PAMPA","120","1.536"
"2024","2","LA PAMPA","200","10"
"2024","2","LA PAMPA","300","591"
"2024","2","LA PAMPA","500","209"
"2024","2","LA PAMPA","700","14"
"2024","2","LA PAMPA","1000","6"
"2024","2","LA RIOJA","0","0"
"2024","2","LA RIOJA","1","377"
"2024","2","LA RIOJA","2","8"
"2024","2","LA RIOJA","3","341"
"2024","2","LA RIOJA","4","2"
"2024","2","LA RIOJA","5","181"
"2024","2","LA RIOJA","0,5","9"
"2024","2","LA RIOJA","6","592"
"2024","2","LA RIOJA","8","85"
"2024","2","LA RIOJA","10","1.211"
"2024","2","LA RIOJA","11","22"
"2024","2","LA RIOJA","12","15.357"
"2024","2","LA RIOJA","15","244"
"2024","2","LA RIOJA","20","9.080"
"2024","2","LA RIOJA","24","43"
"2024","2","LA RIOJA","0,26","1"
"2024","2","LA RIOJA","30","4.501"
"2024","2","LA RIOJA","50","37.326"
"2024","2","LA RIOJA","0,51","9"
"2024","2","LA RIOJA","100","11.407"
"2024","2","LA RIOJA","200","137"
"2024","2","LA RIOJA","300","6.119"
"2024","2","LA RIOJA","500","394"
"2024","2","LA RIOJA","1000","35"
"2024","2","MENDOZA","0","5.561"
"2024","2","MENDOZA","1","2.208"
"2024","2","MENDOZA","2","3.034"
"2024","2","MENDOZA","3","4.178"
"2024","2","MENDOZA","4","1.584"
"2024","2","MENDOZA","5","1.083"
"2024","2","MENDOZA","0,5","86"
"2024","2","MENDOZA","6","13.877"
"2024","2","MENDOZA","7","11"
"2024","2","MENDOZA","8","10.779"
"2024","2","MENDOZA","9","1.237"
"2024","2","MENDOZA","10","8.838"
"2024","2","MENDOZA","12","4.093"
"2024","2","MENDOZA","15","19.102"
"2024","2","MENDOZA","1,5","1.348"
"2024","2","MENDOZA","20","6.454"
"2024","2","MENDOZA","24","537"
"2024","2","MENDOZA","25","155"
"2024","2","MENDOZA","0,26","2"
"2024","2","MENDOZA","30","52.889"
"2024","2","MENDOZA","3,5","10.699"
"2024","2","MENDOZA","36","2"
"2024","2","MENDOZA","40","4"
"2024","2","MENDOZA","41","1"
"2024","2","MENDOZA","45","1"
"2024","2","MENDOZA","50","104.994"
"2024","2","MENDOZA","0,51","20"
"2024","2","MENDOZA","70","1"
"2024","2","MENDOZA","0,75","737"
"2024","2","MENDOZA","90","2"
"2024","2","MENDOZA","100","31.890"
"2024","2","MENDOZA","120","1"
"2024","2","MENDOZA","200","558"
"2024","2","MENDOZA","300","13.189"
"2024","2","MENDOZA","500","661"
"2024","2","MENDOZA","600","1.762"
"2024","2","MENDOZA","1000","75"
"2024","2","MISIONES","0","9.027"
"2024","2","MISIONES","1","3.096"
"2024","2","MISIONES","2","11.019"
"2024","2","MISIONES","3","3.698"
"2024","2","MISIONES","4","1.705"
"2024","2","MISIONES","5","3.170"
"2024","2","MISIONES","0,5","47"
"2024","2","MISIONES","6","6.577"
"2024","2","MISIONES","7","7.855"
"2024","2","MISIONES","8","29"
"2024","2","MISIONES","10","19.086"
"2024","2","MISIONES","11","1"
"2024","2","MISIONES","12","116"
"2024","2","MISIONES","15","1.047"
"2024","2","MISIONES","20","8.126"
"2024","2","MISIONES","25","7"
"2024","2","MISIONES","30","4.453"
"2024","2","MISIONES","3,5","4"
"2024","2","MISIONES","40","71"
"2024","2","MISIONES","45","28"
"2024","2","MISIONES","50","38.297"
"2024","2","MISIONES","0,51","4"
"2024","2","MISIONES","60","19"
"2024","2","MISIONES","100","52.864"
"2024","2","MISIONES","120","492"
"2024","2","MISIONES","150","1.027"
"2024","2","MISIONES","200","5.092"
"2024","2","MISIONES","250","198"
"2024","2","MISIONES","300","25.897"
"2024","2","MISIONES","350","5"
"2024","2","MISIONES","500","1.237"
"2024","2","MISIONES","600","2.005"
"2024","2","MISIONES","1000","255"
"2024","2","NEUQUEN","0","19.890"
"2024","2","NEUQUEN","1","532"
"2024","2","NEUQUEN","2","1.626"
"2024","2","NEUQUEN","3","5.231"
"2024","2","NEUQUEN","4","1.438"
"2024","2","NEUQUEN","5","7.775"
"2024","2","NEUQUEN","0,5","62"
"2024","2","NEUQUEN","6","8.422"
"2024","2","NEUQUEN","7","246"
"2024","2","NEUQUEN","8","5.986"
"2024","2","NEUQUEN","10","7.113"
"2024","2","NEUQUEN","12","3.882"
"2024","2","NEUQUEN","14","1"
"2024","2","NEUQUEN","15","5.148"
"2024","2","NEUQUEN","20","1.559"
"2024","2","NEUQUEN","25","259"
"2024","2","NEUQUEN","0,26","2"
"2024","2","NEUQUEN","30","14.760"
"2024","2","NEUQUEN","3,5","10.737"
"2024","2","NEUQUEN","40","66"
"2024","2","NEUQUEN","50","8.439"
"2024","2","NEUQUEN","0,51","82"
"2024","2","NEUQUEN","60","7"
"2024","2","NEUQUEN","0,75","458"
"2024","2","NEUQUEN","100","31.037"
"2024","2","NEUQUEN","150","4"
"2024","2","NEUQUEN","250","1"
"2024","2","NEUQUEN","300","25.787"
"2024","2","NEUQUEN","400","1"
"2024","2","NEUQUEN","500","2.389"
"2024","2","NEUQUEN","1000","602"
"2024","2","RIO NEGRO","0","15.564"
"2024","2","RIO NEGRO","1","534"
"2024","2","RIO NEGRO","2","691"
"2024","2","RIO NEGRO","3","5.391"
"2024","2","RIO NEGRO","4","1.219"
"2024","2","RIO NEGRO","5","2.136"
"2024","2","RIO NEGRO","0,5","36"
"2024","2","RIO NEGRO","6","8.577"
"2024","2","RIO NEGRO","8","11.090"
"2024","2","RIO NEGRO","9","2"
"2024","2","RIO NEGRO","10","6.811"
"2024","2","RIO NEGRO","11","18"
"2024","2","RIO NEGRO","12","952"
"2024","2","RIO NEGRO","15","9.896"
"2024","2","RIO NEGRO","18","3"
"2024","2","RIO NEGRO","20","6.701"
"2024","2","RIO NEGRO","25","7.620"
"2024","2","RIO NEGRO","0,26","4"
"2024","2","RIO NEGRO","30","16.242"
"2024","2","RIO NEGRO","35","2"
"2024","2","RIO NEGRO","3,5","7.796"
"2024","2","RIO NEGRO","40","33"
"2024","2","RIO NEGRO","50","16.834"
"2024","2","RIO NEGRO","0,51","78"
"2024","2","RIO NEGRO","60","259"
"2024","2","RIO NEGRO","0,75","501"
"2024","2","RIO NEGRO","80","268"
"2024","2","RIO NEGRO","90","10.057"
"2024","2","RIO NEGRO","100","22.247"
"2024","2","RIO NEGRO","120","233"
"2024","2","RIO NEGRO","122","34"
"2024","2","RIO NEGRO","150","33"
"2024","2","RIO NEGRO","180","463"
"2024","2","RIO NEGRO","200","26"
"2024","2","RIO NEGRO","250","306"
"2024","2","RIO NEGRO","300","17.892"
"2024","2","RIO NEGRO","330","115"
"2024","2","RIO NEGRO","500","844"
"2024","2","RIO NEGRO","520","40"
"2024","2","RIO NEGRO","540","89"
"2024","2","RIO NEGRO","900","110"
"2024","2","RIO NEGRO","1000","294"
"2024","2","SALTA","0","6.541"
"2024","2","SALTA","1","852"
"2024","2","SALTA","2","1.543"
"2024","2","SALTA","3","5.187"
"2024","2","SALTA","4","8.039"
"2024","2","SALTA","5","5.303"
"2024","2","SALTA","0,5","41"
"2024","2","SALTA","6","5.806"
"2024","2","SALTA","7","330"
"2024","2","SALTA","8","6.914"
"2024","2","SALTA","10","55.478"
"2024","2","SALTA","12","88"
"2024","2","SALTA","15","1.176"
"2024","2","SALTA","18","4"
"2024","2","SALTA","20","1.350"
"2024","2","SALTA","25","1"
"2024","2","SALTA","0,26","3"
"2024","2","SALTA","27","1"
"2024","2","SALTA","30","82"
"2024","2","SALTA","3,5","8"
"2024","2","SALTA","50","29.203"
"2024","2","SALTA","0,51","73"
"2024","2","SALTA","0,75","1"
"2024","2","SALTA","80","50"
"2024","2","SALTA","100","41.068"
"2024","2","SALTA","120","35"
"2024","2","SALTA","200","1"
"2024","2","SALTA","240","521"
"2024","2","SALTA","300","28.478"
"2024","2","SALTA","400","47"
"2024","2","SALTA","500","1.441"
"2024","2","SALTA","600","1.181"
"2024","2","SALTA","800","36"
"2024","2","SALTA","999","1"
"2024","2","SALTA","1000","458"
"2024","2","SAN JUAN","0","22.744"
"2024","2","SAN JUAN","1","1.299"
"2024","2","SAN JUAN","2","606"
"2024","2","SAN JUAN","3","4.404"
"2024","2","SAN JUAN","4","253"
"2024","2","SAN JUAN","5","290"
"2024","2","SAN JUAN","0,5","21"
"2024","2","SAN JUAN","6","4.967"
"2024","2","SAN JUAN","7","86"
"2024","2","SAN JUAN","8","9.158"
"2024","2","SAN JUAN","9","6"
"2024","2","SAN JUAN","10","3.778"
"2024","2","SAN JUAN","12","597"
"2024","2","SAN JUAN","15","9.836"
"2024","2","SAN JUAN","20","1.099"
"2024","2","SAN JUAN","24","259"
"2024","2","SAN JUAN","25","338"
"2024","2","SAN JUAN","0,26","2"
"2024","2","SAN JUAN","30","10.448"
"2024","2","SAN JUAN","3,5","11.509"
"2024","2","SAN JUAN","50","17.407"
"2024","2","SAN JUAN","0,51","4"
"2024","2","SAN JUAN","60","1"
"2024","2","SAN JUAN","0,75","723"
"2024","2","SAN JUAN","100","3.955"
"2024","2","SAN JUAN","200","2"
"2024","2","SAN JUAN","300","2.038"
"2024","2","SAN JUAN","500","11"
"2024","2","SAN JUAN","600","149"
"2024","2","SAN LUIS","0","5.975"
"2024","2","SAN LUIS","1","466"
"2024","2","SAN LUIS","2","491"
"2024","2","SAN LUIS","3","2.771"
"2024","2","SAN LUIS","4","1"
"2024","2","SAN LUIS","5","332"
"2024","2","SAN LUIS","0,5","59"
"2024","2","SAN LUIS","6","6.216"
"2024","2","SAN LUIS","7","1"
"2024","2","SAN LUIS","8","2.622"
"2024","2","SAN LUIS","9","2"
"2024","2","SAN LUIS","10","21.077"
"2024","2","SAN LUIS","12","955"
"2024","2","SAN LUIS","15","1.836"
"2024","2","SAN LUIS","20","1.443"
"2024","2","SAN LUIS","25","70.721"
"2024","2","SAN LUIS","30","136"
"2024","2","SAN LUIS","3,5","1.418"
"2024","2","SAN LUIS","40","35"
"2024","2","SAN LUIS","50","11.319"
"2024","2","SAN LUIS","0,51","1"
"2024","2","SAN LUIS","0,75","163"
"2024","2","SAN LUIS","100","3.949"
"2024","2","SAN LUIS","300","1.256"
"2024","2","SAN LUIS","500","32"
"2024","2","SAN LUIS","600","685"
"2024","2","SAN LUIS","999","2"
"2024","2","SAN LUIS","1000","23.645"
"2024","2","SANTA CRUZ","0","33.785"
"2024","2","SANTA CRUZ","1","216"
"2024","2","SANTA CRUZ","2","726"
"2024","2","SANTA CRUZ","3","1.259"
"2024","2","SANTA CRUZ","4","506"
"2024","2","SANTA CRUZ","5","1.272"
"2024","2","SANTA CRUZ","0,5","26"
"2024","2","SANTA CRUZ","6","2.004"
"2024","2","SANTA CRUZ","8","2.361"
"2024","2","SANTA CRUZ","9","3"
"2024","2","SANTA CRUZ","10","7.214"
"2024","2","SANTA CRUZ","12","38"
"2024","2","SANTA CRUZ","15","6.224"
"2024","2","SANTA CRUZ","18","1"
"2024","2","SANTA CRUZ","20","4.329"
"2024","2","SANTA CRUZ","24","1.835"
"2024","2","SANTA CRUZ","25","1.454"
"2024","2","SANTA CRUZ","0,26","9"
"2024","2","SANTA CRUZ","30","5.592"
"2024","2","SANTA CRUZ","35","1.139"
"2024","2","SANTA CRUZ","3,5","2.001"
"2024","2","SANTA CRUZ","40","3"
"2024","2","SANTA CRUZ","50","5.684"
"2024","2","SANTA CRUZ","0,51","21"
"2024","2","SANTA CRUZ","75","3.117"
"2024","2","SANTA CRUZ","0,75","218"
"2024","2","SANTA CRUZ","100","1.451"
"2024","2","SANTA CRUZ","150","587"
"2024","2","SANTA CRUZ","200","102"
"2024","2","SANTA CRUZ","350","142"
"2024","2","SANTA CRUZ","500","142"
"2024","2","SANTA FE","0","28.701"
"2024","2","SANTA FE","1","6.011"
"2024","2","SANTA FE","2","6.277"
"2024","2","SANTA FE","3","22.537"
"2024","2","SANTA FE","4","5.494"
"2024","2","SANTA FE","5","17.147"
"2024","2","SANTA FE","0,5","335"
"2024","2","SANTA FE","6","22.626"
"2024","2","SANTA FE","7","4.113"
"2024","2","SANTA FE","8","10.453"
"2024","2","SANTA FE","9","1.474"
"2024","2","SANTA FE","10","128.572"
"2024","2","SANTA FE","12","1.200"
"2024","2","SANTA FE","13","69"
"2024","2","SANTA FE","15","23.515"
"2024","2","SANTA FE","16","31"
"2024","2","SANTA FE","18","8"
"2024","2","SANTA FE","20","32.376"
"2024","2","SANTA FE","24","39"
"2024","2","SANTA FE","25","15.114"
"2024","2","SANTA FE","2,5","472"
"2024","2","SANTA FE","0,26","37"
"2024","2","SANTA FE","30","9.675"
"2024","2","SANTA FE","35","41"
"2024","2","SANTA FE","3,5","164"
"2024","2","SANTA FE","36","18"
"2024","2","SANTA FE","40","4.727"
"2024","2","SANTA FE","50","178.347"
"2024","2","SANTA FE","51","4"
"2024","2","SANTA FE","0,51","104"
"2024","2","SANTA FE","60","1.213"
"2024","2","SANTA FE","65","1"
"2024","2","SANTA FE","70","251"
"2024","2","SANTA FE","75","88"
"2024","2","SANTA FE","0,75","5"
"2024","2","SANTA FE","80","9.026"
"2024","2","SANTA FE","95","1"
"2024","2","SANTA FE","98","30"
"2024","2","SANTA FE","100","220.634"
"2024","2","SANTA FE","120","1.218"
"2024","2","SANTA FE","140","1"
"2024","2","SANTA FE","150","1.621"
"2024","2","SANTA FE","200","10.384"
"2024","2","SANTA FE","250","496"
"2024","2","SANTA FE","300","149.170"
"2024","2","SANTA FE","400","2.046"
"2024","2","SANTA FE","450","1"
"2024","2","SANTA FE","500","8.056"
"2024","2","SANTA FE","600","5.415"
"2024","2","SANTA FE","700","1"
"2024","2","SANTA FE","800","14"
"2024","2","SANTA FE","999","1"
"2024","2","SANTA FE","1000","1.619"
"2024","2","SANTIAGO DEL ESTERO","0","889"
"2024","2","SANTIAGO DEL ESTERO","1","176"
"2024","2","SANTIAGO DEL ESTERO","2","381"
"2024","2","SANTIAGO DEL ESTERO","3","5.036"
"2024","2","SANTIAGO DEL ESTERO","4","1.221"
"2024","2","SANTIAGO DEL ESTERO","5","399"
"2024","2","SANTIAGO DEL ESTERO","0,5","39"
"2024","2","SANTIAGO DEL ESTERO","6","2.561"
"2024","2","SANTIAGO DEL ESTERO","7","352"
"2024","2","SANTIAGO DEL ESTERO","8","114"
"2024","2","SANTIAGO DEL ESTERO","10","52.231"
"2024","2","SANTIAGO DEL ESTERO","12","5.226"
"2024","2","SANTIAGO DEL ESTERO","15","199"
"2024","2","SANTIAGO DEL ESTERO","1,5","307"
"2024","2","SANTIAGO DEL ESTERO","20","18.963"
"2024","2","SANTIAGO DEL ESTERO","25","17"
"2024","2","SANTIAGO DEL ESTERO","0,26","3"
"2024","2","SANTIAGO DEL ESTERO","30","3.847"
"2024","2","SANTIAGO DEL ESTERO","40","41"
"2024","2","SANTIAGO DEL ESTERO","50","10.605"
"2024","2","SANTIAGO DEL ESTERO","0,51","139"
"2024","2","SANTIAGO DEL ESTERO","60","1"
"2024","2","SANTIAGO DEL ESTERO","0,75","908"
"2024","2","SANTIAGO DEL ESTERO","100","11.645"
"2024","2","SANTIAGO DEL ESTERO","300","9.066"
"2024","2","SANTIAGO DEL ESTERO","500","585"
"2024","2","SANTIAGO DEL ESTERO","600","268"
"2024","2","SANTIAGO DEL ESTERO","1000","95"
"2024","2","TIERRA DEL FUEGO","0","7.124"
"2024","2","TIERRA DEL FUEGO","1","516"
"2024","2","TIERRA DEL FUEGO","2","2"
"2024","2","TIERRA DEL FUEGO","3","3"
"2024","2","TIERRA DEL FUEGO","4","1.872"
"2024","2","TIERRA DEL FUEGO","5","430"
"2024","2","TIERRA DEL FUEGO","0,5","11"
"2024","2","TIERRA DEL FUEGO","6","4.105"
"2024","2","TIERRA DEL FUEGO","8","8.034"
"2024","2","TIERRA DEL FUEGO","9","1"
"2024","2","TIERRA DEL FUEGO","10","1.610"
"2024","2","TIERRA DEL FUEGO","12","2.226"
"2024","2","TIERRA DEL FUEGO","15","8.103"
"2024","2","TIERRA DEL FUEGO","18","200"
"2024","2","TIERRA DEL FUEGO","20","209"
"2024","2","TIERRA DEL FUEGO","24","2.089"
"2024","2","TIERRA DEL FUEGO","25","14.491"
"2024","2","TIERRA DEL FUEGO","30","192"
"2024","2","TIERRA DEL FUEGO","35","486"
"2024","2","TIERRA DEL FUEGO","3,5","3.740"
"2024","2","TIERRA DEL FUEGO","40","5"
"2024","2","TIERRA DEL FUEGO","50","4.400"
"2024","2","TIERRA DEL FUEGO","0,51","11"
"2024","2","TIERRA DEL FUEGO","60","81"
"2024","2","TIERRA DEL FUEGO","0,75","318"
"2024","2","TIERRA DEL FUEGO","100","440"
"2024","2","TIERRA DEL FUEGO","150","30"
"2024","2","TIERRA DEL FUEGO","200","3"
"2024","2","TIERRA DEL FUEGO","300","672"
"2024","2","TIERRA DEL FUEGO","500","3"
"2024","2","TIERRA DEL FUEGO","1000","1"
"2024","2","TIERRA DEL FUEGO","1024","1"
"2024","2","TUCUMAN","0","343"
"2024","2","TUCUMAN","1","808"
"2024","2","TUCUMAN","2","122"
"2024","2","TUCUMAN","3","4.191"
"2024","2","TUCUMAN","4","44"
"2024","2","TUCUMAN","5","819"
"2024","2","TUCUMAN","0,5","19"
"2024","2","TUCUMAN","6","6.774"
"2024","2","TUCUMAN","7","146"
"2024","2","TUCUMAN","8","145"
"2024","2","TUCUMAN","9","1"
"2024","2","TUCUMAN","10","18.301"
"2024","2","TUCUMAN","12","13.065"
"2024","2","TUCUMAN","15","1.841"
"2024","2","TUCUMAN","20","7.247"
"2024","2","TUCUMAN","24","488"
"2024","2","TUCUMAN","25","60"
"2024","2","TUCUMAN","26","1"
"2024","2","TUCUMAN","0,26","1"
"2024","2","TUCUMAN","30","966"
"2024","2","TUCUMAN","35","12"
"2024","2","TUCUMAN","3,5","2.271"
"2024","2","TUCUMAN","40","2"
"2024","2","TUCUMAN","50","79.775"
"2024","2","TUCUMAN","0,51","20"
"2024","2","TUCUMAN","60","1"
"2024","2","TUCUMAN","70","2"
"2024","2","TUCUMAN","90","1"
"2024","2","TUCUMAN","100","78.963"
"2024","2","TUCUMAN","164","1"
"2024","2","TUCUMAN","200","1"
"2024","2","TUCUMAN","300","45.438"
"2024","2","TUCUMAN","500","2.471"
"2024","2","TUCUMAN","600","2.285"
"2024","2","TUCUMAN","1000","289"
"2024","1","Buenos Aires","1","4.611"
"2024","1","Buenos Aires","2","141"
"2024","1","Buenos Aires","4","41.735"
"2024","1","Buenos Aires","5","83"
"2024","1","Buenos Aires","6","27.327"
"2024","1","Buenos Aires","8","53"
"2024","1","Buenos Aires","9","63.826"
"2024","1","Buenos Aires","10","688"
"2024","1","Buenos Aires","12","10"
"2024","1","Buenos Aires","1,2","17.899"
"2024","1","Buenos Aires","14","238"
"2024","1","Buenos Aires","15","149"
"2024","1","Buenos Aires","16","94.414"
"2024","1","Buenos Aires","17","231"
"2024","1","Buenos Aires","18","2"
"2024","1","Buenos Aires","19","1.080"
"2024","1","Buenos Aires","22","2"
"2024","1","Buenos Aires","2,2","19.520"
"2024","1","Buenos Aires","23","1"
"2024","1","Buenos Aires","24","20"
"2024","1","Buenos Aires","25","106"
"2024","1","Buenos Aires","0,26","125.147"
"2024","1","Buenos Aires","31","782.651"
"2024","1","Buenos Aires","32","1.611"
"2024","1","Buenos Aires","3,2","43.554"
"2024","1","Buenos Aires","34","16"
"2024","1","Buenos Aires","36","1.373"
"2024","1","Buenos Aires","37","30"
"2024","1","Buenos Aires","0,38","18"
"2024","1","Buenos Aires","41","5.574"
"2024","1","Buenos Aires","45","9"
"2024","1","Buenos Aires","4,5","13.365"
"2024","1","Buenos Aires","49","659"
"2024","1","Buenos Aires","50","1"
"2024","1","Buenos Aires","0,51","25.815"
"2024","1","Buenos Aires","56","255"
"2024","1","Buenos Aires","60","59"
"2024","1","Buenos Aires","61","75.495"
"2024","1","Buenos Aires","62","78"
"2024","1","Buenos Aires","6,4","75.439"
"2024","1","Buenos Aires","66","90"
"2024","1","Buenos Aires","6,7","21"
"2024","1","Buenos Aires","71","7.238"
"2024","1","Buenos Aires","7,5","11.286"
"2024","1","Buenos Aires","0,75","169"
"2024","1","Buenos Aires","77","1.599"
"2024","1","Buenos Aires","81","9.092"
"2024","1","Buenos Aires","90","16"
"2024","1","Buenos Aires","91","3"
"2024","1","Buenos Aires","10,1","157.372"
"2024","1","Buenos Aires","109","14"
"2024","1","Buenos Aires","122","496"
"2024","1","Buenos Aires","12,3","21.114"
"2024","1","Buenos Aires","126","2"
"2024","1","Buenos Aires","155","484.778"
"2024","1","Buenos Aires","157","28"
"2024","1","Buenos Aires","164","1.211"
"2024","1","Buenos Aires","203","7.739"
"2024","1","Buenos Aires","20,5","124.540"
"2024","1","Buenos Aires","212","3"
"2024","1","Buenos Aires","220","1"
"2024","1","Buenos Aires","246","938"
"2024","1","Buenos Aires","250","41"
"2024","1","Buenos Aires","25,1","42.701"
"2024","1","Buenos Aires","256","258"
"2024","1","Buenos Aires","270","15"
"2024","1","Buenos Aires","320","1.060.257"
"2024","1","Buenos Aires","325","27"
"2024","1","Buenos Aires","450","965"
"2024","1","Buenos Aires","500","5"
"2024","1","Buenos Aires","50,1","504.344"
"2024","1","Buenos Aires","512","149.680"
"2024","1","Buenos Aires","520","663"
"2024","1","Buenos Aires","640","12.163"
"2024","1","Buenos Aires","850","563"
"2024","1","Buenos Aires","1000","26"
"2024","1","Buenos Aires","100,1","865.122"
"2024","1","Buenos Aires","1024","156.691"
"2024","1","Buenos Aires","50,25","1"
"2024","1","CABA","1","1.307"
"2024","1","CABA","4","11.975"
"2024","1","CABA","6","3.547"
"2024","1","CABA","9","16.864"
"2024","1","CABA","10","3"
"2024","1","CABA","12","5"
"2024","1","CABA","1,2","4.111"
"2024","1","CABA","16","29.730"
"2024","1","CABA","17","5"
"2024","1","CABA","22","1"
"2024","1","CABA","2,2","249"
"2024","1","CABA","31","58.579"
"2024","1","CABA","3,2","3.971"
"2024","1","CABA","36","24"
"2024","1","CABA","0,38","31"
"2024","1","CABA","41","238"
"2024","1","CABA","4,5","994"
"2024","1","CABA","0,51","451"
"2024","1","CABA","56","1"
"2024","1","CABA","61","17.314"
"2024","1","CABA","6,4","9.017"
"2024","1","CABA","67","1"
"2024","1","CABA","71","3"
"2024","1","CABA","7,5","7"
"2024","1","CABA","0,75","34"
"2024","1","CABA","77","1.091"
"2024","1","CABA","81","11"
"2024","1","CABA","10,1","34.541"
"2024","1","CABA","120","1"
"2024","1","CABA","122","30"
"2024","1","CABA","12,3","92"
"2024","1","CABA","126","3"
"2024","1","CABA","131","1"
"2024","1","CABA","155","147.085"
"2024","1","CABA","164","5"
"2024","1","CABA","203","3.301"
"2024","1","CABA","20,5","7.537"
"2024","1","CABA","225","1"
"2024","1","CABA","234","1"
"2024","1","CABA","25,1","433"
"2024","1","CABA","256","1.442"
"2024","1","CABA","300","1"
"2024","1","CABA","320","553.467"
"2024","1","CABA","330","2"
"2024","1","CABA","450","3"
"2024","1","CABA","50,1","66.357"
"2024","1","CABA","512","86.440"
"2024","1","CABA","640","372"
"2024","1","CABA","768","1"
"2024","1","CABA","850","1"
"2024","1","CABA","1000","25"
"2024","1","CABA","100,1","375.600"
"2024","1","CABA","1024","68.405"
"2024","1","Catamarca","6","332"
"2024","1","Catamarca","1,2","176"
"2024","1","Catamarca","16","1.901"
"2024","1","Catamarca","2,2","115"
"2024","1","Catamarca","25","914"
"2024","1","Catamarca","0,26","70"
"2024","1","Catamarca","31","861"
"2024","1","Catamarca","3,2","1.644"
"2024","1","Catamarca","4,5","1"
"2024","1","Catamarca","0,51","34"
"2024","1","Catamarca","6,4","780"
"2024","1","Catamarca","0,75","37"
"2024","1","Catamarca","10,1","3.424"
"2024","1","Catamarca","12,3","31"
"2024","1","Catamarca","203","42"
"2024","1","Catamarca","20,5","2.272"
"2024","1","Catamarca","25,1","47"
"2024","1","Catamarca","320","8.099"
"2024","1","Catamarca","50,1","35.211"
"2024","1","Catamarca","512","372"
"2024","1","Catamarca","640","834"
"2024","1","Catamarca","100,1","17.716"
"2024","1","Catamarca","1024","20"
"2024","1","Chaco","4","167"
"2024","1","Chaco","6","5.115"
"2024","1","Chaco","9","700"
"2024","1","Chaco","10","1"
"2024","1","Chaco","1,2","416"
"2024","1","Chaco","16","3.421"
"2024","1","Chaco","2,2","780"
"2024","1","Chaco","0,26","3.816"
"2024","1","Chaco","31","2.294"
"2024","1","Chaco","3,2","2.925"
"2024","1","Chaco","36","19"
"2024","1","Chaco","4,5","385"
"2024","1","Chaco","0,51","234"
"2024","1","Chaco","6,4","4.784"
"2024","1","Chaco","7,5","106"
"2024","1","Chaco","0,75","2"
"2024","1","Chaco","10,1","8.237"
"2024","1","Chaco","122","650"
"2024","1","Chaco","12,3","137"
"2024","1","Chaco","203","1.053"
"2024","1","Chaco","20,5","1.975"
"2024","1","Chaco","25,1","3.435"
"2024","1","Chaco","256","222"
"2024","1","Chaco","320","23.172"
"2024","1","Chaco","50,1","33.117"
"2024","1","Chaco","512","1.610"
"2024","1","Chaco","640","679"
"2024","1","Chaco","100,1","55.941"
"2024","1","Chaco","1024","150"
"2024","1","Chubut","1","836"
"2024","1","Chubut","4","11.441"
"2024","1","Chubut","6","4.369"
"2024","1","Chubut","9","13.374"
"2024","1","Chubut","10","21"
"2024","1","Chubut","12","1"
"2024","1","Chubut","1,2","247"
"2024","1","Chubut","15","56"
"2024","1","Chubut","16","13.739"
"2024","1","Chubut","17","141"
"2024","1","Chubut","2,2","1.870"
"2024","1","Chubut","25","8.047"
"2024","1","Chubut","0,26","16.640"
"2024","1","Chubut","31","7.643"
"2024","1","Chubut","3,2","5.642"
"2024","1","Chubut","0,38","8"
"2024","1","Chubut","41","29"
"2024","1","Chubut","4,5","6.185"
"2024","1","Chubut","49","190"
"2024","1","Chubut","0,51","69"
"2024","1","Chubut","61","2"
"2024","1","Chubut","6,4","14.321"
"2024","1","Chubut","7,5","76"
"2024","1","Chubut","0,75","34"
"2024","1","Chubut","10,1","18.414"
"2024","1","Chubut","12,3","5.603"
"2024","1","Chubut","203","1"
"2024","1","Chubut","20,5","3.484"
"2024","1","Chubut","25,1","5.560"
"2024","1","Chubut","320","158"
"2024","1","Chubut","50,1","31.184"
"2024","1","Chubut","512","3"
"2024","1","Chubut","640","31"
"2024","1","Chubut","1000","2"
"2024","1","Chubut","100,1","1.255"
"2024","1","Córdoba","0","1"
"2024","1","Córdoba","1","83"
"2024","1","Córdoba","2","7"
"2024","1","Córdoba","4","4.897"
"2024","1","Córdoba","6","8.411"
"2024","1","Córdoba","7","5"
"2024","1","Córdoba","9","10.313"
"2024","1","Córdoba","10","714"
"2024","1","Córdoba","12","88"
"2024","1","Córdoba","1,2","7.973"
"2024","1","Córdoba","13","15"
"2024","1","Córdoba","14","19"
"2024","1","Córdoba","15","9"
"2024","1","Córdoba","16","19.975"
"2024","1","Córdoba","17","134"
"2024","1","Córdoba","19","58"
"2024","1","Córdoba","21","1"
"2024","1","Córdoba","2,2","7.589"
"2024","1","Córdoba","25","2"
"2024","1","Córdoba","2,5","18"
"2024","1","Córdoba","26","13"
"2024","1","Córdoba","0,26","14.710"
"2024","1","Córdoba","31","6.694"
"2024","1","Córdoba","3,2","25.408"
"2024","1","Córdoba","3,5","3"
"2024","1","Córdoba","36","8"
"2024","1","Córdoba","0,38","2"
"2024","1","Córdoba","41","1.368"
"2024","1","Córdoba","4,5","10.133"
"2024","1","Córdoba","51","402"
"2024","1","Córdoba","0,51","87"
"2024","1","Córdoba","52","9"
"2024","1","Córdoba","61","5.952"
"2024","1","Córdoba","6,4","53.772"
"2024","1","Córdoba","6,7","133"
"2024","1","Córdoba","71","11"
"2024","1","Córdoba","7,5","1.818"
"2024","1","Córdoba","0,75","10"
"2024","1","Córdoba","77","495"
"2024","1","Córdoba","10,1","74.948"
"2024","1","Córdoba","10,2","18"
"2024","1","Córdoba","105","16"
"2024","1","Córdoba","10,6","53"
"2024","1","Córdoba","122","891"
"2024","1","Córdoba","12,3","7.337"
"2024","1","Córdoba","145","1"
"2024","1","Córdoba","155","27"
"2024","1","Córdoba","203","11.502"
"2024","1","Córdoba","20,5","19.378"
"2024","1","Córdoba","234","1"
"2024","1","Córdoba","25,1","23.046"
"2024","1","Córdoba","256","1"
"2024","1","Córdoba","320","198.178"
"2024","1","Córdoba","50,1","242.593"
"2024","1","Córdoba","512","18.929"
"2024","1","Córdoba","520","21"
"2024","1","Córdoba","640","5.047"
"2024","1","Córdoba","768","1"
"2024","1","Córdoba","900","1"
"2024","1","Córdoba","100,1","295.368"
"2024","1","Córdoba","1024","3.190"
"2024","1","Córdoba","25,11","311"
"2024","1","Córdoba","100,25","1"
"2024","1","Corrientes","1","118"
"2024","1","Corrientes","4","480"
"2024","1","Corrientes","6","2.751"
"2024","1","Corrientes","9","4.890"
"2024","1","Corrientes","1,2","2.572"
"2024","1","Corrientes","16","1.673"
"2024","1","Corrientes","17","3.548"
"2024","1","Corrientes","2,2","1.721"
"2024","1","Corrientes","0,26","6.242"
"2024","1","Corrientes","31","589"
"2024","1","Corrientes","3,2","5.092"
"2024","1","Corrientes","41","2.834"
"2024","1","Corrientes","4,5","1.718"
"2024","1","Corrientes","0,51","10"
"2024","1","Corrientes","6,4","6.875"
"2024","1","Corrientes","0,75","57"
"2024","1","Corrientes","10,1","11.640"
"2024","1","Corrientes","122","1.705"
"2024","1","Corrientes","12,3","8"
"2024","1","Corrientes","203","2.442"
"2024","1","Corrientes","20,5","2.451"
"2024","1","Corrientes","25,1","1.421"
"2024","1","Corrientes","256","360"
"2024","1","Corrientes","320","25.789"
"2024","1","Corrientes","50,1","31.709"
"2024","1","Corrientes","512","1.851"
"2024","1","Corrientes","640","1"
"2024","1","Corrientes","100,1","37.081"
"2024","1","Corrientes","1024","266"
"2024","1","Entre Ríos","1","113"
"2024","1","Entre Ríos","4","390"
"2024","1","Entre Ríos","6","5.417"
"2024","1","Entre Ríos","9","2.399"
"2024","1","Entre Ríos","1,2","4.177"
"2024","1","Entre Ríos","16","5.069"
"2024","1","Entre Ríos","17","1"
"2024","1","Entre Ríos","2,2","4.821"
"2024","1","Entre Ríos","0,26","13.975"
"2024","1","Entre Ríos","31","6.383"
"2024","1","Entre Ríos","3,2","6.815"
"2024","1","Entre Ríos","0,38","1"
"2024","1","Entre Ríos","4,5","2.334"
"2024","1","Entre Ríos","0,51","20"
"2024","1","Entre Ríos","6,4","14.797"
"2024","1","Entre Ríos","7,5","358"
"2024","1","Entre Ríos","0,75","86"
"2024","1","Entre Ríos","10,1","48.690"
"2024","1","Entre Ríos","122","780"
"2024","1","Entre Ríos","12,3","1.486"
"2024","1","Entre Ríos","155","1"
"2024","1","Entre Ríos","203","2.043"
"2024","1","Entre Ríos","20,5","9.566"
"2024","1","Entre Ríos","25,1","863"
"2024","1","Entre Ríos","256","154"
"2024","1","Entre Ríos","320","51.544"
"2024","1","Entre Ríos","50,1","40.205"
"2024","1","Entre Ríos","512","3.543"
"2024","1","Entre Ríos","100,1","69.813"
"2024","1","Entre Ríos","1024","708"
"2024","1","Formosa","6","2.059"
"2024","1","Formosa","9","162"
"2024","1","Formosa","1,2","158"
"2024","1","Formosa","16","1.172"
"2024","1","Formosa","2,2","1.447"
"2024","1","Formosa","0,26","302"
"2024","1","Formosa","31","268"
"2024","1","Formosa","3,2","10.284"
"2024","1","Formosa","36","3"
"2024","1","Formosa","0,38","1"
"2024","1","Formosa","41","13"
"2024","1","Formosa","4,5","3.296"
"2024","1","Formosa","0,51","49"
"2024","1","Formosa","6,4","5.047"
"2024","1","Formosa","7,5","108"
"2024","1","Formosa","0,75","35"
"2024","1","Formosa","10,1","10.654"
"2024","1","Formosa","12,3","40"
"2024","1","Formosa","20,5","2.964"
"2024","1","Formosa","25,1","9"
"2024","1","Formosa","320","11.104"
"2024","1","Formosa","50,1","1.361"
"2024","1","Formosa","512","581"
"2024","1","Formosa","100,1","11.492"
"2024","1","Formosa","1024","109"
"2024","1","Jujuy","6","5.128"
"2024","1","Jujuy","9","946"
"2024","1","Jujuy","1,2","1.268"
"2024","1","Jujuy","16","362"
"2024","1","Jujuy","19","4"
"2024","1","Jujuy","2,2","1.637"
"2024","1","Jujuy","0,26","1.970"
"2024","1","Jujuy","31","268"
"2024","1","Jujuy","3,2","2.959"
"2024","1","Jujuy","45","1"
"2024","1","Jujuy","4,5","2.889"
"2024","1","Jujuy","0,51","26"
"2024","1","Jujuy","6,4","2.351"
"2024","1","Jujuy","7,5","10"
"2024","1","Jujuy","0,75","32"
"2024","1","Jujuy","77","1"
"2024","1","Jujuy","10,1","10.327"
"2024","1","Jujuy","12,3","23.495"
"2024","1","Jujuy","180","2"
"2024","1","Jujuy","203","1"
"2024","1","Jujuy","20,5","4.687"
"2024","1","Jujuy","25,1","8"
"2024","1","Jujuy","320","4.381"
"2024","1","Jujuy","50,1","45.106"
"2024","1","Jujuy","512","281"
"2024","1","Jujuy","520","200"
"2024","1","Jujuy","640","299"
"2024","1","Jujuy","100,1","9.395"
"2024","1","Jujuy","1024","19"
"2024","1","La Pampa","1","143"
"2024","1","La Pampa","2","185"
"2024","1","La Pampa","4","2.327"
"2024","1","La Pampa","6","2.198"
"2024","1","La Pampa","9","1.562"
"2024","1","La Pampa","1,2","1.276"
"2024","1","La Pampa","16","5.102"
"2024","1","La Pampa","2,2","2.312"
"2024","1","La Pampa","0,26","1.599"
"2024","1","La Pampa","31","3.792"
"2024","1","La Pampa","3,2","6.114"
"2024","1","La Pampa","36","1"
"2024","1","La Pampa","0,38","3"
"2024","1","La Pampa","41","2.900"
"2024","1","La Pampa","4,5","2.454"
"2024","1","La Pampa","0,51","6"
"2024","1","La Pampa","61","1.939"
"2024","1","La Pampa","6,4","29.499"
"2024","1","La Pampa","7,5","516"
"2024","1","La Pampa","0,75","62"
"2024","1","La Pampa","77","3"
"2024","1","La Pampa","81","95"
"2024","1","La Pampa","10,1","15.195"
"2024","1","La Pampa","122","1.290"
"2024","1","La Pampa","12,3","1"
"2024","1","La Pampa","203","8"
"2024","1","La Pampa","20,5","10.118"
"2024","1","La Pampa","25,1","1.543"
"2024","1","La Pampa","320","474"
"2024","1","La Pampa","50,1","23.478"
"2024","1","La Pampa","512","129"
"2024","1","La Pampa","100,1","5.863"
"2024","1","La Pampa","1024","8"
"2024","1","La Rioja","6","180"
"2024","1","La Rioja","9","85"
"2024","1","La Rioja","12","22"
"2024","1","La Rioja","1,2","407"
"2024","1","La Rioja","16","287"
"2024","1","La Rioja","2,2","8"
"2024","1","La Rioja","25","209"
"2024","1","La Rioja","31","4.503"
"2024","1","La Rioja","3,2","404"
"2024","1","La Rioja","4,5","2"
"2024","1","La Rioja","0,51","9"
"2024","1","La Rioja","6,4","742"
"2024","1","La Rioja","0,75","9"
"2024","1","La Rioja","10,1","1.481"
"2024","1","La Rioja","12,3","15.442"
"2024","1","La Rioja","203","137"
"2024","1","La Rioja","20,5","9.019"
"2024","1","La Rioja","320","5.936"
"2024","1","La Rioja","50,1","36.934"
"2024","1","La Rioja","512","469"
"2024","1","La Rioja","100,1","11.474"
"2024","1","La Rioja","1024","23"
"2024","1","Mendoza","1","737"
"2024","1","Mendoza","2","1.348"
"2024","1","Mendoza","4","10.699"
"2024","1","Mendoza","6","1.108"
"2024","1","Mendoza","9","10.780"
"2024","1","Mendoza","10","1.251"
"2024","1","Mendoza","1,2","2.208"
"2024","1","Mendoza","16","19.102"
"2024","1","Mendoza","2,2","3.081"
"2024","1","Mendoza","25","626"
"2024","1","Mendoza","0,26","5.566"
"2024","1","Mendoza","31","53.012"
"2024","1","Mendoza","3,2","4.179"
"2024","1","Mendoza","37","2"
"2024","1","Mendoza","0,38","2"
"2024","1","Mendoza","41","4"
"2024","1","Mendoza","4,5","1.584"
"2024","1","Mendoza","46","1"
"2024","1","Mendoza","0,51","86"
"2024","1","Mendoza","61","1"
"2024","1","Mendoza","6,4","13.894"
"2024","1","Mendoza","71","1"
"2024","1","Mendoza","7,5","13"
"2024","1","Mendoza","0,75","16"
"2024","1","Mendoza","91","2"
"2024","1","Mendoza","10,1","8.856"
"2024","1","Mendoza","122","1"
"2024","1","Mendoza","12,3","4.467"
"2024","1","Mendoza","203","447"
"2024","1","Mendoza","20,5","6.480"
"2024","1","Mendoza","25,1","155"
"2024","1","Mendoza","320","10.984"
"2024","1","Mendoza","50,1","111.499"
"2024","1","Mendoza","512","642"
"2024","1","Mendoza","640","1.387"
"2024","1","Mendoza","100,1","28.343"
"2024","1","Mendoza","1024","33"
"2024","1","Misiones","4","4"
"2024","1","Misiones","6","3.170"
"2024","1","Misiones","9","29"
"2024","1","Misiones","12","1"
"2024","1","Misiones","1,2","3.173"
"2024","1","Misiones","16","1.227"
"2024","1","Misiones","2,2","11.019"
"2024","1","Misiones","0,26","8.526"
"2024","1","Misiones","31","3.649"
"2024","1","Misiones","3,2","3.874"
"2024","1","Misiones","41","71"
"2024","1","Misiones","4,5","1.705"
"2024","1","Misiones","46","28"
"2024","1","Misiones","0,51","47"
"2024","1","Misiones","61","19"
"2024","1","Misiones","6,4","7.110"
"2024","1","Misiones","7,5","7.855"
"2024","1","Misiones","0,75","4"
"2024","1","Misiones","10,1","18.485"
"2024","1","Misiones","122","502"
"2024","1","Misiones","12,3","116"
"2024","1","Misiones","155","1.027"
"2024","1","Misiones","203","5.008"
"2024","1","Misiones","20,5","8.468"
"2024","1","Misiones","25,1","8"
"2024","1","Misiones","256","190"
"2024","1","Misiones","320","25.109"
"2024","1","Misiones","380","5"
"2024","1","Misiones","50,1","37.533"
"2024","1","Misiones","512","1.418"
"2024","1","Misiones","640","1.752"
"2024","1","Misiones","100,1","51.195"
"2024","1","Misiones","1024","229"
"2024","1","Neuquén","1","458"
"2024","1","Neuquén","4","10.737"
"2024","1","Neuquén","6","7.821"
"2024","1","Neuquén","9","6.119"
"2024","1","Neuquén","1,2","539"
"2024","1","Neuquén","15","1"
"2024","1","Neuquén","16","5.148"
"2024","1","Neuquén","2,2","1.626"
"2024","1","Neuquén","0,26","20.168"
"2024","1","Neuquén","31","14.327"
"2024","1","Neuquén","3,2","5.303"
"2024","1","Neuquén","0,38","1"
"2024","1","Neuquén","41","66"
"2024","1","Neuquén","4,5","1.438"
"2024","1","Neuquén","0,51","62"
"2024","1","Neuquén","61","7"
"2024","1","Neuquén","6,4","8.457"
"2024","1","Neuquén","7,5","246"
"2024","1","Neuquén","0,75","73"
"2024","1","Neuquén","91","1"
"2024","1","Neuquén","10,1","7.117"
"2024","1","Neuquén","12,3","3.775"
"2024","1","Neuquén","155","4"
"2024","1","Neuquén","20,5","1.567"
"2024","1","Neuquén","25,1","259"
"2024","1","Neuquén","256","1"
"2024","1","Neuquén","320","26.468"
"2024","1","Neuquén","450","1"
"2024","1","Neuquén","50,1","8.573"
"2024","1","Neuquén","512","2.734"
"2024","1","Neuquén","100,1","30.680"
"2024","1","Neuquén","1024","469"
"2024","1","Río Negro","1","501"
"2024","1","Río Negro","4","7.796"
"2024","1","Río Negro","6","2.135"
"2024","1","Río Negro","9","11.085"
"2024","1","Río Negro","10","1"
"2024","1","Río Negro","12","18"
"2024","1","Río Negro","1,2","534"
"2024","1","Río Negro","16","9.894"
"2024","1","Río Negro","19","3"
"2024","1","Río Negro","2,2","677"
"2024","1","Río Negro","0,26","15.576"
"2024","1","Río Negro","31","16.244"
"2024","1","Río Negro","3,2","5.428"
"2024","1","Río Negro","36","2"
"2024","1","Río Negro","0,38","1"
"2024","1","Río Negro","41","33"
"2024","1","Río Negro","4,5","727"
"2024","1","Río Negro","0,51","36"
"2024","1","Río Negro","61","259"
"2024","1","Río Negro","6,4","8.737"
"2024","1","Río Negro","0,75","75"
"2024","1","Río Negro","81","268"
"2024","1","Río Negro","91","10.057"
"2024","1","Río Negro","10,1","6.555"
"2024","1","Río Negro","122","233"
"2024","1","Río Negro","12,3","1.640"
"2024","1","Río Negro","125","34"
"2024","1","Río Negro","155","33"
"2024","1","Río Negro","200","463"
"2024","1","Río Negro","203","26"
"2024","1","Río Negro","20,5","5.636"
"2024","1","Río Negro","25,1","7.618"
"2024","1","Río Negro","256","306"
"2024","1","Río Negro","320","17.629"
"2024","1","Río Negro","340","115"
"2024","1","Río Negro","50,1","16.821"
"2024","1","Río Negro","512","971"
"2024","1","Río Negro","540","40"
"2024","1","Río Negro","600","89"
"2024","1","Río Negro","945","110"
"2024","1","Río Negro","100,1","22.385"
"2024","1","Río Negro","1024","228"
"2024","1","Salta","1","1"
"2024","1","Salta","4","8"
"2024","1","Salta","6","4.873"
"2024","1","Salta","9","6.869"
"2024","1","Salta","1,2","925"
"2024","1","Salta","16","1.392"
"2024","1","Salta","19","4"
"2024","1","Salta","2,2","1.538"
"2024","1","Salta","0,26","6.646"
"2024","1","Salta","28","1"
"2024","1","Salta","31","75"
"2024","1","Salta","3,2","5.731"
"2024","1","Salta","4,5","8.365"
"2024","1","Salta","0,51","41"
"2024","1","Salta","6,4","6.837"
"2024","1","Salta","7,5","330"
"2024","1","Salta","0,75","73"
"2024","1","Salta","81","50"
"2024","1","Salta","10,1","57.331"
"2024","1","Salta","122","35"
"2024","1","Salta","12,3","88"
"2024","1","Salta","203","1"
"2024","1","Salta","20,5","1.707"
"2024","1","Salta","246","521"
"2024","1","Salta","25,1","2"
"2024","1","Salta","320","28.286"
"2024","1","Salta","450","47"
"2024","1","Salta","50,1","29.271"
"2024","1","Salta","512","1.664"
"2024","1","Salta","640","890"
"2024","1","Salta","850","36"
"2024","1","Salta","1000","1"
"2024","1","Salta","100,1","38.867"
"2024","1","Salta","1024","355"
"2024","1","San Juan","1","723"
"2024","1","San Juan","4","11.509"
"2024","1","San Juan","6","309"
"2024","1","San Juan","9","9.157"
"2024","1","San Juan","10","9"
"2024","1","San Juan","1,2","1.298"
"2024","1","San Juan","16","9.836"
"2024","1","San Juan","2,2","606"
"2024","1","San Juan","25","627"
"2024","1","San Juan","0,26","22.755"
"2024","1","San Juan","31","10.448"
"2024","1","San Juan","3,2","4.403"
"2024","1","San Juan","4,5","251"
"2024","1","San Juan","0,51","21"
"2024","1","San Juan","61","1"
"2024","1","San Juan","6,4","4.967"
"2024","1","San Juan","7,5","86"
"2024","1","San Juan","0,75","3"
"2024","1","San Juan","10,1","3.778"
"2024","1","San Juan","12,3","799"
"2024","1","San Juan","20,5","962"
"2024","1","San Juan","25,1","339"
"2024","1","San Juan","320","1.790"
"2024","1","San Juan","50,1","18.638"
"2024","1","San Juan","512","6"
"2024","1","San Juan","640","91"
"2024","1","San Juan","100,1","3.254"
"2024","1","San Luis","1","163"
"2024","1","San Luis","4","1.418"
"2024","1","San Luis","6","347"
"2024","1","San Luis","9","2.622"
"2024","1","San Luis","10","49"
"2024","1","San Luis","1,2","465"
"2024","1","San Luis","16","1.836"
"2024","1","San Luis","2,2","491"
"2024","1","San Luis","0,26","5.968"
"2024","1","San Luis","31","136"
"2024","1","San Luis","3,2","2.772"
"2024","1","San Luis","41","35"
"2024","1","San Luis","4,5","2"
"2024","1","San Luis","0,51","59"
"2024","1","San Luis","6,4","6.288"
"2024","1","San Luis","7,5","3"
"2024","1","San Luis","0,75","1"
"2024","1","San Luis","10,1","21.080"
"2024","1","San Luis","12,3","5.632"
"2024","1","San Luis","20,5","1.485"
"2024","1","San Luis","25,1","70.721"
"2024","1","San Luis","320","740"
"2024","1","San Luis","50,1","7.623"
"2024","1","San Luis","512","29"
"2024","1","San Luis","640","495"
"2024","1","San Luis","1000","2"
"2024","1","San Luis","100,1","1.983"
"2024","1","San Luis","1024","23.645"
"2024","1","Santa Cruz","1","218"
"2024","1","Santa Cruz","4","2.001"
"2024","1","Santa Cruz","6","1.272"
"2024","1","Santa Cruz","9","2.360"
"2024","1","Santa Cruz","10","4"
"2024","1","Santa Cruz","1,2","209"
"2024","1","Santa Cruz","16","6.224"
"2024","1","Santa Cruz","19","1"
"2024","1","Santa Cruz","2,2","724"
"2024","1","Santa Cruz","25","31"
"2024","1","Santa Cruz","0,26","33.803"
"2024","1","Santa Cruz","31","5.592"
"2024","1","Santa Cruz","3,2","1.259"
"2024","1","Santa Cruz","36","1.139"
"2024","1","Santa Cruz","0,38","4"
"2024","1","Santa Cruz","41","3"
"2024","1","Santa Cruz","4,5","504"
"2024","1","Santa Cruz","0,51","26"
"2024","1","Santa Cruz","6,4","2.004"
"2024","1","Santa Cruz","7,5","1"
"2024","1","Santa Cruz","0,75","20"
"2024","1","Santa Cruz","77","3.117"
"2024","1","Santa Cruz","10,1","7.212"
"2024","1","Santa Cruz","12,3","251"
"2024","1","Santa Cruz","155","587"
"2024","1","Santa Cruz","203","102"
"2024","1","Santa Cruz","20,5","706"
"2024","1","Santa Cruz","25,1","1.454"
"2024","1","Santa Cruz","380","142"
"2024","1","Santa Cruz","50,1","7.710"
"2024","1","Santa Cruz","512","142"
"2024","1","Santa Cruz","100,1","1.386"
"2024","1","Santa Fe","0","9"
"2024","1","Santa Fe","1","5"
"2024","1","Santa Fe","4","164"
"2024","1","Santa Fe","6","17.998"
"2024","1","Santa Fe","9","10.561"
"2024","1","Santa Fe","10","1.464"
"2024","1","Santa Fe","1,2","6.412"
"2024","1","Santa Fe","14","75"
"2024","1","Santa Fe","16","25.445"
"2024","1","Santa Fe","17","31"
"2024","1","Santa Fe","19","8"
"2024","1","Santa Fe","2,2","6.337"
"2024","1","Santa Fe","25","39"
"2024","1","Santa Fe","0,26","16.168"
"2024","1","Santa Fe","31","16.119"
"2024","1","Santa Fe","3,2","22.748"
"2024","1","Santa Fe","36","41"
"2024","1","Santa Fe","37","18"
"2024","1","Santa Fe","0,38","32"
"2024","1","Santa Fe","41","5.817"
"2024","1","Santa Fe","4,5","5.400"
"2024","1","Santa Fe","0,51","335"
"2024","1","Santa Fe","61","1.892"
"2024","1","Santa Fe","6,4","23.175"
"2024","1","Santa Fe","66","1"
"2024","1","Santa Fe","6,7","472"
"2024","1","Santa Fe","71","180"
"2024","1","Santa Fe","7,5","4.114"
"2024","1","Santa Fe","0,75","101"
"2024","1","Santa Fe","77","88"
"2024","1","Santa Fe","81","3.215"
"2024","1","Santa Fe","97","1"
"2024","1","Santa Fe","100","30"
"2024","1","Santa Fe","10,1","136.891"
"2024","1","Santa Fe","122","1.219"
"2024","1","Santa Fe","12,3","1.200"
"2024","1","Santa Fe","145","1"
"2024","1","Santa Fe","155","1.621"
"2024","1","Santa Fe","203","10.211"
"2024","1","Santa Fe","20,5","31.836"
"2024","1","Santa Fe","25,1","12.483"
"2024","1","Santa Fe","256","499"
"2024","1","Santa Fe","320","146.478"
"2024","1","Santa Fe","450","2.046"
"2024","1","Santa Fe","473","1"
"2024","1","Santa Fe","50,1","179.739"
"2024","1","Santa Fe","512","9.107"
"2024","1","Santa Fe","640","4.594"
"2024","1","Santa Fe","768","2"
"2024","1","Santa Fe","850","14"
"2024","1","Santa Fe","1000","1"
"2024","1","Santa Fe","100,1","210.827"
"2024","1","Santa Fe","1024","1.317"
"2024","1","Santa Fe","1075","1"
"2024","1","Santa Fe","5000","1"
"2024","1","Santa Fe","50,25","4"
"2024","1","Santiago Del Estero","1","908"
"2024","1","Santiago Del Estero","2","307"
"2024","1","Santiago Del Estero","6","409"
"2024","1","Santiago Del Estero","9","114"
"2024","1","Santiago Del Estero","1,2","226"
"2024","1","Santiago Del Estero","16","241"
"2024","1","Santiago Del Estero","2,2","381"
"2024","1","Santiago Del Estero","0,26","917"
"2024","1","Santiago Del Estero","31","5.778"
"2024","1","Santiago Del Estero","3,2","5.230"
"2024","1","Santiago Del Estero","0,38","2"
"2024","1","Santiago Del Estero","41","41"
"2024","1","Santiago Del Estero","4,5","1.220"
"2024","1","Santiago Del Estero","0,51","39"
"2024","1","Santiago Del Estero","61","1"
"2024","1","Santiago Del Estero","6,4","4.881"
"2024","1","Santiago Del Estero","7,5","352"
"2024","1","Santiago Del Estero","0,75","139"
"2024","1","Santiago Del Estero","10,1","52.745"
"2024","1","Santiago Del Estero","12,3","14.787"
"2024","1","Santiago Del Estero","20,5","9.253"
"2024","1","Santiago Del Estero","25,1","18"
"2024","1","Santiago Del Estero","320","8.542"
"2024","1","Santiago Del Estero","50,1","6.701"
"2024","1","Santiago Del Estero","512","664"
"2024","1","Santiago Del Estero","640","183"
"2024","1","Santiago Del Estero","100,1","10.229"
"2024","1","Santiago Del Estero","1024","54"
"2024","1","Tierra Del Fuego","1","318"
"2024","1","Tierra Del Fuego","4","3.740"
"2024","1","Tierra Del Fuego","6","430"
"2024","1","Tierra Del Fuego","9","8.034"
"2024","1","Tierra Del Fuego","10","4"
"2024","1","Tierra Del Fuego","1,2","516"
"2024","1","Tierra Del Fuego","16","8.105"
"2024","1","Tierra Del Fuego","19","200"
"2024","1","Tierra Del Fuego","2,2","2"
"2024","1","Tierra Del Fuego","25","1.280"
"2024","1","Tierra Del Fuego","0,26","7.121"
"2024","1","Tierra Del Fuego","31","196"
"2024","1","Tierra Del Fuego","3,2","3"
"2024","1","Tierra Del Fuego","36","486"
"2024","1","Tierra Del Fuego","41","7"
"2024","1","Tierra Del Fuego","4,5","1.873"
"2024","1","Tierra Del Fuego","0,51","11"
"2024","1","Tierra Del Fuego","61","81"
"2024","1","Tierra Del Fuego","6,4","4.121"
"2024","1","Tierra Del Fuego","0,75","11"
"2024","1","Tierra Del Fuego","10,1","1.636"
"2024","1","Tierra Del Fuego","12,3","3.518"
"2024","1","Tierra Del Fuego","155","30"
"2024","1","Tierra Del Fuego","203","3"
"2024","1","Tierra Del Fuego","20,5","216"
"2024","1","Tierra Del Fuego","25,1","14.491"
"2024","1","Tierra Del Fuego","320","670"
"2024","1","Tierra Del Fuego","450","1"
"2024","1","Tierra Del Fuego","50,1","4.035"
"2024","1","Tierra Del Fuego","100,1","415"
"2024","1","Tierra Del Fuego","1075","1"
"2024","1","Tucumán","4","2.271"
"2024","1","Tucumán","6","1.025"
"2024","1","Tucumán","9","145"
"2024","1","Tucumán","10","1"
"2024","1","Tucumán","1,2","927"
"2024","1","Tucumán","16","2.031"
"2024","1","Tucumán","2,2","116"
"2024","1","Tucumán","25","514"
"2024","1","Tucumán","0,26","488"
"2024","1","Tucumán","27","1"
"2024","1","Tucumán","31","983"
"2024","1","Tucumán","3,2","4.696"
"2024","1","Tucumán","36","12"
"2024","1","Tucumán","41","2"
"2024","1","Tucumán","4,5","44"
"2024","1","Tucumán","0,51","19"
"2024","1","Tucumán","61","1"
"2024","1","Tucumán","6,4","8.075"
"2024","1","Tucumán","7,5","146"
"2024","1","Tucumán","0,75","20"
"2024","1","Tucumán","91","1"
"2024","1","Tucumán","10,1","19.626"
"2024","1","Tucumán","12,3","12.926"
"2024","1","Tucumán","165","1"
"2024","1","Tucumán","203","3"
"2024","1","Tucumán","20,5","8.306"
"2024","1","Tucumán","25,1","84"
"2024","1","Tucumán","320","41.670"
"2024","1","Tucumán","50,1","80.426"
"2024","1","Tucumán","512","2.841"
"2024","1","Tucumán","640","1.654"
"2024","1","Tucumán","700","5"
"2024","1","Tucumán","100,1","75.387"
"2024","1","Tucumán","1024","148"
"2023","4","Buenos Aires","1","4.611"
"2023","4","Buenos Aires","2","141"
"2023","4","Buenos Aires","4","41.735"
"2023","4","Buenos Aires","5","83"
"2023","4","Buenos Aires","6","27.318"
"2023","4","Buenos Aires","8","989"
"2023","4","Buenos Aires","9","64.046"
"2023","4","Buenos Aires","10","688"
"2023","4","Buenos Aires","12","10"
"2023","4","Buenos Aires","1,2","19.351"
"2023","4","Buenos Aires","14","223"
"2023","4","Buenos Aires","15","149"
"2023","4","Buenos Aires","16","96.474"
"2023","4","Buenos Aires","17","231"
"2023","4","Buenos Aires","18","2"
"2023","4","Buenos Aires","19","1.080"
"2023","4","Buenos Aires","22","3"
"2023","4","Buenos Aires","2,2","19.722"
"2023","4","Buenos Aires","23","1"
"2023","4","Buenos Aires","24","20"
"2023","4","Buenos Aires","25","106"
"2023","4","Buenos Aires","0,26","93.351"
"2023","4","Buenos Aires","31","783.481"
"2023","4","Buenos Aires","32","1.611"
"2023","4","Buenos Aires","3,2","45.905"
"2023","4","Buenos Aires","34","16"
"2023","4","Buenos Aires","35","1"
"2023","4","Buenos Aires","36","1.373"
"2023","4","Buenos Aires","37","30"
"2023","4","Buenos Aires","0,38","19"
"2023","4","Buenos Aires","41","5.567"
"2023","4","Buenos Aires","45","9"
"2023","4","Buenos Aires","4,5","13.303"
"2023","4","Buenos Aires","49","659"
"2023","4","Buenos Aires","50","1"
"2023","4","Buenos Aires","0,51","26.703"
"2023","4","Buenos Aires","56","256"
"2023","4","Buenos Aires","59","1"
"2023","4","Buenos Aires","60","59"
"2023","4","Buenos Aires","61","75.470"
"2023","4","Buenos Aires","62","78"
"2023","4","Buenos Aires","63","1"
"2023","4","Buenos Aires","6,4","80.160"
"2023","4","Buenos Aires","66","90"
"2023","4","Buenos Aires","6,7","26"
"2023","4","Buenos Aires","71","6.375"
"2023","4","Buenos Aires","7,5","10.458"
"2023","4","Buenos Aires","0,75","187"
"2023","4","Buenos Aires","77","1.599"
"2023","4","Buenos Aires","80","2"
"2023","4","Buenos Aires","81","9.092"
"2023","4","Buenos Aires","82","1"
"2023","4","Buenos Aires","90","16"
"2023","4","Buenos Aires","91","3"
"2023","4","Buenos Aires","95","3"
"2023","4","Buenos Aires","10,1","163.158"
"2023","4","Buenos Aires","109","14"
"2023","4","Buenos Aires","122","483"
"2023","4","Buenos Aires","12,3","21.178"
"2023","4","Buenos Aires","126","2"
"2023","4","Buenos Aires","127","1"
"2023","4","Buenos Aires","155","487.974"
"2023","4","Buenos Aires","157","28"
"2023","4","Buenos Aires","160","1"
"2023","4","Buenos Aires","164","1.213"
"2023","4","Buenos Aires","203","7.297"
"2023","4","Buenos Aires","20,5","126.797"
"2023","4","Buenos Aires","212","3"
"2023","4","Buenos Aires","220","1"
"2023","4","Buenos Aires","246","938"
"2023","4","Buenos Aires","250","41"
"2023","4","Buenos Aires","25,1","46.328"
"2023","4","Buenos Aires","256","241"
"2023","4","Buenos Aires","270","14"
"2023","4","Buenos Aires","320","1.068.984"
"2023","4","Buenos Aires","325","27"
"2023","4","Buenos Aires","350","4"
"2023","4","Buenos Aires","450","965"
"2023","4","Buenos Aires","500","5"
"2023","4","Buenos Aires","50,1","491.903"
"2023","4","Buenos Aires","512","157.633"
"2023","4","Buenos Aires","520","647"
"2023","4","Buenos Aires","640","9.502"
"2023","4","Buenos Aires","850","563"
"2023","4","Buenos Aires","1000","26"
"2023","4","Buenos Aires","100,1","842.124"
"2023","4","Buenos Aires","1024","150.635"
"2023","4","Buenos Aires","50,25","1"
"2023","4","CABA","1","1.307"
"2023","4","CABA","4","11.975"
"2023","4","CABA","6","3.561"
"2023","4","CABA","9","16.864"
"2023","4","CABA","10","3"
"2023","4","CABA","12","5"
"2023","4","CABA","1,2","3.237"
"2023","4","CABA","16","29.275"
"2023","4","CABA","17","5"
"2023","4","CABA","22","1"
"2023","4","CABA","2,2","257"
"2023","4","CABA","31","58.451"
"2023","4","CABA","3,2","2.764"
"2023","4","CABA","36","24"
"2023","4","CABA","0,38","31"
"2023","4","CABA","40","30"
"2023","4","CABA","41","238"
"2023","4","CABA","4,5","993"
"2023","4","CABA","0,51","451"
"2023","4","CABA","56","1"
"2023","4","CABA","61","17.314"
"2023","4","CABA","6,4","6.859"
"2023","4","CABA","67","1"
"2023","4","CABA","71","14"
"2023","4","CABA","7,5","7"
"2023","4","CABA","0,75","34"
"2023","4","CABA","77","1.091"
"2023","4","CABA","81","11"
"2023","4","CABA","10,1","31.209"
"2023","4","CABA","120","1"
"2023","4","CABA","122","27"
"2023","4","CABA","12,3","92"
"2023","4","CABA","126","5"
"2023","4","CABA","131","1"
"2023","4","CABA","155","147.083"
"2023","4","CABA","164","5"
"2023","4","CABA","203","3.249"
"2023","4","CABA","20,5","4.548"
"2023","4","CABA","225","1"
"2023","4","CABA","234","1"
"2023","4","CABA","25,1","433"
"2023","4","CABA","256","1.438"
"2023","4","CABA","300","1"
"2023","4","CABA","320","542.567"
"2023","4","CABA","330","2"
"2023","4","CABA","450","3"
"2023","4","CABA","50,1","60.820"
"2023","4","CABA","512","95.209"
"2023","4","CABA","640","318"
"2023","4","CABA","768","1"
"2023","4","CABA","850","1"
"2023","4","CABA","1000","25"
"2023","4","CABA","100,1","365.367"
"2023","4","CABA","1024","67.156"
"2023","4","Catamarca","6","332"
"2023","4","Catamarca","1,2","209"
"2023","4","Catamarca","16","1.935"
"2023","4","Catamarca","2,2","115"
"2023","4","Catamarca","25","914"
"2023","4","Catamarca","0,26","77"
"2023","4","Catamarca","31","866"
"2023","4","Catamarca","3,2","1.718"
"2023","4","Catamarca","4,5","1"
"2023","4","Catamarca","0,51","34"
"2023","4","Catamarca","6,4","899"
"2023","4","Catamarca","0,75","37"
"2023","4","Catamarca","10,1","3.734"
"2023","4","Catamarca","12,3","31"
"2023","4","Catamarca","203","42"
"2023","4","Catamarca","20,5","2.457"
"2023","4","Catamarca","25,1","47"
"2023","4","Catamarca","320","8.128"
"2023","4","Catamarca","50,1","35.008"
"2023","4","Catamarca","512","423"
"2023","4","Catamarca","640","619"
"2023","4","Catamarca","100,1","16.953"
"2023","4","Catamarca","1024","8"
"2023","4","Chaco","4","167"
"2023","4","Chaco","6","5.146"
"2023","4","Chaco","9","700"
"2023","4","Chaco","10","1"
"2023","4","Chaco","1,2","477"
"2023","4","Chaco","16","3.556"
"2023","4","Chaco","2,2","780"
"2023","4","Chaco","0,26","4.040"
"2023","4","Chaco","31","2.305"
"2023","4","Chaco","3,2","3.087"
"2023","4","Chaco","36","19"
"2023","4","Chaco","4,5","385"
"2023","4","Chaco","0,51","234"
"2023","4","Chaco","6,4","5.246"
"2023","4","Chaco","7,5","442"
"2023","4","Chaco","0,75","2"
"2023","4","Chaco","10,1","9.218"
"2023","4","Chaco","122","659"
"2023","4","Chaco","12,3","137"
"2023","4","Chaco","203","1.115"
"2023","4","Chaco","20,5","2.554"
"2023","4","Chaco","25,1","3.435"
"2023","4","Chaco","256","227"
"2023","4","Chaco","320","23.740"
"2023","4","Chaco","50,1","32.479"
"2023","4","Chaco","512","1.818"
"2023","4","Chaco","640","473"
"2023","4","Chaco","100,1","44.796"
"2023","4","Chaco","1024","148"
"2023","4","Chubut","1","836"
"2023","4","Chubut","4","11.441"
"2023","4","Chubut","6","4.369"
"2023","4","Chubut","9","13.374"
"2023","4","Chubut","10","21"
"2023","4","Chubut","12","1"
"2023","4","Chubut","1,2","252"
"2023","4","Chubut","15","56"
"2023","4","Chubut","16","13.627"
"2023","4","Chubut","17","141"
"2023","4","Chubut","2,2","1.965"
"2023","4","Chubut","25","8.047"
"2023","4","Chubut","0,26","16.589"
"2023","4","Chubut","31","7.578"
"2023","4","Chubut","3,2","5.780"
"2023","4","Chubut","0,38","8"
"2023","4","Chubut","41","29"
"2023","4","Chubut","4,5","6.299"
"2023","4","Chubut","49","190"
"2023","4","Chubut","0,51","69"
"2023","4","Chubut","61","2"
"2023","4","Chubut","6,4","14.422"
"2023","4","Chubut","7,5","76"
"2023","4","Chubut","0,75","34"
"2023","4","Chubut","10,1","17.931"
"2023","4","Chubut","12,3","5.603"
"2023","4","Chubut","203","1"
"2023","4","Chubut","20,5","3.415"
"2023","4","Chubut","25,1","5.560"
"2023","4","Chubut","320","116"
"2023","4","Chubut","50,1","31.134"
"2023","4","Chubut","512","2"
"2023","4","Chubut","640","12"
"2023","4","Chubut","1000","2"
"2023","4","Chubut","100,1","1.188"
"2023","4","Córdoba","1","83"
"2023","4","Córdoba","2","7"
"2023","4","Córdoba","4","4.897"
"2023","4","Córdoba","6","7.361"
"2023","4","Córdoba","7","5"
"2023","4","Córdoba","9","10.080"
"2023","4","Córdoba","10","714"
"2023","4","Córdoba","12","88"
"2023","4","Córdoba","1,2","8.321"
"2023","4","Córdoba","13","15"
"2023","4","Córdoba","14","19"
"2023","4","Córdoba","15","10"
"2023","4","Córdoba","16","20.671"
"2023","4","Córdoba","17","134"
"2023","4","Córdoba","19","58"
"2023","4","Córdoba","21","1"
"2023","4","Córdoba","22","3"
"2023","4","Córdoba","2,2","7.703"
"2023","4","Córdoba","25","2"
"2023","4","Córdoba","2,5","18"
"2023","4","Córdoba","26","13"
"2023","4","Córdoba","0,26","17.061"
"2023","4","Córdoba","31","5.073"
"2023","4","Córdoba","3,2","27.764"
"2023","4","Córdoba","3,5","3"
"2023","4","Córdoba","36","8"
"2023","4","Córdoba","0,38","2"
"2023","4","Córdoba","41","277"
"2023","4","Córdoba","4,5","11.645"
"2023","4","Córdoba","51","402"
"2023","4","Córdoba","0,51","87"
"2023","4","Córdoba","52","9"
"2023","4","Córdoba","61","4.951"
"2023","4","Córdoba","6,4","57.516"
"2023","4","Córdoba","6,7","154"
"2023","4","Córdoba","71","11"
"2023","4","Córdoba","7,5","2.669"
"2023","4","Córdoba","0,75","10"
"2023","4","Córdoba","77","370"
"2023","4","Córdoba","10,1","77.701"
"2023","4","Córdoba","10,2","18"
"2023","4","Córdoba","105","16"
"2023","4","Córdoba","10,6","53"
"2023","4","Córdoba","122","75"
"2023","4","Córdoba","12,3","9.064"
"2023","4","Córdoba","145","1"
"2023","4","Córdoba","155","27"
"2023","4","Córdoba","203","488"
"2023","4","Córdoba","20,5","20.995"
"2023","4","Córdoba","234","1"
"2023","4","Córdoba","25,1","21.673"
"2023","4","Córdoba","256","1"
"2023","4","Córdoba","320","201.263"
"2023","4","Córdoba","50,1","231.377"
"2023","4","Córdoba","512","21.206"
"2023","4","Córdoba","520","21"
"2023","4","Córdoba","640","3.750"
"2023","4","Córdoba","768","1"
"2023","4","Córdoba","900","1"
"2023","4","Córdoba","100,1","300.200"
"2023","4","Córdoba","1024","2.843"
"2023","4","Córdoba","25,11","311"
"2023","4","Córdoba","100,25","1"
"2023","4","Corrientes","1","118"
"2023","4","Corrientes","4","480"
"2023","4","Corrientes","6","2.751"
"2023","4","Corrientes","9","5.034"
"2023","4","Corrientes","1,2","2.771"
"2023","4","Corrientes","16","1.712"
"2023","4","Corrientes","17","3.548"
"2023","4","Corrientes","2,2","1.721"
"2023","4","Corrientes","0,26","6.484"
"2023","4","Corrientes","31","3.696"
"2023","4","Corrientes","3,2","5.543"
"2023","4","Corrientes","41","96"
"2023","4","Corrientes","4,5","1.718"
"2023","4","Corrientes","0,51","10"
"2023","4","Corrientes","6,4","7.736"
"2023","4","Corrientes","0,75","57"
"2023","4","Corrientes","10,1","12.950"
"2023","4","Corrientes","122","1.060"
"2023","4","Corrientes","12,3","8"
"2023","4","Corrientes","203","2.097"
"2023","4","Corrientes","20,5","2.840"
"2023","4","Corrientes","25,1","1.405"
"2023","4","Corrientes","256","352"
"2023","4","Corrientes","320","26.147"
"2023","4","Corrientes","50,1","30.671"
"2023","4","Corrientes","512","2.036"
"2023","4","Corrientes","640","1"
"2023","4","Corrientes","100,1","36.195"
"2023","4","Corrientes","1024","235"
"2023","4","Entre Ríos","1","113"
"2023","4","Entre Ríos","4","390"
"2023","4","Entre Ríos","6","6.056"
"2023","4","Entre Ríos","9","2.399"
"2023","4","Entre Ríos","1,2","4.295"
"2023","4","Entre Ríos","16","5.452"
"2023","4","Entre Ríos","17","1"
"2023","4","Entre Ríos","2,2","4.821"
"2023","4","Entre Ríos","0,26","14.382"
"2023","4","Entre Ríos","31","6.391"
"2023","4","Entre Ríos","3,2","7.472"
"2023","4","Entre Ríos","0,38","1"
"2023","4","Entre Ríos","4,5","2.414"
"2023","4","Entre Ríos","0,51","20"
"2023","4","Entre Ríos","6,4","15.997"
"2023","4","Entre Ríos","7,5","1.138"
"2023","4","Entre Ríos","0,75","86"
"2023","4","Entre Ríos","10,1","50.840"
"2023","4","Entre Ríos","122","780"
"2023","4","Entre Ríos","12,3","1.486"
"2023","4","Entre Ríos","155","1"
"2023","4","Entre Ríos","203","1.755"
"2023","4","Entre Ríos","20,5","9.734"
"2023","4","Entre Ríos","25,1","863"
"2023","4","Entre Ríos","256","147"
"2023","4","Entre Ríos","320","52.916"
"2023","4","Entre Ríos","50,1","37.313"
"2023","4","Entre Ríos","512","3.998"
"2023","4","Entre Ríos","100,1","66.726"
"2023","4","Entre Ríos","1024","650"
"2023","4","Formosa","6","1.717"
"2023","4","Formosa","9","137"
"2023","4","Formosa","1,2","179"
"2023","4","Formosa","16","1.203"
"2023","4","Formosa","2,2","1.457"
"2023","4","Formosa","0,26","350"
"2023","4","Formosa","31","268"
"2023","4","Formosa","3,2","10.172"
"2023","4","Formosa","36","2"
"2023","4","Formosa","0,38","1"
"2023","4","Formosa","41","32"
"2023","4","Formosa","4,5","3.296"
"2023","4","Formosa","0,51","49"
"2023","4","Formosa","6,4","5.214"
"2023","4","Formosa","7,5","108"
"2023","4","Formosa","0,75","35"
"2023","4","Formosa","10,1","11.318"
"2023","4","Formosa","12,3","40"
"2023","4","Formosa","20,5","3.302"
"2023","4","Formosa","25,1","8"
"2023","4","Formosa","320","11.123"
"2023","4","Formosa","50,1","936"
"2023","4","Formosa","512","661"
"2023","4","Formosa","100,1","10.295"
"2023","4","Formosa","1024","99"
"2023","4","Jujuy","6","5.128"
"2023","4","Jujuy","9","946"
"2023","4","Jujuy","1,2","1.343"
"2023","4","Jujuy","16","377"
"2023","4","Jujuy","19","4"
"2023","4","Jujuy","2,2","1.637"
"2023","4","Jujuy","0,26","1.980"
"2023","4","Jujuy","31","264"
"2023","4","Jujuy","3,2","3.070"
"2023","4","Jujuy","45","1"
"2023","4","Jujuy","4,5","2.889"
"2023","4","Jujuy","0,51","26"
"2023","4","Jujuy","6,4","2.635"
"2023","4","Jujuy","7,5","10"
"2023","4","Jujuy","0,75","32"
"2023","4","Jujuy","77","1"
"2023","4","Jujuy","10,1","10.768"
"2023","4","Jujuy","12,3","23.495"
"2023","4","Jujuy","180","2"
"2023","4","Jujuy","203","1"
"2023","4","Jujuy","20,5","4.865"
"2023","4","Jujuy","25,1","8"
"2023","4","Jujuy","320","4.228"
"2023","4","Jujuy","50,1","44.881"
"2023","4","Jujuy","512","325"
"2023","4","Jujuy","520","200"
"2023","4","Jujuy","640","206"
"2023","4","Jujuy","100,1","8.682"
"2023","4","Jujuy","1024","16"
"2023","4","La Pampa","1","143"
"2023","4","La Pampa","2","185"
"2023","4","La Pampa","4","2.327"
"2023","4","La Pampa","6","2.198"
"2023","4","La Pampa","9","1.562"
"2023","4","La Pampa","12","73"
"2023","4","La Pampa","1,2","1.187"
"2023","4","La Pampa","16","4.485"
"2023","4","La Pampa","2,2","2.917"
"2023","4","La Pampa","0,26","1.610"
"2023","4","La Pampa","31","3.971"
"2023","4","La Pampa","3,2","6.406"
"2023","4","La Pampa","36","1"
"2023","4","La Pampa","0,38","3"
"2023","4","La Pampa","41","2.497"
"2023","4","La Pampa","4,5","2.454"
"2023","4","La Pampa","0,51","6"
"2023","4","La Pampa","61","1.821"
"2023","4","La Pampa","6,4","30.229"
"2023","4","La Pampa","7,5","516"
"2023","4","La Pampa","0,75","62"
"2023","4","La Pampa","77","3"
"2023","4","La Pampa","81","60"
"2023","4","La Pampa","10,1","15.200"
"2023","4","La Pampa","122","1.159"
"2023","4","La Pampa","12,3","1"
"2023","4","La Pampa","203","2"
"2023","4","La Pampa","20,5","9.997"
"2023","4","La Pampa","25,1","1.543"
"2023","4","La Pampa","320","458"
"2023","4","La Pampa","50,1","22.686"
"2023","4","La Pampa","512","122"
"2023","4","La Pampa","100,1","5.437"
"2023","4","La Pampa","1024","5"
"2023","4","La Rioja","6","180"
"2023","4","La Rioja","9","85"
"2023","4","La Rioja","12","22"
"2023","4","La Rioja","1,2","435"
"2023","4","La Rioja","16","320"
"2023","4","La Rioja","2,2","8"
"2023","4","La Rioja","25","209"
"2023","4","La Rioja","31","4.502"
"2023","4","La Rioja","3,2","434"
"2023","4","La Rioja","4,5","2"
"2023","4","La Rioja","0,51","9"
"2023","4","La Rioja","6,4","859"
"2023","4","La Rioja","0,75","9"
"2023","4","La Rioja","10,1","1.701"
"2023","4","La Rioja","12,3","15.442"
"2023","4","La Rioja","203","137"
"2023","4","La Rioja","20,5","9.054"
"2023","4","La Rioja","320","6.173"
"2023","4","La Rioja","50,1","36.327"
"2023","4","La Rioja","512","539"
"2023","4","La Rioja","100,1","11.266"
"2023","4","La Rioja","1024","8"
"2023","4","Mendoza","1","737"
"2023","4","Mendoza","2","1.348"
"2023","4","Mendoza","4","10.699"
"2023","4","Mendoza","6","1.099"
"2023","4","Mendoza","9","10.780"
"2023","4","Mendoza","10","1.251"
"2023","4","Mendoza","1,2","2.208"
"2023","4","Mendoza","16","19.102"
"2023","4","Mendoza","2,2","3.097"
"2023","4","Mendoza","25","626"
"2023","4","Mendoza","0,26","5.499"
"2023","4","Mendoza","31","53.170"
"2023","4","Mendoza","3,2","4.180"
"2023","4","Mendoza","37","2"
"2023","4","Mendoza","0,38","2"
"2023","4","Mendoza","41","4"
"2023","4","Mendoza","4,5","1.659"
"2023","4","Mendoza","46","1"
"2023","4","Mendoza","0,51","86"
"2023","4","Mendoza","61","1"
"2023","4","Mendoza","6,4","13.894"
"2023","4","Mendoza","71","1"
"2023","4","Mendoza","7,5","13"
"2023","4","Mendoza","0,75","16"
"2023","4","Mendoza","91","2"
"2023","4","Mendoza","10,1","8.858"
"2023","4","Mendoza","122","1"
"2023","4","Mendoza","12,3","4.467"
"2023","4","Mendoza","203","232"
"2023","4","Mendoza","20,5","6.482"
"2023","4","Mendoza","25,1","155"
"2023","4","Mendoza","320","9.250"
"2023","4","Mendoza","50,1","110.773"
"2023","4","Mendoza","512","547"
"2023","4","Mendoza","640","1.077"
"2023","4","Mendoza","100,1","28.007"
"2023","4","Mendoza","1024","25"
"2023","4","Misiones","4","4"
"2023","4","Misiones","6","5.157"
"2023","4","Misiones","9","45"
"2023","4","Misiones","10","4"
"2023","4","Misiones","12","4"
"2023","4","Misiones","1,2","3.248"
"2023","4","Misiones","15","2"
"2023","4","Misiones","16","2.289"
"2023","4","Misiones","17","1"
"2023","4","Misiones","19","1"
"2023","4","Misiones","2,2","11.038"
"2023","4","Misiones","0,26","8.925"
"2023","4","Misiones","31","3.861"
"2023","4","Misiones","3,2","4.139"
"2023","4","Misiones","41","71"
"2023","4","Misiones","4,5","1.742"
"2023","4","Misiones","46","268"
"2023","4","Misiones","0,51","47"
"2023","4","Misiones","61","19"
"2023","4","Misiones","6,4","10.207"
"2023","4","Misiones","71","746"
"2023","4","Misiones","7,5","2.603"
"2023","4","Misiones","0,75","4"
"2023","4","Misiones","77","785"
"2023","4","Misiones","10,1","18.870"
"2023","4","Misiones","122","494"
"2023","4","Misiones","12,3","120"
"2023","4","Misiones","203","5.010"
"2023","4","Misiones","20,5","8.921"
"2023","4","Misiones","25,1","8"
"2023","4","Misiones","256","186"
"2023","4","Misiones","320","25.582"
"2023","4","Misiones","50,1","35.071"
"2023","4","Misiones","512","1.576"
"2023","4","Misiones","640","1.381"
"2023","4","Misiones","100,1","47.697"
"2023","4","Misiones","1024","207"
"2023","4","Neuquén","1","458"
"2023","4","Neuquén","4","10.737"
"2023","4","Neuquén","6","7.822"
"2023","4","Neuquén","9","6.119"
"2023","4","Neuquén","1,2","540"
"2023","4","Neuquén","15","1"
"2023","4","Neuquén","16","5.148"
"2023","4","Neuquén","2,2","1.626"
"2023","4","Neuquén","0,26","20.176"
"2023","4","Neuquén","31","14.326"
"2023","4","Neuquén","3,2","5.311"
"2023","4","Neuquén","0,38","1"
"2023","4","Neuquén","41","66"
"2023","4","Neuquén","4,5","1.438"
"2023","4","Neuquén","0,51","62"
"2023","4","Neuquén","61","7"
"2023","4","Neuquén","6,4","8.497"
"2023","4","Neuquén","65","4"
"2023","4","Neuquén","7,5","246"
"2023","4","Neuquén","0,75","73"
"2023","4","Neuquén","10,1","7.120"
"2023","4","Neuquén","12,3","3.775"
"2023","4","Neuquén","155","4"
"2023","4","Neuquén","20,5","1.511"
"2023","4","Neuquén","25,1","259"
"2023","4","Neuquén","256","1"
"2023","4","Neuquén","320","26.844"
"2023","4","Neuquén","450","1"
"2023","4","Neuquén","50,1","8.291"
"2023","4","Neuquén","512","3.083"
"2023","4","Neuquén","100,1","30.629"
"2023","4","Neuquén","1024","451"
"2023","4","Río Negro","1","501"
"2023","4","Río Negro","4","7.796"
"2023","4","Río Negro","6","3.042"
"2023","4","Río Negro","9","11.012"
"2023","4","Río Negro","10","1"
"2023","4","Río Negro","12","18"
"2023","4","Río Negro","1,2","538"
"2023","4","Río Negro","16","9.727"
"2023","4","Río Negro","19","3"
"2023","4","Río Negro","2,2","777"
"2023","4","Río Negro","0,26","15.586"
"2023","4","Río Negro","31","16.243"
"2023","4","Río Negro","3,2","5.465"
"2023","4","Río Negro","36","2"
"2023","4","Río Negro","0,38","1"
"2023","4","Río Negro","41","33"
"2023","4","Río Negro","4,5","727"
"2023","4","Río Negro","0,51","36"
"2023","4","Río Negro","61","259"
"2023","4","Río Negro","6,4","9.416"
"2023","4","Río Negro","0,75","75"
"2023","4","Río Negro","81","268"
"2023","4","Río Negro","91","10.057"
"2023","4","Río Negro","10,1","5.595"
"2023","4","Río Negro","120","1"
"2023","4","Río Negro","122","233"
"2023","4","Río Negro","12,3","1.640"
"2023","4","Río Negro","125","34"
"2023","4","Río Negro","155","33"
"2023","4","Río Negro","200","463"
"2023","4","Río Negro","203","26"
"2023","4","Río Negro","20,5","6.955"
"2023","4","Río Negro","25,1","13.679"
"2023","4","Río Negro","256","306"
"2023","4","Río Negro","320","17.711"
"2023","4","Río Negro","340","115"
"2023","4","Río Negro","50,1","6.117"
"2023","4","Río Negro","512","1.119"
"2023","4","Río Negro","540","40"
"2023","4","Río Negro","600","89"
"2023","4","Río Negro","945","110"
"2023","4","Río Negro","100,1","22.368"
"2023","4","Río Negro","1024","200"
"2023","4","Salta","1","1"
"2023","4","Salta","4","8"
"2023","4","Salta","6","4.650"
"2023","4","Salta","9","6.869"
"2023","4","Salta","1,2","1.153"
"2023","4","Salta","16","1.565"
"2023","4","Salta","19","4"
"2023","4","Salta","2,2","1.538"
"2023","4","Salta","25","11"
"2023","4","Salta","0,26","6.685"
"2023","4","Salta","28","1"
"2023","4","Salta","31","68"
"2023","4","Salta","3,2","5.943"
"2023","4","Salta","41","74"
"2023","4","Salta","4,5","8.365"
"2023","4","Salta","0,51","41"
"2023","4","Salta","6,4","7.565"
"2023","4","Salta","7,5","330"
"2023","4","Salta","0,75","73"
"2023","4","Salta","10,1","58.739"
"2023","4","Salta","122","357"
"2023","4","Salta","12,3","88"
"2023","4","Salta","203","1"
"2023","4","Salta","20,5","2.077"
"2023","4","Salta","246","98"
"2023","4","Salta","25,1","2"
"2023","4","Salta","320","28.606"
"2023","4","Salta","450","79"
"2023","4","Salta","50,1","29.002"
"2023","4","Salta","512","1.846"
"2023","4","Salta","640","664"
"2023","4","Salta","850","75"
"2023","4","Salta","1000","1"
"2023","4","Salta","100,1","37.844"
"2023","4","Salta","1024","309"
"2023","4","San Juan","1","723"
"2023","4","San Juan","4","11.509"
"2023","4","San Juan","6","309"
"2023","4","San Juan","9","9.292"
"2023","4","San Juan","10","9"
"2023","4","San Juan","1,2","1.298"
"2023","4","San Juan","16","10.728"
"2023","4","San Juan","2,2","606"
"2023","4","San Juan","25","627"
"2023","4","San Juan","0,26","22.649"
"2023","4","San Juan","31","10.448"
"2023","4","San Juan","3,2","4.403"
"2023","4","San Juan","4,5","1.048"
"2023","4","San Juan","0,51","21"
"2023","4","San Juan","61","1"
"2023","4","San Juan","6,4","3.282"
"2023","4","San Juan","7,5","86"
"2023","4","San Juan","0,75","3"
"2023","4","San Juan","10,1","3.495"
"2023","4","San Juan","12,3","799"
"2023","4","San Juan","20,5","962"
"2023","4","San Juan","25,1","339"
"2023","4","San Juan","320","540"
"2023","4","San Juan","50,1","18.605"
"2023","4","San Juan","512","4"
"2023","4","San Juan","640","82"
"2023","4","San Juan","100,1","1.342"
"2023","4","San Luis","1","163"
"2023","4","San Luis","4","1.418"
"2023","4","San Luis","6","347"
"2023","4","San Luis","9","2.622"
"2023","4","San Luis","10","49"
"2023","4","San Luis","1,2","465"
"2023","4","San Luis","16","1.836"
"2023","4","San Luis","2,2","491"
"2023","4","San Luis","0,26","917"
"2023","4","San Luis","31","136"
"2023","4","San Luis","3,2","2.772"
"2023","4","San Luis","41","35"
"2023","4","San Luis","4,5","1"
"2023","4","San Luis","47","3"
"2023","4","San Luis","0,51","59"
"2023","4","San Luis","6,4","6.288"
"2023","4","San Luis","7,5","3"
"2023","4","San Luis","0,75","1"
"2023","4","San Luis","10,1","21.080"
"2023","4","San Luis","12,3","5.632"
"2023","4","San Luis","20,5","1.484"
"2023","4","San Luis","25,1","75.773"
"2023","4","San Luis","320","566"
"2023","4","San Luis","50,1","7.032"
"2023","4","San Luis","512","24"
"2023","4","San Luis","640","341"
"2023","4","San Luis","1000","2"
"2023","4","San Luis","100,1","1.500"
"2023","4","San Luis","1024","23.645"
"2023","4","Santa Cruz","1","218"
"2023","4","Santa Cruz","4","2.001"
"2023","4","Santa Cruz","6","1.272"
"2023","4","Santa Cruz","9","2.360"
"2023","4","Santa Cruz","10","4"
"2023","4","Santa Cruz","1,2","282"
"2023","4","Santa Cruz","16","4.674"
"2023","4","Santa Cruz","19","725"
"2023","4","Santa Cruz","2,2","724"
"2023","4","Santa Cruz","25","31"
"2023","4","Santa Cruz","0,26","33.434"
"2023","4","Santa Cruz","31","2.150"
"2023","4","Santa Cruz","3,2","1.259"
"2023","4","Santa Cruz","36","516"
"2023","4","Santa Cruz","0,38","4"
"2023","4","Santa Cruz","41","3"
"2023","4","Santa Cruz","4,5","504"
"2023","4","Santa Cruz","0,51","26"
"2023","4","Santa Cruz","6,4","2.004"
"2023","4","Santa Cruz","7,5","1"
"2023","4","Santa Cruz","0,75","20"
"2023","4","Santa Cruz","77","3.095"
"2023","4","Santa Cruz","10,1","8.418"
"2023","4","Santa Cruz","12,3","1.342"
"2023","4","Santa Cruz","155","587"
"2023","4","Santa Cruz","203","1.015"
"2023","4","Santa Cruz","20,5","4.817"
"2023","4","Santa Cruz","25,1","1.454"
"2023","4","Santa Cruz","380","91"
"2023","4","Santa Cruz","50,1","9.864"
"2023","4","Santa Cruz","512","143"
"2023","4","Santa Cruz","100,1","3.993"
"2023","4","Santa Fe","1","5"
"2023","4","Santa Fe","4","164"
"2023","4","Santa Fe","6","19.733"
"2023","4","Santa Fe","9","10.561"
"2023","4","Santa Fe","10","1.440"
"2023","4","Santa Fe","1,2","6.840"
"2023","4","Santa Fe","14","75"
"2023","4","Santa Fe","16","21.307"
"2023","4","Santa Fe","17","31"
"2023","4","Santa Fe","19","8"
"2023","4","Santa Fe","2,2","6.339"
"2023","4","Santa Fe","25","39"
"2023","4","Santa Fe","0,26","16.426"
"2023","4","Santa Fe","31","13.336"
"2023","4","Santa Fe","3,2","24.429"
"2023","4","Santa Fe","36","41"
"2023","4","Santa Fe","37","18"
"2023","4","Santa Fe","0,38","32"
"2023","4","Santa Fe","39","2"
"2023","4","Santa Fe","41","2.208"
"2023","4","Santa Fe","4,5","5.409"
"2023","4","Santa Fe","0,51","335"
"2023","4","Santa Fe","61","295"
"2023","4","Santa Fe","6,4","25.797"
"2023","4","Santa Fe","6,7","472"
"2023","4","Santa Fe","7,5","5.124"
"2023","4","Santa Fe","0,75","101"
"2023","4","Santa Fe","77","88"
"2023","4","Santa Fe","81","3.191"
"2023","4","Santa Fe","97","1"
"2023","4","Santa Fe","100","30"
"2023","4","Santa Fe","10,1","146.894"
"2023","4","Santa Fe","122","852"
"2023","4","Santa Fe","12,3","748"
"2023","4","Santa Fe","145","1"
"2023","4","Santa Fe","155","1.621"
"2023","4","Santa Fe","203","9.826"
"2023","4","Santa Fe","20,5","37.467"
"2023","4","Santa Fe","25,1","8.903"
"2023","4","Santa Fe","256","492"
"2023","4","Santa Fe","320","148.409"
"2023","4","Santa Fe","450","2.046"
"2023","4","Santa Fe","473","1"
"2023","4","Santa Fe","50,1","170.473"
"2023","4","Santa Fe","512","10.179"
"2023","4","Santa Fe","640","3.724"
"2023","4","Santa Fe","768","1"
"2023","4","Santa Fe","850","14"
"2023","4","Santa Fe","1000","1"
"2023","4","Santa Fe","100,1","202.793"
"2023","4","Santa Fe","1024","1.175"
"2023","4","Santa Fe","50,25","4"
"2023","4","Santiago Del Estero","1","908"
"2023","4","Santiago Del Estero","2","307"
"2023","4","Santiago Del Estero","6","409"
"2023","4","Santiago Del Estero","9","114"
"2023","4","Santiago Del Estero","1,2","265"
"2023","4","Santiago Del Estero","16","322"
"2023","4","Santiago Del Estero","2,2","381"
"2023","4","Santiago Del Estero","0,26","930"
"2023","4","Santiago Del Estero","31","5.777"
"2023","4","Santiago Del Estero","3,2","5.389"
"2023","4","Santiago Del Estero","0,38","2"
"2023","4","Santiago Del Estero","41","41"
"2023","4","Santiago Del Estero","4,5","1.220"
"2023","4","Santiago Del Estero","0,51","39"
"2023","4","Santiago Del Estero","61","1"
"2023","4","Santiago Del Estero","6,4","5.312"
"2023","4","Santiago Del Estero","7,5","352"
"2023","4","Santiago Del Estero","0,75","139"
"2023","4","Santiago Del Estero","10,1","53.514"
"2023","4","Santiago Del Estero","12,3","14.787"
"2023","4","Santiago Del Estero","20,5","9.405"
"2023","4","Santiago Del Estero","25,1","17"
"2023","4","Santiago Del Estero","320","8.785"
"2023","4","Santiago Del Estero","50,1","4.724"
"2023","4","Santiago Del Estero","512","755"
"2023","4","Santiago Del Estero","640","100"
"2023","4","Santiago Del Estero","100,1","9.197"
"2023","4","Santiago Del Estero","1024","38"
"2023","4","Tierra Del Fuego","1","318"
"2023","4","Tierra Del Fuego","4","3.740"
"2023","4","Tierra Del Fuego","6","422"
"2023","4","Tierra Del Fuego","9","8.034"
"2023","4","Tierra Del Fuego","10","4"
"2023","4","Tierra Del Fuego","1,2","516"
"2023","4","Tierra Del Fuego","16","8.537"
"2023","4","Tierra Del Fuego","19","200"
"2023","4","Tierra Del Fuego","2,2","2"
"2023","4","Tierra Del Fuego","25","1.280"
"2023","4","Tierra Del Fuego","0,26","7.879"
"2023","4","Tierra Del Fuego","31","264"
"2023","4","Tierra Del Fuego","3,2","3"
"2023","4","Tierra Del Fuego","36","486"
"2023","4","Tierra Del Fuego","41","7"
"2023","4","Tierra Del Fuego","4,5","1.886"
"2023","4","Tierra Del Fuego","0,51","11"
"2023","4","Tierra Del Fuego","61","66"
"2023","4","Tierra Del Fuego","6,4","4.230"
"2023","4","Tierra Del Fuego","0,75","11"
"2023","4","Tierra Del Fuego","10,1","4.580"
"2023","4","Tierra Del Fuego","12,3","10.583"
"2023","4","Tierra Del Fuego","155","28"
"2023","4","Tierra Del Fuego","203","1"
"2023","4","Tierra Del Fuego","20,5","216"
"2023","4","Tierra Del Fuego","25,1","4.576"
"2023","4","Tierra Del Fuego","320","624"
"2023","4","Tierra Del Fuego","450","1"
"2023","4","Tierra Del Fuego","50,1","2.718"
"2023","4","Tierra Del Fuego","100,1","375"
"2023","4","Tierra Del Fuego","1075","1"
"2023","4","Tucumán","4","2.271"
"2023","4","Tucumán","6","1.025"
"2023","4","Tucumán","9","145"
"2023","4","Tucumán","10","1"
"2023","4","Tucumán","1,2","1.089"
"2023","4","Tucumán","16","2.226"
"2023","4","Tucumán","2,2","116"
"2023","4","Tucumán","25","514"
"2023","4","Tucumán","0,26","562"
"2023","4","Tucumán","27","1"
"2023","4","Tucumán","31","984"
"2023","4","Tucumán","3,2","5.440"
"2023","4","Tucumán","36","12"
"2023","4","Tucumán","41","2"
"2023","4","Tucumán","4,5","448"
"2023","4","Tucumán","0,51","19"
"2023","4","Tucumán","61","1"
"2023","4","Tucumán","6,4","9.550"
"2023","4","Tucumán","7,5","146"
"2023","4","Tucumán","0,75","20"
"2023","4","Tucumán","91","1"
"2023","4","Tucumán","10,1","22.525"
"2023","4","Tucumán","12,3","12.926"
"2023","4","Tucumán","165","1"
"2023","4","Tucumán","203","3"
"2023","4","Tucumán","20,5","9.324"
"2023","4","Tucumán","25,1","84"
"2023","4","Tucumán","320","42.323"
"2023","4","Tucumán","50,1","77.442"
"2023","4","Tucumán","512","3.219"
"2023","4","Tucumán","640","1.179"
"2023","4","Tucumán","700","5"
"2023","4","Tucumán","100,1","72.631"
"2023","4","Tucumán","1024","100"
"2023","3","Buenos Aires","1","4.611"
"2023","3","Buenos Aires","2","141"
"2023","3","Buenos Aires","4","41.735"
"2023","3","Buenos Aires","5","82"
"2023","3","Buenos Aires","6","28.937"
"2023","3","Buenos Aires","8","985"
"2023","3","Buenos Aires","9","64.724"
"2023","3","Buenos Aires","10","653"
"2023","3","Buenos Aires","12","10"
"2023","3","Buenos Aires","1,2","20.209"
"2023","3","Buenos Aires","14","223"
"2023","3","Buenos Aires","15","147"
"2023","3","Buenos Aires","16","96.176"
"2023","3","Buenos Aires","17","266"
"2023","3","Buenos Aires","18","2"
"2023","3","Buenos Aires","19","1.021"
"2023","3","Buenos Aires","22","3"
"2023","3","Buenos Aires","2,2","21.278"
"2023","3","Buenos Aires","23","1"
"2023","3","Buenos Aires","24","20"
"2023","3","Buenos Aires","25","110"
"2023","3","Buenos Aires","0,26","122.762"
"2023","3","Buenos Aires","31","782.500"
"2023","3","Buenos Aires","32","1.611"
"2023","3","Buenos Aires","3,2","50.596"
"2023","3","Buenos Aires","34","16"
"2023","3","Buenos Aires","35","1"
"2023","3","Buenos Aires","36","1.365"
"2023","3","Buenos Aires","37","30"
"2023","3","Buenos Aires","0,38","19"
"2023","3","Buenos Aires","41","5.343"
"2023","3","Buenos Aires","45","9"
"2023","3","Buenos Aires","4,5","13.518"
"2023","3","Buenos Aires","49","777"
"2023","3","Buenos Aires","50","1"
"2023","3","Buenos Aires","0,51","27.234"
"2023","3","Buenos Aires","56","256"
"2023","3","Buenos Aires","59","1"
"2023","3","Buenos Aires","60","59"
"2023","3","Buenos Aires","61","65.468"
"2023","3","Buenos Aires","62","78"
"2023","3","Buenos Aires","63","1"
"2023","3","Buenos Aires","6,4","85.697"
"2023","3","Buenos Aires","66","90"
"2023","3","Buenos Aires","6,7","26"
"2023","3","Buenos Aires","71","7.050"
"2023","3","Buenos Aires","7,5","9.476"
"2023","3","Buenos Aires","0,75","187"
"2023","3","Buenos Aires","77","1.677"
"2023","3","Buenos Aires","80","2"
"2023","3","Buenos Aires","81","8.340"
"2023","3","Buenos Aires","82","1"
"2023","3","Buenos Aires","90","16"
"2023","3","Buenos Aires","91","3"
"2023","3","Buenos Aires","95","3"
"2023","3","Buenos Aires","10,1","165.472"
"2023","3","Buenos Aires","109","14"
"2023","3","Buenos Aires","122","483"
"2023","3","Buenos Aires","12,3","24.060"
"2023","3","Buenos Aires","126","2"
"2023","3","Buenos Aires","127","1"
"2023","3","Buenos Aires","155","500.206"
"2023","3","Buenos Aires","160","1"
"2023","3","Buenos Aires","164","1.213"
"2023","3","Buenos Aires","203","8.094"
"2023","3","Buenos Aires","20,5","124.171"
"2023","3","Buenos Aires","212","3"
"2023","3","Buenos Aires","220","1"
"2023","3","Buenos Aires","246","938"
"2023","3","Buenos Aires","250","41"
"2023","3","Buenos Aires","25,1","48.588"
"2023","3","Buenos Aires","256","238"
"2023","3","Buenos Aires","270","14"
"2023","3","Buenos Aires","320","1.075.229"
"2023","3","Buenos Aires","325","27"
"2023","3","Buenos Aires","350","4"
"2023","3","Buenos Aires","450","935"
"2023","3","Buenos Aires","500","5"
"2023","3","Buenos Aires","50,1","473.258"
"2023","3","Buenos Aires","512","161.518"
"2023","3","Buenos Aires","520","647"
"2023","3","Buenos Aires","640","6.894"
"2023","3","Buenos Aires","850","563"
"2023","3","Buenos Aires","999","1"
"2023","3","Buenos Aires","100,1","828.830"
"2023","3","Buenos Aires","1024","81.238"
"2023","3","Buenos Aires","50,25","1"
"2023","3","CABA","1","1.307"
"2023","3","CABA","4","11.975"
"2023","3","CABA","6","3.564"
"2023","3","CABA","9","16.651"
"2023","3","CABA","10","3"
"2023","3","CABA","12","5"
"2023","3","CABA","1,2","3.383"
"2023","3","CABA","16","29.266"
"2023","3","CABA","17","5"
"2023","3","CABA","22","1"
"2023","3","CABA","2,2","271"
"2023","3","CABA","31","58.484"
"2023","3","CABA","3,2","3.040"
"2023","3","CABA","36","9"
"2023","3","CABA","0,38","31"
"2023","3","CABA","40","30"
"2023","3","CABA","41","122"
"2023","3","CABA","4,5","994"
"2023","3","CABA","0,51","451"
"2023","3","CABA","56","1"
"2023","3","CABA","61","14.892"
"2023","3","CABA","6,4","8.245"
"2023","3","CABA","67","1"
"2023","3","CABA","71","15"
"2023","3","CABA","7,5","7"
"2023","3","CABA","0,75","34"
"2023","3","CABA","77","1.115"
"2023","3","CABA","81","8"
"2023","3","CABA","10,1","34.238"
"2023","3","CABA","120","1"
"2023","3","CABA","122","27"
"2023","3","CABA","12,3","11"
"2023","3","CABA","126","5"
"2023","3","CABA","131","1"
"2023","3","CABA","155","150.936"
"2023","3","CABA","164","5"
"2023","3","CABA","203","3.244"
"2023","3","CABA","20,5","4.774"
"2023","3","CABA","225","1"
"2023","3","CABA","234","1"
"2023","3","CABA","25,1","591"
"2023","3","CABA","256","1.438"
"2023","3","CABA","300","1"
"2023","3","CABA","320","556.665"
"2023","3","CABA","330","2"
"2023","3","CABA","450","3"
"2023","3","CABA","50,1","60.721"
"2023","3","CABA","512","98.408"
"2023","3","CABA","640","222"
"2023","3","CABA","768","1"
"2023","3","CABA","850","1"
"2023","3","CABA","100,1","366.457"
"2023","3","CABA","1024","36.320"
"2023","3","Catamarca","6","331"
"2023","3","Catamarca","1,2","224"
"2023","3","Catamarca","16","1.969"
"2023","3","Catamarca","2,2","115"
"2023","3","Catamarca","25","1.210"
"2023","3","Catamarca","0,26","92"
"2023","3","Catamarca","31","867"
"2023","3","Catamarca","3,2","1.760"
"2023","3","Catamarca","0,51","34"
"2023","3","Catamarca","6,4","988"
"2023","3","Catamarca","0,75","37"
"2023","3","Catamarca","10,1","3.893"
"2023","3","Catamarca","12,3","57"
"2023","3","Catamarca","203","42"
"2023","3","Catamarca","20,5","2.608"
"2023","3","Catamarca","25,1","47"
"2023","3","Catamarca","320","7.982"
"2023","3","Catamarca","50,1","34.483"
"2023","3","Catamarca","512","462"
"2023","3","Catamarca","640","517"
"2023","3","Catamarca","100,1","16.632"
"2023","3","Catamarca","1024","5"
"2023","3","Chaco","4","167"
"2023","3","Chaco","6","3.772"
"2023","3","Chaco","9","702"
"2023","3","Chaco","10","1"
"2023","3","Chaco","1,2","462"
"2023","3","Chaco","16","3.670"
"2023","3","Chaco","2,2","780"
"2023","3","Chaco","0,26","4.089"
"2023","3","Chaco","31","2.210"
"2023","3","Chaco","3,2","3.280"
"2023","3","Chaco","36","19"
"2023","3","Chaco","41","18"
"2023","3","Chaco","4,5","385"
"2023","3","Chaco","0,51","234"
"2023","3","Chaco","6,4","5.692"
"2023","3","Chaco","7,5","442"
"2023","3","Chaco","0,75","2"
"2023","3","Chaco","10,1","11.729"
"2023","3","Chaco","122","659"
"2023","3","Chaco","12,3","137"
"2023","3","Chaco","203","1.115"
"2023","3","Chaco","20,5","3.088"
"2023","3","Chaco","25,1","771"
"2023","3","Chaco","256","227"
"2023","3","Chaco","320","23.466"
"2023","3","Chaco","50,1","30.090"
"2023","3","Chaco","512","1.957"
"2023","3","Chaco","640","298"
"2023","3","Chaco","100,1","42.557"
"2023","3","Chaco","1024","126"
"2023","3","Chaco","50,25","1"
"2023","3","Chubut","1","836"
"2023","3","Chubut","4","11.441"
"2023","3","Chubut","6","4.373"
"2023","3","Chubut","9","12.934"
"2023","3","Chubut","10","27"
"2023","3","Chubut","12","1"
"2023","3","Chubut","1,2","634"
"2023","3","Chubut","15","32"
"2023","3","Chubut","16","13.631"
"2023","3","Chubut","2,2","3.198"
"2023","3","Chubut","25","7.459"
"2023","3","Chubut","0,26","16.578"
"2023","3","Chubut","31","7.578"
"2023","3","Chubut","3,2","5.912"
"2023","3","Chubut","0,38","8"
"2023","3","Chubut","41","17"
"2023","3","Chubut","4,5","5.325"
"2023","3","Chubut","49","140"
"2023","3","Chubut","0,51","69"
"2023","3","Chubut","6,4","14.185"
"2023","3","Chubut","7,5","44"
"2023","3","Chubut","0,75","34"
"2023","3","Chubut","10,1","17.903"
"2023","3","Chubut","12,3","8.285"
"2023","3","Chubut","203","1"
"2023","3","Chubut","20,5","2.445"
"2023","3","Chubut","25,1","5.560"
"2023","3","Chubut","320","48"
"2023","3","Chubut","50,1","28.355"
"2023","3","Chubut","512","1"
"2023","3","Chubut","100,1","1.014"
"2023","3","Córdoba","1","83"
"2023","3","Córdoba","2","7"
"2023","3","Córdoba","4","4.897"
"2023","3","Córdoba","6","8.569"
"2023","3","Córdoba","7","7"
"2023","3","Córdoba","9","14.055"
"2023","3","Córdoba","10","2.317"
"2023","3","Córdoba","12","87"
"2023","3","Córdoba","1,2","8.608"
"2023","3","Córdoba","13","10"
"2023","3","Córdoba","14","19"
"2023","3","Córdoba","15","10"
"2023","3","Córdoba","16","21.486"
"2023","3","Córdoba","17","134"
"2023","3","Córdoba","19","58"
"2023","3","Córdoba","21","1"
"2023","3","Córdoba","22","3"
"2023","3","Córdoba","2,2","7.892"
"2023","3","Córdoba","25","2"
"2023","3","Córdoba","2,5","21"
"2023","3","Córdoba","26","31"
"2023","3","Córdoba","0,26","16.934"
"2023","3","Córdoba","31","5.562"
"2023","3","Córdoba","3,2","29.988"
"2023","3","Córdoba","3,5","4"
"2023","3","Córdoba","36","8"
"2023","3","Córdoba","0,38","2"
"2023","3","Córdoba","41","212"
"2023","3","Córdoba","4,5","11.680"
"2023","3","Córdoba","51","23"
"2023","3","Córdoba","0,51","87"
"2023","3","Córdoba","52","6"
"2023","3","Córdoba","61","4.951"
"2023","3","Córdoba","6,4","63.208"
"2023","3","Córdoba","6,7","154"
"2023","3","Córdoba","71","6"
"2023","3","Córdoba","7,5","2.654"
"2023","3","Córdoba","0,75","10"
"2023","3","Córdoba","77","340"
"2023","3","Córdoba","10,1","77.224"
"2023","3","Córdoba","105","12"
"2023","3","Córdoba","10,6","70"
"2023","3","Córdoba","122","75"
"2023","3","Córdoba","12,3","9.104"
"2023","3","Córdoba","145","1"
"2023","3","Córdoba","155","16"
"2023","3","Córdoba","203","460"
"2023","3","Córdoba","20,5","21.449"
"2023","3","Córdoba","234","1"
"2023","3","Córdoba","25,1","20.476"
"2023","3","Córdoba","256","1"
"2023","3","Córdoba","320","196.048"
"2023","3","Córdoba","50,1","222.264"
"2023","3","Córdoba","512","22.676"
"2023","3","Córdoba","520","21"
"2023","3","Córdoba","640","2.570"
"2023","3","Córdoba","768","1"
"2023","3","Córdoba","900","1"
"2023","3","Córdoba","100,1","290.685"
"2023","3","Córdoba","1024","1.942"
"2023","3","Córdoba","25,11","111"
"2023","3","Corrientes","1","118"
"2023","3","Corrientes","4","480"
"2023","3","Corrientes","6","2.751"
"2023","3","Corrientes","9","5.016"
"2023","3","Corrientes","1,2","2.867"
"2023","3","Corrientes","16","1.309"
"2023","3","Corrientes","17","1.108"
"2023","3","Corrientes","2,2","2.959"
"2023","3","Corrientes","0,26","7.976"
"2023","3","Corrientes","31","3.314"
"2023","3","Corrientes","3,2","5.843"
"2023","3","Corrientes","34","1"
"2023","3","Corrientes","4,5","1.741"
"2023","3","Corrientes","0,51","10"
"2023","3","Corrientes","6,4","7.036"
"2023","3","Corrientes","0,75","57"
"2023","3","Corrientes","10,1","15.890"
"2023","3","Corrientes","122","1.060"
"2023","3","Corrientes","12,3","2"
"2023","3","Corrientes","203","2.097"
"2023","3","Corrientes","20,5","3.075"
"2023","3","Corrientes","25,1","1.277"
"2023","3","Corrientes","256","352"
"2023","3","Corrientes","320","25.539"
"2023","3","Corrientes","50,1","30.280"
"2023","3","Corrientes","512","2.172"
"2023","3","Corrientes","100,1","35.317"
"2023","3","Corrientes","1024","182"
"2023","3","Entre Ríos","1","113"
"2023","3","Entre Ríos","4","390"
"2023","3","Entre Ríos","6","6.595"
"2023","3","Entre Ríos","9","2.420"
"2023","3","Entre Ríos","1,2","4.397"
"2023","3","Entre Ríos","16","5.493"
"2023","3","Entre Ríos","17","1"
"2023","3","Entre Ríos","19","1"
"2023","3","Entre Ríos","2,2","4.822"
"2023","3","Entre Ríos","25","1"
"2023","3","Entre Ríos","31","22.196"
"2023","3","Entre Ríos","3,2","7.970"
"2023","3","Entre Ríos","0,38","1"
"2023","3","Entre Ríos","4,5","2.529"
"2023","3","Entre Ríos","0,51","20"
"2023","3","Entre Ríos","61","51"
"2023","3","Entre Ríos","6,4","16.656"
"2023","3","Entre Ríos","7,5","1.138"
"2023","3","Entre Ríos","0,75","86"
"2023","3","Entre Ríos","10,1","46.421"
"2023","3","Entre Ríos","122","816"
"2023","3","Entre Ríos","12,3","1.639"
"2023","3","Entre Ríos","155","1"
"2023","3","Entre Ríos","203","1.755"
"2023","3","Entre Ríos","20,5","13.178"
"2023","3","Entre Ríos","25,1","762"
"2023","3","Entre Ríos","256","147"
"2023","3","Entre Ríos","320","51.995"
"2023","3","Entre Ríos","50,1","36.807"
"2023","3","Entre Ríos","512","4.262"
"2023","3","Entre Ríos","100,1","60.217"
"2023","3","Entre Ríos","1024","413"
"2023","3","Formosa","6","1.587"
"2023","3","Formosa","9","137"
"2023","3","Formosa","1,2","208"
"2023","3","Formosa","16","1.356"
"2023","3","Formosa","2,2","1.500"
"2023","3","Formosa","0,26","359"
"2023","3","Formosa","31","270"
"2023","3","Formosa","3,2","10.152"
"2023","3","Formosa","36","2"
"2023","3","Formosa","0,38","1"
"2023","3","Formosa","41","21"
"2023","3","Formosa","4,5","3.297"
"2023","3","Formosa","0,51","49"
"2023","3","Formosa","6,4","5.383"
"2023","3","Formosa","7,5","108"
"2023","3","Formosa","0,75","35"
"2023","3","Formosa","10,1","11.452"
"2023","3","Formosa","12,3","40"
"2023","3","Formosa","20,5","3.649"
"2023","3","Formosa","25,1","8"
"2023","3","Formosa","320","10.587"
"2023","3","Formosa","50,1","766"
"2023","3","Formosa","512","711"
"2023","3","Formosa","100,1","9.576"
"2023","3","Formosa","1024","60"
"2023","3","Jujuy","6","5.124"
"2023","3","Jujuy","9","946"
"2023","3","Jujuy","1,2","1.436"
"2023","3","Jujuy","16","410"
"2023","3","Jujuy","19","4"
"2023","3","Jujuy","2,2","1.640"
"2023","3","Jujuy","0,26","2.028"
"2023","3","Jujuy","27","1"
"2023","3","Jujuy","31","279"
"2023","3","Jujuy","3,2","3.186"
"2023","3","Jujuy","4,5","2.890"
"2023","3","Jujuy","0,51","26"
"2023","3","Jujuy","6,4","2.845"
"2023","3","Jujuy","7,5","10"
"2023","3","Jujuy","0,75","32"
"2023","3","Jujuy","10,1","11.027"
"2023","3","Jujuy","12,3","23.494"
"2023","3","Jujuy","158","1"
"2023","3","Jujuy","180","1"
"2023","3","Jujuy","203","1"
"2023","3","Jujuy","20,5","5.048"
"2023","3","Jujuy","25,1","8"
"2023","3","Jujuy","320","3.954"
"2023","3","Jujuy","50,1","44.326"
"2023","3","Jujuy","512","341"
"2023","3","Jujuy","520","200"
"2023","3","Jujuy","640","120"
"2023","3","Jujuy","100,1","7.991"
"2023","3","Jujuy","1024","8"
"2023","3","La Pampa","1","143"
"2023","3","La Pampa","2","185"
"2023","3","La Pampa","4","2.327"
"2023","3","La Pampa","6","2.198"
"2023","3","La Pampa","9","1.562"
"2023","3","La Pampa","12","73"
"2023","3","La Pampa","1,2","1.215"
"2023","3","La Pampa","16","5.817"
"2023","3","La Pampa","2,2","3.006"
"2023","3","La Pampa","0,26","1.613"
"2023","3","La Pampa","31","4.020"
"2023","3","La Pampa","3,2","6.706"
"2023","3","La Pampa","36","1"
"2023","3","La Pampa","0,38","3"
"2023","3","La Pampa","41","2.119"
"2023","3","La Pampa","4,5","2.460"
"2023","3","La Pampa","0,51","6"
"2023","3","La Pampa","61","1.690"
"2023","3","La Pampa","6,4","31.032"
"2023","3","La Pampa","7,5","516"
"2023","3","La Pampa","0,75","62"
"2023","3","La Pampa","81","1"
"2023","3","La Pampa","10,1","16.160"
"2023","3","La Pampa","122","1.037"
"2023","3","La Pampa","12,3","1"
"2023","3","La Pampa","203","1"
"2023","3","La Pampa","20,5","8.785"
"2023","3","La Pampa","25,1","64"
"2023","3","La Pampa","320","407"
"2023","3","La Pampa","50,1","21.829"
"2023","3","La Pampa","512","108"
"2023","3","La Pampa","100,1","4.772"
"2023","3","La Pampa","1024","2"
"2023","3","La Rioja","6","173"
"2023","3","La Rioja","9","85"
"2023","3","La Rioja","12","22"
"2023","3","La Rioja","1,2","459"
"2023","3","La Rioja","16","352"
"2023","3","La Rioja","2,2","8"
"2023","3","La Rioja","25","297"
"2023","3","La Rioja","31","4.503"
"2023","3","La Rioja","3,2","480"
"2023","3","La Rioja","4,5","2"
"2023","3","La Rioja","0,51","9"
"2023","3","La Rioja","6,4","954"
"2023","3","La Rioja","0,75","9"
"2023","3","La Rioja","10,1","1.904"
"2023","3","La Rioja","12,3","15.552"
"2023","3","La Rioja","203","137"
"2023","3","La Rioja","20,5","8.921"
"2023","3","La Rioja","320","6.123"
"2023","3","La Rioja","50,1","36.211"
"2023","3","La Rioja","512","585"
"2023","3","La Rioja","100,1","10.909"
"2023","3","La Rioja","1024","6"
"2023","3","Mendoza","1","737"
"2023","3","Mendoza","2","1.348"
"2023","3","Mendoza","4","10.699"
"2023","3","Mendoza","6","1.093"
"2023","3","Mendoza","9","10.780"
"2023","3","Mendoza","10","1.279"
"2023","3","Mendoza","1,2","2.211"
"2023","3","Mendoza","16","19.102"
"2023","3","Mendoza","2,2","3.339"
"2023","3","Mendoza","25","695"
"2023","3","Mendoza","0,26","5.524"
"2023","3","Mendoza","31","53.351"
"2023","3","Mendoza","3,2","4.182"
"2023","3","Mendoza","37","2"
"2023","3","Mendoza","0,38","2"
"2023","3","Mendoza","41","3"
"2023","3","Mendoza","4,5","1.659"
"2023","3","Mendoza","46","1"
"2023","3","Mendoza","0,51","86"
"2023","3","Mendoza","61","1"
"2023","3","Mendoza","6,4","13.916"
"2023","3","Mendoza","71","1"
"2023","3","Mendoza","7,5","15"
"2023","3","Mendoza","0,75","16"
"2023","3","Mendoza","91","2"
"2023","3","Mendoza","10,1","8.868"
"2023","3","Mendoza","12,3","4.670"
"2023","3","Mendoza","203","119"
"2023","3","Mendoza","20,5","6.864"
"2023","3","Mendoza","25,1","156"
"2023","3","Mendoza","320","7.701"
"2023","3","Mendoza","450","1"
"2023","3","Mendoza","50,1","111.582"
"2023","3","Mendoza","512","467"
"2023","3","Mendoza","640","758"
"2023","3","Mendoza","100,1","26.781"
"2023","3","Mendoza","1024","11"
"2023","3","Misiones","4","4"
"2023","3","Misiones","6","5.157"
"2023","3","Misiones","9","45"
"2023","3","Misiones","10","4"
"2023","3","Misiones","12","4"
"2023","3","Misiones","1,2","3.302"
"2023","3","Misiones","15","2"
"2023","3","Misiones","16","2.435"
"2023","3","Misiones","17","1"
"2023","3","Misiones","19","1"
"2023","3","Misiones","2,2","11.038"
"2023","3","Misiones","0,26","8.892"
"2023","3","Misiones","31","3.873"
"2023","3","Misiones","3,2","4.307"
"2023","3","Misiones","41","71"
"2023","3","Misiones","4,5","1.742"
"2023","3","Misiones","46","268"
"2023","3","Misiones","0,51","47"
"2023","3","Misiones","61","19"
"2023","3","Misiones","6,4","10.705"
"2023","3","Misiones","71","746"
"2023","3","Misiones","7,5","2.603"
"2023","3","Misiones","0,75","4"
"2023","3","Misiones","77","785"
"2023","3","Misiones","10,1","19.663"
"2023","3","Misiones","122","494"
"2023","3","Misiones","12,3","120"
"2023","3","Misiones","203","4.079"
"2023","3","Misiones","20,5","9.337"
"2023","3","Misiones","25,1","8"
"2023","3","Misiones","256","186"
"2023","3","Misiones","320","25.364"
"2023","3","Misiones","50,1","33.775"
"2023","3","Misiones","512","1.718"
"2023","3","Misiones","640","1.062"
"2023","3","Misiones","100,1","45.096"
"2023","3","Misiones","1024","178"
"2023","3","Neuquén","1","458"
"2023","3","Neuquén","4","10.737"
"2023","3","Neuquén","6","8.320"
"2023","3","Neuquén","9","6.160"
"2023","3","Neuquén","1,2","523"
"2023","3","Neuquén","15","1"
"2023","3","Neuquén","16","4.788"
"2023","3","Neuquén","2,2","1.677"
"2023","3","Neuquén","0,26","13.259"
"2023","3","Neuquén","31","13.970"
"2023","3","Neuquén","3,2","6.552"
"2023","3","Neuquén","0,38","1"
"2023","3","Neuquén","41","65"
"2023","3","Neuquén","4,5","1.423"
"2023","3","Neuquén","0,51","62"
"2023","3","Neuquén","61","8"
"2023","3","Neuquén","6,4","9.049"
"2023","3","Neuquén","65","4"
"2023","3","Neuquén","7,5","246"
"2023","3","Neuquén","0,75","107"
"2023","3","Neuquén","10,1","7.531"
"2023","3","Neuquén","12,3","2.635"
"2023","3","Neuquén","155","4"
"2023","3","Neuquén","20,5","4.158"
"2023","3","Neuquén","25,1","59"
"2023","3","Neuquén","256","1"
"2023","3","Neuquén","320","26.904"
"2023","3","Neuquén","450","1"
"2023","3","Neuquén","50,1","10.752"
"2023","3","Neuquén","512","3.308"
"2023","3","Neuquén","100,1","31.212"
"2023","3","Neuquén","1024","298"
"2023","3","Río Negro","1","501"
"2023","3","Río Negro","4","7.796"
"2023","3","Río Negro","6","3.058"
"2023","3","Río Negro","9","10.908"
"2023","3","Río Negro","10","1"
"2023","3","Río Negro","12","18"
"2023","3","Río Negro","1,2","560"
"2023","3","Río Negro","16","9.779"
"2023","3","Río Negro","19","3"
"2023","3","Río Negro","2,2","2.454"
"2023","3","Río Negro","0,26","14.957"
"2023","3","Río Negro","31","16.162"
"2023","3","Río Negro","3,2","6.028"
"2023","3","Río Negro","0,38","1"
"2023","3","Río Negro","41","102"
"2023","3","Río Negro","4,5","1.303"
"2023","3","Río Negro","0,51","36"
"2023","3","Río Negro","61","184"
"2023","3","Río Negro","6,4","8.562"
"2023","3","Río Negro","0,75","75"
"2023","3","Río Negro","81","152"
"2023","3","Río Negro","91","9.140"
"2023","3","Río Negro","10,1","4.105"
"2023","3","Río Negro","120","1"
"2023","3","Río Negro","122","103"
"2023","3","Río Negro","12,3","3.315"
"2023","3","Río Negro","125","34"
"2023","3","Río Negro","155","1"
"2023","3","Río Negro","200","348"
"2023","3","Río Negro","203","9"
"2023","3","Río Negro","20,5","8.067"
"2023","3","Río Negro","25,1","11.819"
"2023","3","Río Negro","256","261"
"2023","3","Río Negro","320","16.736"
"2023","3","Río Negro","340","84"
"2023","3","Río Negro","50,1","5.897"
"2023","3","Río Negro","512","1.206"
"2023","3","Río Negro","540","40"
"2023","3","Río Negro","600","42"
"2023","3","Río Negro","945","110"
"2023","3","Río Negro","100,1","19.396"
"2023","3","Río Negro","1024","131"
"2023","3","Salta","1","1"
"2023","3","Salta","4","8"
"2023","3","Salta","6","4.939"
"2023","3","Salta","9","6.870"
"2023","3","Salta","1,2","1.189"
"2023","3","Salta","16","1.687"
"2023","3","Salta","19","4"
"2023","3","Salta","2,2","1.539"
"2023","3","Salta","25","11"
"2023","3","Salta","0,26","6.799"
"2023","3","Salta","28","1"
"2023","3","Salta","31","80"
"2023","3","Salta","3,2","6.267"
"2023","3","Salta","41","74"
"2023","3","Salta","4,5","8.365"
"2023","3","Salta","0,51","41"
"2023","3","Salta","6,4","8.187"
"2023","3","Salta","7,5","330"
"2023","3","Salta","0,75","74"
"2023","3","Salta","10,1","59.860"
"2023","3","Salta","122","357"
"2023","3","Salta","12,3","88"
"2023","3","Salta","203","1"
"2023","3","Salta","20,5","2.279"
"2023","3","Salta","246","98"
"2023","3","Salta","25,1","2"
"2023","3","Salta","320","28.138"
"2023","3","Salta","450","79"
"2023","3","Salta","50,1","28.966"
"2023","3","Salta","512","2.001"
"2023","3","Salta","640","480"
"2023","3","Salta","850","75"
"2023","3","Salta","100,1","37.144"
"2023","3","Salta","1024","199"
"2023","3","San Juan","1","723"
"2023","3","San Juan","4","11.509"
"2023","3","San Juan","6","242"
"2023","3","San Juan","9","9.292"
"2023","3","San Juan","10","9"
"2023","3","San Juan","1,2","1.298"
"2023","3","San Juan","16","10.727"
"2023","3","San Juan","2,2","606"
"2023","3","San Juan","25","724"
"2023","3","San Juan","0,26","22.628"
"2023","3","San Juan","31","10.448"
"2023","3","San Juan","3,2","4.403"
"2023","3","San Juan","4,5","1.048"
"2023","3","San Juan","0,51","21"
"2023","3","San Juan","61","1"
"2023","3","San Juan","6,4","3.282"
"2023","3","San Juan","7,5","86"
"2023","3","San Juan","0,75","3"
"2023","3","San Juan","10,1","3.495"
"2023","3","San Juan","12,3","935"
"2023","3","San Juan","20,5","902"
"2023","3","San Juan","25,1","339"
"2023","3","San Juan","320","467"
"2023","3","San Juan","50,1","19.331"
"2023","3","San Juan","512","3"
"2023","3","San Juan","640","66"
"2023","3","San Juan","100,1","1.142"
"2023","3","San Luis","1","163"
"2023","3","San Luis","4","1.418"
"2023","3","San Luis","6","343"
"2023","3","San Luis","9","2.622"
"2023","3","San Luis","10","112"
"2023","3","San Luis","1,2","465"
"2023","3","San Luis","16","1.836"
"2023","3","San Luis","2,2","491"
"2023","3","San Luis","0,26","8.484"
"2023","3","San Luis","31","137"
"2023","3","San Luis","3,2","2.773"
"2023","3","San Luis","41","35"
"2023","3","San Luis","4,5","1"
"2023","3","San Luis","47","3"
"2023","3","San Luis","0,51","59"
"2023","3","San Luis","6,4","6.372"
"2023","3","San Luis","7,5","4"
"2023","3","San Luis","0,75","1"
"2023","3","San Luis","10,1","21.080"
"2023","3","San Luis","12,3","7.604"
"2023","3","San Luis","20,5","1.486"
"2023","3","San Luis","25,1","74.779"
"2023","3","San Luis","320","469"
"2023","3","San Luis","50,1","4.892"
"2023","3","San Luis","512","25"
"2023","3","San Luis","640","275"
"2023","3","San Luis","100,1","1.244"
"2023","3","San Luis","1024","11.743"
"2023","3","Santa Cruz","1","218"
"2023","3","Santa Cruz","4","2.001"
"2023","3","Santa Cruz","6","1.839"
"2023","3","Santa Cruz","9","2.324"
"2023","3","Santa Cruz","10","6"
"2023","3","Santa Cruz","1,2","6.504"
"2023","3","Santa Cruz","16","4.271"
"2023","3","Santa Cruz","19","725"
"2023","3","Santa Cruz","2,2","1.795"
"2023","3","Santa Cruz","25","39"
"2023","3","Santa Cruz","31","2.157"
"2023","3","Santa Cruz","3,2","2.534"
"2023","3","Santa Cruz","36","516"
"2023","3","Santa Cruz","0,38","4"
"2023","3","Santa Cruz","41","12"
"2023","3","Santa Cruz","4,5","479"
"2023","3","Santa Cruz","0,51","26"
"2023","3","Santa Cruz","6,4","1.964"
"2023","3","Santa Cruz","7,5","1"
"2023","3","Santa Cruz","0,75","20"
"2023","3","Santa Cruz","77","166"
"2023","3","Santa Cruz","10,1","8.522"
"2023","3","Santa Cruz","12,3","1.494"
"2023","3","Santa Cruz","20,5","3.075"
"2023","3","Santa Cruz","25,1","1.454"
"2023","3","Santa Cruz","50,1","5.419"
"2023","3","Santa Cruz","100,1","422"
"2023","3","Santa Fe","1","5"
"2023","3","Santa Fe","4","172"
"2023","3","Santa Fe","6","20.053"
"2023","3","Santa Fe","9","11.566"
"2023","3","Santa Fe","10","1.440"
"2023","3","Santa Fe","1,2","7.169"
"2023","3","Santa Fe","14","75"
"2023","3","Santa Fe","16","22.896"
"2023","3","Santa Fe","17","33"
"2023","3","Santa Fe","19","8"
"2023","3","Santa Fe","2,2","6.232"
"2023","3","Santa Fe","25","39"
"2023","3","Santa Fe","0,26","17.806"
"2023","3","Santa Fe","31","12.512"
"2023","3","Santa Fe","3,2","25.331"
"2023","3","Santa Fe","36","58"
"2023","3","Santa Fe","37","18"
"2023","3","Santa Fe","0,38","32"
"2023","3","Santa Fe","39","2"
"2023","3","Santa Fe","41","2.015"
"2023","3","Santa Fe","4,5","5.288"
"2023","3","Santa Fe","0,51","335"
"2023","3","Santa Fe","61","303"
"2023","3","Santa Fe","6,4","28.300"
"2023","3","Santa Fe","6,7","521"
"2023","3","Santa Fe","7,5","5.844"
"2023","3","Santa Fe","0,75","101"
"2023","3","Santa Fe","77","51"
"2023","3","Santa Fe","81","3.422"
"2023","3","Santa Fe","97","1"
"2023","3","Santa Fe","100","30"
"2023","3","Santa Fe","10,1","149.861"
"2023","3","Santa Fe","122","852"
"2023","3","Santa Fe","12,3","1.123"
"2023","3","Santa Fe","145","1"
"2023","3","Santa Fe","155","1.499"
"2023","3","Santa Fe","203","9.810"
"2023","3","Santa Fe","20,5","41.354"
"2023","3","Santa Fe","25,1","7.925"
"2023","3","Santa Fe","256","492"
"2023","3","Santa Fe","320","143.541"
"2023","3","Santa Fe","450","2.041"
"2023","3","Santa Fe","473","1"
"2023","3","Santa Fe","50,1","157.880"
"2023","3","Santa Fe","512","10.896"
"2023","3","Santa Fe","640","2.582"
"2023","3","Santa Fe","768","1"
"2023","3","Santa Fe","850","14"
"2023","3","Santa Fe","100,1","198.040"
"2023","3","Santa Fe","1024","777"
"2023","3","Santa Fe","50,25","4"
"2023","3","Santiago Del Estero","1","908"
"2023","3","Santiago Del Estero","2","307"
"2023","3","Santiago Del Estero","6","410"
"2023","3","Santiago Del Estero","9","87"
"2023","3","Santiago Del Estero","1,2","291"
"2023","3","Santiago Del Estero","16","367"
"2023","3","Santiago Del Estero","2,2","381"
"2023","3","Santiago Del Estero","0,26","950"
"2023","3","Santiago Del Estero","31","789"
"2023","3","Santiago Del Estero","3,2","5.459"
"2023","3","Santiago Del Estero","0,38","2"
"2023","3","Santiago Del Estero","41","41"
"2023","3","Santiago Del Estero","4,5","1.220"
"2023","3","Santiago Del Estero","0,51","39"
"2023","3","Santiago Del Estero","61","1"
"2023","3","Santiago Del Estero","6,4","7.323"
"2023","3","Santiago Del Estero","7,5","352"
"2023","3","Santiago Del Estero","0,75","139"
"2023","3","Santiago Del Estero","10,1","54.064"
"2023","3","Santiago Del Estero","12,3","21.206"
"2023","3","Santiago Del Estero","20,5","6.883"
"2023","3","Santiago Del Estero","25,1","17"
"2023","3","Santiago Del Estero","320","8.531"
"2023","3","Santiago Del Estero","50,1","2.961"
"2023","3","Santiago Del Estero","512","793"
"2023","3","Santiago Del Estero","640","41"
"2023","3","Santiago Del Estero","100,1","8.350"
"2023","3","Santiago Del Estero","1024","16"
"2023","3","Tierra Del Fuego","1","318"
"2023","3","Tierra Del Fuego","4","3.740"
"2023","3","Tierra Del Fuego","6","420"
"2023","3","Tierra Del Fuego","9","8.305"
"2023","3","Tierra Del Fuego","10","4"
"2023","3","Tierra Del Fuego","1,2","516"
"2023","3","Tierra Del Fuego","16","8.738"
"2023","3","Tierra Del Fuego","19","228"
"2023","3","Tierra Del Fuego","2,2","2"
"2023","3","Tierra Del Fuego","25","998"
"2023","3","Tierra Del Fuego","0,26","5.020"
"2023","3","Tierra Del Fuego","31","272"
"2023","3","Tierra Del Fuego","3,2","3"
"2023","3","Tierra Del Fuego","36","254"
"2023","3","Tierra Del Fuego","41","114"
"2023","3","Tierra Del Fuego","4,5","1.872"
"2023","3","Tierra Del Fuego","0,51","11"
"2023","3","Tierra Del Fuego","61","60"
"2023","3","Tierra Del Fuego","6,4","4.513"
"2023","3","Tierra Del Fuego","0,75","11"
"2023","3","Tierra Del Fuego","10,1","4.422"
"2023","3","Tierra Del Fuego","12,3","11.215"
"2023","3","Tierra Del Fuego","155","28"
"2023","3","Tierra Del Fuego","203","1"
"2023","3","Tierra Del Fuego","20,5","203"
"2023","3","Tierra Del Fuego","25,1","3.915"
"2023","3","Tierra Del Fuego","320","570"
"2023","3","Tierra Del Fuego","450","1"
"2023","3","Tierra Del Fuego","50,1","2.682"
"2023","3","Tierra Del Fuego","100,1","294"
"2023","3","Tierra Del Fuego","1075","1"
"2023","3","Tucumán","4","2.271"
"2023","3","Tucumán","6","1.013"
"2023","3","Tucumán","9","146"
"2023","3","Tucumán","10","2"
"2023","3","Tucumán","1,2","1.236"
"2023","3","Tucumán","14","1"
"2023","3","Tucumán","16","2.439"
"2023","3","Tucumán","2,2","118"
"2023","3","Tucumán","23","1"
"2023","3","Tucumán","25","537"
"2023","3","Tucumán","0,26","671"
"2023","3","Tucumán","31","1.011"
"2023","3","Tucumán","3,2","5.861"
"2023","3","Tucumán","36","12"
"2023","3","Tucumán","41","2"
"2023","3","Tucumán","4,5","448"
"2023","3","Tucumán","0,51","19"
"2023","3","Tucumán","61","1"
"2023","3","Tucumán","6,4","10.667"
"2023","3","Tucumán","7,5","146"
"2023","3","Tucumán","0,75","20"
"2023","3","Tucumán","10,1","24.732"
"2023","3","Tucumán","12,3","13.218"
"2023","3","Tucumán","165","1"
"2023","3","Tucumán","203","3"
"2023","3","Tucumán","20,5","9.865"
"2023","3","Tucumán","25,1","84"
"2023","3","Tucumán","320","41.218"
"2023","3","Tucumán","50,1","76.119"
"2023","3","Tucumán","512","3.460"
"2023","3","Tucumán","640","887"
"2023","3","Tucumán","700","5"
"2023","3","Tucumán","100,1","70.315"
"2023","3","Tucumán","1024","28"
"2023","2","Buenos Aires","1","4.611"
"2023","2","Buenos Aires","2","141"
"2023","2","Buenos Aires","4","41.735"
"2023","2","Buenos Aires","5","83"
"2023","2","Buenos Aires","6","27.327"
"2023","2","Buenos Aires","8","53"
"2023","2","Buenos Aires","9","63.826"
"2023","2","Buenos Aires","10","688"
"2023","2","Buenos Aires","12","10"
"2023","2","Buenos Aires","1,2","17.899"
"2023","2","Buenos Aires","14","238"
"2023","2","Buenos Aires","15","149"
"2023","2","Buenos Aires","16","94.414"
"2023","2","Buenos Aires","17","231"
"2023","2","Buenos Aires","18","2"
"2023","2","Buenos Aires","19","1.080"
"2023","2","Buenos Aires","22","2"
"2023","2","Buenos Aires","2,2","19.520"
"2023","2","Buenos Aires","23","1"
"2023","2","Buenos Aires","24","20"
"2023","2","Buenos Aires","25","106"
"2023","2","Buenos Aires","0,26","125.147"
"2023","2","Buenos Aires","31","782.651"
"2023","2","Buenos Aires","32","1.611"
"2023","2","Buenos Aires","3,2","43.554"
"2023","2","Buenos Aires","34","16"
"2023","2","Buenos Aires","36","1.373"
"2023","2","Buenos Aires","37","30"
"2023","2","Buenos Aires","0,38","18"
"2023","2","Buenos Aires","41","5.574"
"2023","2","Buenos Aires","45","9"
"2023","2","Buenos Aires","4,5","13.365"
"2023","2","Buenos Aires","49","659"
"2023","2","Buenos Aires","50","1"
"2023","2","Buenos Aires","0,51","25.815"
"2023","2","Buenos Aires","56","255"
"2023","2","Buenos Aires","60","59"
"2023","2","Buenos Aires","61","75.495"
"2023","2","Buenos Aires","62","78"
"2023","2","Buenos Aires","6,4","75.439"
"2023","2","Buenos Aires","66","90"
"2023","2","Buenos Aires","6,7","21"
"2023","2","Buenos Aires","71","7.238"
"2023","2","Buenos Aires","7,5","11.286"
"2023","2","Buenos Aires","0,75","169"
"2023","2","Buenos Aires","77","1.599"
"2023","2","Buenos Aires","81","9.092"
"2023","2","Buenos Aires","90","16"
"2023","2","Buenos Aires","91","3"
"2023","2","Buenos Aires","10,1","157.372"
"2023","2","Buenos Aires","109","14"
"2023","2","Buenos Aires","122","496"
"2023","2","Buenos Aires","12,3","21.114"
"2023","2","Buenos Aires","126","2"
"2023","2","Buenos Aires","155","484.778"
"2023","2","Buenos Aires","164","1.211"
"2023","2","Buenos Aires","203","7.739"
"2023","2","Buenos Aires","20,5","124.540"
"2023","2","Buenos Aires","212","3"
"2023","2","Buenos Aires","220","1"
"2023","2","Buenos Aires","246","938"
"2023","2","Buenos Aires","250","41"
"2023","2","Buenos Aires","25,1","42.701"
"2023","2","Buenos Aires","256","258"
"2023","2","Buenos Aires","270","15"
"2023","2","Buenos Aires","320","1.060.257"
"2023","2","Buenos Aires","325","27"
"2023","2","Buenos Aires","450","965"
"2023","2","Buenos Aires","500","5"
"2023","2","Buenos Aires","50,1","504.344"
"2023","2","Buenos Aires","512","149.680"
"2023","2","Buenos Aires","520","663"
"2023","2","Buenos Aires","640","12.163"
"2023","2","Buenos Aires","850","563"
"2023","2","Buenos Aires","100,1","865.122"
"2023","2","Buenos Aires","1024","156.691"
"2023","2","Buenos Aires","50,25","1"
"2023","2","CABA","1","1.307"
"2023","2","CABA","4","11.975"
"2023","2","CABA","6","3.547"
"2023","2","CABA","9","16.864"
"2023","2","CABA","10","3"
"2023","2","CABA","12","5"
"2023","2","CABA","1,2","4.111"
"2023","2","CABA","16","29.730"
"2023","2","CABA","17","5"
"2023","2","CABA","22","1"
"2023","2","CABA","2,2","249"
"2023","2","CABA","31","58.579"
"2023","2","CABA","3,2","3.971"
"2023","2","CABA","36","24"
"2023","2","CABA","0,38","31"
"2023","2","CABA","41","238"
"2023","2","CABA","4,5","994"
"2023","2","CABA","0,51","451"
"2023","2","CABA","56","1"
"2023","2","CABA","61","17.314"
"2023","2","CABA","6,4","9.017"
"2023","2","CABA","67","1"
"2023","2","CABA","71","3"
"2023","2","CABA","7,5","7"
"2023","2","CABA","0,75","34"
"2023","2","CABA","77","1.091"
"2023","2","CABA","81","11"
"2023","2","CABA","10,1","34.541"
"2023","2","CABA","120","1"
"2023","2","CABA","122","30"
"2023","2","CABA","12,3","92"
"2023","2","CABA","126","3"
"2023","2","CABA","131","1"
"2023","2","CABA","155","147.085"
"2023","2","CABA","164","5"
"2023","2","CABA","203","3.301"
"2023","2","CABA","20,5","7.537"
"2023","2","CABA","225","1"
"2023","2","CABA","234","1"
"2023","2","CABA","25,1","433"
"2023","2","CABA","256","1.442"
"2023","2","CABA","300","1"
"2023","2","CABA","320","553.467"
"2023","2","CABA","330","2"
"2023","2","CABA","450","3"
"2023","2","CABA","50,1","66.357"
"2023","2","CABA","512","86.440"
"2023","2","CABA","640","372"
"2023","2","CABA","768","1"
"2023","2","CABA","850","1"
"2023","2","CABA","100,1","375.600"
"2023","2","CABA","1024","68.405"
"2023","2","Catamarca","6","332"
"2023","2","Catamarca","1,2","176"
"2023","2","Catamarca","16","1.901"
"2023","2","Catamarca","2,2","115"
"2023","2","Catamarca","25","914"
"2023","2","Catamarca","0,26","70"
"2023","2","Catamarca","31","861"
"2023","2","Catamarca","3,2","1.644"
"2023","2","Catamarca","4,5","1"
"2023","2","Catamarca","0,51","34"
"2023","2","Catamarca","6,4","780"
"2023","2","Catamarca","0,75","37"
"2023","2","Catamarca","10,1","3.424"
"2023","2","Catamarca","12,3","31"
"2023","2","Catamarca","203","42"
"2023","2","Catamarca","20,5","2.272"
"2023","2","Catamarca","25,1","47"
"2023","2","Catamarca","320","8.099"
"2023","2","Catamarca","50,1","35.211"
"2023","2","Catamarca","512","372"
"2023","2","Catamarca","640","834"
"2023","2","Catamarca","100,1","17.716"
"2023","2","Catamarca","1024","20"
"2023","2","Chaco","4","167"
"2023","2","Chaco","6","5.115"
"2023","2","Chaco","9","700"
"2023","2","Chaco","10","1"
"2023","2","Chaco","1,2","416"
"2023","2","Chaco","16","3.421"
"2023","2","Chaco","2,2","780"
"2023","2","Chaco","0,26","3.816"
"2023","2","Chaco","31","2.294"
"2023","2","Chaco","3,2","2.925"
"2023","2","Chaco","36","19"
"2023","2","Chaco","4,5","385"
"2023","2","Chaco","0,51","234"
"2023","2","Chaco","6,4","4.784"
"2023","2","Chaco","7,5","106"
"2023","2","Chaco","0,75","2"
"2023","2","Chaco","10,1","8.237"
"2023","2","Chaco","122","650"
"2023","2","Chaco","12,3","137"
"2023","2","Chaco","203","1.053"
"2023","2","Chaco","20,5","1.975"
"2023","2","Chaco","25,1","3.435"
"2023","2","Chaco","256","222"
"2023","2","Chaco","320","23.172"
"2023","2","Chaco","50,1","33.117"
"2023","2","Chaco","512","1.610"
"2023","2","Chaco","640","679"
"2023","2","Chaco","100,1","55.941"
"2023","2","Chaco","1024","150"
"2023","2","Chubut","1","836"
"2023","2","Chubut","4","11.441"
"2023","2","Chubut","6","4.369"
"2023","2","Chubut","9","13.374"
"2023","2","Chubut","10","21"
"2023","2","Chubut","12","1"
"2023","2","Chubut","1,2","247"
"2023","2","Chubut","15","56"
"2023","2","Chubut","16","13.739"
"2023","2","Chubut","17","141"
"2023","2","Chubut","2,2","1.870"
"2023","2","Chubut","25","8.047"
"2023","2","Chubut","0,26","16.640"
"2023","2","Chubut","31","7.643"
"2023","2","Chubut","3,2","5.642"
"2023","2","Chubut","0,38","8"
"2023","2","Chubut","41","29"
"2023","2","Chubut","4,5","6.185"
"2023","2","Chubut","49","190"
"2023","2","Chubut","0,51","69"
"2023","2","Chubut","61","2"
"2023","2","Chubut","6,4","14.321"
"2023","2","Chubut","7,5","76"
"2023","2","Chubut","0,75","34"
"2023","2","Chubut","10,1","18.414"
"2023","2","Chubut","12,3","5.603"
"2023","2","Chubut","203","1"
"2023","2","Chubut","20,5","3.484"
"2023","2","Chubut","25,1","5.560"
"2023","2","Chubut","320","158"
"2023","2","Chubut","50,1","31.184"
"2023","2","Chubut","512","3"
"2023","2","Chubut","640","31"
"2023","2","Chubut","100,1","1.255"
"2023","2","Córdoba","0","1"
"2023","2","Córdoba","1","83"
"2023","2","Córdoba","2","7"
"2023","2","Córdoba","4","4.897"
"2023","2","Córdoba","6","8.411"
"2023","2","Córdoba","7","5"
"2023","2","Córdoba","9","10.313"
"2023","2","Córdoba","10","714"
"2023","2","Córdoba","12","88"
"2023","2","Córdoba","1,2","7.973"
"2023","2","Córdoba","13","15"
"2023","2","Córdoba","14","19"
"2023","2","Córdoba","15","9"
"2023","2","Córdoba","16","19.975"
"2023","2","Córdoba","17","134"
"2023","2","Córdoba","19","58"
"2023","2","Córdoba","21","1"
"2023","2","Córdoba","2,2","7.589"
"2023","2","Córdoba","25","2"
"2023","2","Córdoba","2,5","18"
"2023","2","Córdoba","26","13"
"2023","2","Córdoba","0,26","14.710"
"2023","2","Córdoba","31","6.694"
"2023","2","Córdoba","3,2","25.408"
"2023","2","Córdoba","3,5","3"
"2023","2","Córdoba","36","8"
"2023","2","Córdoba","0,38","2"
"2023","2","Córdoba","41","1.368"
"2023","2","Córdoba","4,5","10.133"
"2023","2","Córdoba","51","402"
"2023","2","Córdoba","0,51","87"
"2023","2","Córdoba","52","9"
"2023","2","Córdoba","61","5.952"
"2023","2","Córdoba","6,4","53.772"
"2023","2","Córdoba","6,7","133"
"2023","2","Córdoba","71","11"
"2023","2","Córdoba","7,5","1.818"
"2023","2","Córdoba","0,75","10"
"2023","2","Córdoba","77","495"
"2023","2","Córdoba","10,1","74.948"
"2023","2","Córdoba","105","16"
"2023","2","Córdoba","10,6","53"
"2023","2","Córdoba","122","891"
"2023","2","Córdoba","12,3","7.337"
"2023","2","Córdoba","145","1"
"2023","2","Córdoba","155","27"
"2023","2","Córdoba","203","11.502"
"2023","2","Córdoba","20,5","19.378"
"2023","2","Córdoba","234","1"
"2023","2","Córdoba","25,1","23.046"
"2023","2","Córdoba","256","1"
"2023","2","Córdoba","320","198.178"
"2023","2","Córdoba","50,1","242.593"
"2023","2","Córdoba","512","18.929"
"2023","2","Córdoba","520","21"
"2023","2","Córdoba","640","5.047"
"2023","2","Córdoba","768","1"
"2023","2","Córdoba","900","1"
"2023","2","Córdoba","100,1","295.368"
"2023","2","Córdoba","1024","3.190"
"2023","2","Córdoba","25,11","311"
"2023","2","Corrientes","1","118"
"2023","2","Corrientes","4","480"
"2023","2","Corrientes","6","2.751"
"2023","2","Corrientes","9","4.890"
"2023","2","Corrientes","1,2","2.572"
"2023","2","Corrientes","16","1.673"
"2023","2","Corrientes","17","3.548"
"2023","2","Corrientes","2,2","1.721"
"2023","2","Corrientes","0,26","6.242"
"2023","2","Corrientes","31","589"
"2023","2","Corrientes","3,2","5.092"
"2023","2","Corrientes","41","2.834"
"2023","2","Corrientes","4,5","1.718"
"2023","2","Corrientes","0,51","10"
"2023","2","Corrientes","6,4","6.875"
"2023","2","Corrientes","0,75","57"
"2023","2","Corrientes","10,1","11.640"
"2023","2","Corrientes","122","1.705"
"2023","2","Corrientes","12,3","8"
"2023","2","Corrientes","203","2.442"
"2023","2","Corrientes","20,5","2.451"
"2023","2","Corrientes","25,1","1.421"
"2023","2","Corrientes","256","360"
"2023","2","Corrientes","320","25.789"
"2023","2","Corrientes","50,1","31.709"
"2023","2","Corrientes","512","1.851"
"2023","2","Corrientes","640","1"
"2023","2","Corrientes","100,1","37.081"
"2023","2","Corrientes","1024","266"
"2023","2","Entre Ríos","1","113"
"2023","2","Entre Ríos","4","390"
"2023","2","Entre Ríos","6","5.417"
"2023","2","Entre Ríos","9","2.399"
"2023","2","Entre Ríos","1,2","4.177"
"2023","2","Entre Ríos","16","5.069"
"2023","2","Entre Ríos","17","1"
"2023","2","Entre Ríos","2,2","4.821"
"2023","2","Entre Ríos","0,26","13.975"
"2023","2","Entre Ríos","31","6.383"
"2023","2","Entre Ríos","3,2","6.815"
"2023","2","Entre Ríos","0,38","1"
"2023","2","Entre Ríos","4,5","2.334"
"2023","2","Entre Ríos","0,51","20"
"2023","2","Entre Ríos","6,4","14.797"
"2023","2","Entre Ríos","7,5","358"
"2023","2","Entre Ríos","0,75","86"
"2023","2","Entre Ríos","10,1","48.690"
"2023","2","Entre Ríos","122","780"
"2023","2","Entre Ríos","12,3","1.486"
"2023","2","Entre Ríos","155","1"
"2023","2","Entre Ríos","203","2.043"
"2023","2","Entre Ríos","20,5","9.566"
"2023","2","Entre Ríos","25,1","863"
"2023","2","Entre Ríos","256","154"
"2023","2","Entre Ríos","320","51.544"
"2023","2","Entre Ríos","50,1","40.205"
"2023","2","Entre Ríos","512","3.543"
"2023","2","Entre Ríos","100,1","69.813"
"2023","2","Entre Ríos","1024","708"
"2023","2","Formosa","6","2.059"
"2023","2","Formosa","9","162"
"2023","2","Formosa","1,2","158"
"2023","2","Formosa","16","1.172"
"2023","2","Formosa","2,2","1.447"
"2023","2","Formosa","0,26","302"
"2023","2","Formosa","31","268"
"2023","2","Formosa","3,2","10.284"
"2023","2","Formosa","36","3"
"2023","2","Formosa","0,38","1"
"2023","2","Formosa","41","13"
"2023","2","Formosa","4,5","3.296"
"2023","2","Formosa","0,51","49"
"2023","2","Formosa","6,4","5.047"
"2023","2","Formosa","7,5","108"
"2023","2","Formosa","0,75","35"
"2023","2","Formosa","10,1","10.654"
"2023","2","Formosa","12,3","40"
"2023","2","Formosa","20,5","2.964"
"2023","2","Formosa","25,1","9"
"2023","2","Formosa","320","11.104"
"2023","2","Formosa","50,1","1.361"
"2023","2","Formosa","512","581"
"2023","2","Formosa","100,1","11.492"
"2023","2","Formosa","1024","109"
"2023","2","Jujuy","6","5.128"
"2023","2","Jujuy","9","946"
"2023","2","Jujuy","1,2","1.268"
"2023","2","Jujuy","16","362"
"2023","2","Jujuy","19","4"
"2023","2","Jujuy","2,2","1.637"
"2023","2","Jujuy","0,26","1.970"
"2023","2","Jujuy","31","268"
"2023","2","Jujuy","3,2","2.959"
"2023","2","Jujuy","45","1"
"2023","2","Jujuy","4,5","2.889"
"2023","2","Jujuy","0,51","26"
"2023","2","Jujuy","6,4","2.351"
"2023","2","Jujuy","7,5","10"
"2023","2","Jujuy","0,75","32"
"2023","2","Jujuy","77","1"
"2023","2","Jujuy","10,1","10.327"
"2023","2","Jujuy","12,3","23.495"
"2023","2","Jujuy","180","2"
"2023","2","Jujuy","203","1"
"2023","2","Jujuy","20,5","4.687"
"2023","2","Jujuy","25,1","8"
"2023","2","Jujuy","320","4.381"
"2023","2","Jujuy","50,1","45.106"
"2023","2","Jujuy","512","281"
"2023","2","Jujuy","520","200"
"2023","2","Jujuy","640","299"
"2023","2","Jujuy","100,1","9.395"
"2023","2","Jujuy","1024","19"
"2023","2","La Pampa","1","143"
"2023","2","La Pampa","2","185"
"2023","2","La Pampa","4","2.327"
"2023","2","La Pampa","6","2.198"
"2023","2","La Pampa","9","1.562"
"2023","2","La Pampa","1,2","1.276"
"2023","2","La Pampa","16","5.102"
"2023","2","La Pampa","2,2","2.312"
"2023","2","La Pampa","0,26","1.599"
"2023","2","La Pampa","31","3.792"
"2023","2","La Pampa","3,2","6.114"
"2023","2","La Pampa","36","1"
"2023","2","La Pampa","0,38","3"
"2023","2","La Pampa","41","2.900"
"2023","2","La Pampa","4,5","2.454"
"2023","2","La Pampa","0,51","6"
"2023","2","La Pampa","61","1.939"
"2023","2","La Pampa","6,4","29.499"
"2023","2","La Pampa","7,5","516"
"2023","2","La Pampa","0,75","62"
"2023","2","La Pampa","77","3"
"2023","2","La Pampa","81","95"
"2023","2","La Pampa","10,1","15.195"
"2023","2","La Pampa","122","1.290"
"2023","2","La Pampa","12,3","1"
"2023","2","La Pampa","203","8"
"2023","2","La Pampa","20,5","10.118"
"2023","2","La Pampa","25,1","1.543"
"2023","2","La Pampa","320","474"
"2023","2","La Pampa","50,1","23.478"
"2023","2","La Pampa","512","129"
"2023","2","La Pampa","100,1","5.863"
"2023","2","La Pampa","1024","8"
"2023","2","La Rioja","6","180"
"2023","2","La Rioja","9","85"
"2023","2","La Rioja","12","22"
"2023","2","La Rioja","1,2","407"
"2023","2","La Rioja","16","287"
"2023","2","La Rioja","2,2","8"
"2023","2","La Rioja","25","209"
"2023","2","La Rioja","31","4.503"
"2023","2","La Rioja","3,2","404"
"2023","2","La Rioja","4,5","2"
"2023","2","La Rioja","0,51","9"
"2023","2","La Rioja","6,4","742"
"2023","2","La Rioja","0,75","9"
"2023","2","La Rioja","10,1","1.481"
"2023","2","La Rioja","12,3","15.442"
"2023","2","La Rioja","203","137"
"2023","2","La Rioja","20,5","9.019"
"2023","2","La Rioja","320","5.936"
"2023","2","La Rioja","50,1","36.934"
"2023","2","La Rioja","512","469"
"2023","2","La Rioja","100,1","11.474"
"2023","2","La Rioja","1024","23"
"2023","2","Mendoza","1","737"
"2023","2","Mendoza","2","1.348"
"2023","2","Mendoza","4","10.699"
"2023","2","Mendoza","6","1.108"
"2023","2","Mendoza","9","10.780"
"2023","2","Mendoza","10","1.251"
"2023","2","Mendoza","1,2","2.208"
"2023","2","Mendoza","16","19.102"
"2023","2","Mendoza","2,2","3.081"
"2023","2","Mendoza","25","626"
"2023","2","Mendoza","0,26","5.566"
"2023","2","Mendoza","31","53.012"
"2023","2","Mendoza","3,2","4.179"
"2023","2","Mendoza","37","2"
"2023","2","Mendoza","0,38","2"
"2023","2","Mendoza","41","4"
"2023","2","Mendoza","4,5","1.584"
"2023","2","Mendoza","46","1"
"2023","2","Mendoza","0,51","86"
"2023","2","Mendoza","61","1"
"2023","2","Mendoza","6,4","13.894"
"2023","2","Mendoza","71","1"
"2023","2","Mendoza","7,5","13"
"2023","2","Mendoza","0,75","16"
"2023","2","Mendoza","91","2"
"2023","2","Mendoza","10,1","8.856"
"2023","2","Mendoza","122","1"
"2023","2","Mendoza","12,3","4.467"
"2023","2","Mendoza","203","447"
"2023","2","Mendoza","20,5","6.480"
"2023","2","Mendoza","25,1","155"
"2023","2","Mendoza","320","10.984"
"2023","2","Mendoza","50,1","111.499"
"2023","2","Mendoza","512","642"
"2023","2","Mendoza","640","1.387"
"2023","2","Mendoza","100,1","28.343"
"2023","2","Mendoza","1024","33"
"2023","2","Misiones","4","4"
"2023","2","Misiones","6","3.170"
"2023","2","Misiones","9","29"
"2023","2","Misiones","12","1"
"2023","2","Misiones","1,2","3.173"
"2023","2","Misiones","16","1.227"
"2023","2","Misiones","2,2","11.019"
"2023","2","Misiones","0,26","8.526"
"2023","2","Misiones","31","3.649"
"2023","2","Misiones","3,2","3.874"
"2023","2","Misiones","41","71"
"2023","2","Misiones","4,5","1.705"
"2023","2","Misiones","46","28"
"2023","2","Misiones","0,51","47"
"2023","2","Misiones","61","19"
"2023","2","Misiones","6,4","7.110"
"2023","2","Misiones","7,5","7.855"
"2023","2","Misiones","0,75","4"
"2023","2","Misiones","10,1","18.485"
"2023","2","Misiones","122","502"
"2023","2","Misiones","12,3","116"
"2023","2","Misiones","155","1.027"
"2023","2","Misiones","203","5.008"
"2023","2","Misiones","20,5","8.468"
"2023","2","Misiones","25,1","8"
"2023","2","Misiones","256","190"
"2023","2","Misiones","320","25.109"
"2023","2","Misiones","380","5"
"2023","2","Misiones","50,1","37.533"
"2023","2","Misiones","512","1.418"
"2023","2","Misiones","640","1.752"
"2023","2","Misiones","100,1","51.195"
"2023","2","Misiones","1024","229"
"2023","2","Neuquén","1","458"
"2023","2","Neuquén","4","10.737"
"2023","2","Neuquén","6","7.821"
"2023","2","Neuquén","9","6.119"
"2023","2","Neuquén","1,2","539"
"2023","2","Neuquén","15","1"
"2023","2","Neuquén","16","5.148"
"2023","2","Neuquén","2,2","1.626"
"2023","2","Neuquén","0,26","20.168"
"2023","2","Neuquén","31","14.327"
"2023","2","Neuquén","3,2","5.303"
"2023","2","Neuquén","0,38","1"
"2023","2","Neuquén","41","66"
"2023","2","Neuquén","4,5","1.438"
"2023","2","Neuquén","0,51","62"
"2023","2","Neuquén","61","7"
"2023","2","Neuquén","6,4","8.457"
"2023","2","Neuquén","7,5","246"
"2023","2","Neuquén","0,75","73"
"2023","2","Neuquén","91","1"
"2023","2","Neuquén","10,1","7.117"
"2023","2","Neuquén","12,3","3.775"
"2023","2","Neuquén","155","4"
"2023","2","Neuquén","20,5","1.567"
"2023","2","Neuquén","25,1","259"
"2023","2","Neuquén","256","1"
"2023","2","Neuquén","320","26.468"
"2023","2","Neuquén","450","1"
"2023","2","Neuquén","50,1","8.573"
"2023","2","Neuquén","512","2.734"
"2023","2","Neuquén","100,1","30.680"
"2023","2","Neuquén","1024","469"
"2023","2","Río Negro","1","501"
"2023","2","Río Negro","4","7.796"
"2023","2","Río Negro","6","2.135"
"2023","2","Río Negro","9","11.085"
"2023","2","Río Negro","10","1"
"2023","2","Río Negro","12","18"
"2023","2","Río Negro","1,2","534"
"2023","2","Río Negro","16","9.894"
"2023","2","Río Negro","19","3"
"2023","2","Río Negro","2,2","677"
"2023","2","Río Negro","0,26","15.576"
"2023","2","Río Negro","31","16.244"
"2023","2","Río Negro","3,2","5.428"
"2023","2","Río Negro","36","2"
"2023","2","Río Negro","0,38","1"
"2023","2","Río Negro","41","33"
"2023","2","Río Negro","4,5","727"
"2023","2","Río Negro","0,51","36"
"2023","2","Río Negro","61","259"
"2023","2","Río Negro","6,4","8.737"
"2023","2","Río Negro","0,75","75"
"2023","2","Río Negro","81","268"
"2023","2","Río Negro","91","10.057"
"2023","2","Río Negro","10,1","6.555"
"2023","2","Río Negro","122","233"
"2023","2","Río Negro","12,3","1.640"
"2023","2","Río Negro","125","34"
"2023","2","Río Negro","155","33"
"2023","2","Río Negro","200","463"
"2023","2","Río Negro","203","26"
"2023","2","Río Negro","20,5","5.636"
"2023","2","Río Negro","25,1","7.618"
"2023","2","Río Negro","256","306"
"2023","2","Río Negro","320","17.629"
"2023","2","Río Negro","340","115"
"2023","2","Río Negro","50,1","16.821"
"2023","2","Río Negro","512","971"
"2023","2","Río Negro","540","40"
"2023","2","Río Negro","600","89"
"2023","2","Río Negro","945","110"
"2023","2","Río Negro","100,1","22.385"
"2023","2","Río Negro","1024","228"
"2023","2","Salta","1","1"
"2023","2","Salta","4","8"
"2023","2","Salta","6","4.873"
"2023","2","Salta","9","6.869"
"2023","2","Salta","1,2","925"
"2023","2","Salta","16","1.392"
"2023","2","Salta","19","4"
"2023","2","Salta","2,2","1.538"
"2023","2","Salta","0,26","6.646"
"2023","2","Salta","28","1"
"2023","2","Salta","31","75"
"2023","2","Salta","3,2","5.731"
"2023","2","Salta","4,5","8.365"
"2023","2","Salta","0,51","41"
"2023","2","Salta","6,4","6.837"
"2023","2","Salta","7,5","330"
"2023","2","Salta","0,75","73"
"2023","2","Salta","81","50"
"2023","2","Salta","10,1","57.331"
"2023","2","Salta","122","35"
"2023","2","Salta","12,3","88"
"2023","2","Salta","203","1"
"2023","2","Salta","20,5","1.707"
"2023","2","Salta","246","521"
"2023","2","Salta","25,1","2"
"2023","2","Salta","320","28.286"
"2023","2","Salta","450","47"
"2023","2","Salta","50,1","29.271"
"2023","2","Salta","512","1.664"
"2023","2","Salta","640","890"
"2023","2","Salta","850","36"
"2023","2","Salta","100,1","38.867"
"2023","2","Salta","1024","355"
"2023","2","San Juan","1","723"
"2023","2","San Juan","4","11.509"
"2023","2","San Juan","6","309"
"2023","2","San Juan","9","9.157"
"2023","2","San Juan","10","9"
"2023","2","San Juan","1,2","1.298"
"2023","2","San Juan","16","9.836"
"2023","2","San Juan","2,2","606"
"2023","2","San Juan","25","627"
"2023","2","San Juan","0,26","22.755"
"2023","2","San Juan","31","10.448"
"2023","2","San Juan","3,2","4.403"
"2023","2","San Juan","4,5","251"
"2023","2","San Juan","0,51","21"
"2023","2","San Juan","61","1"
"2023","2","San Juan","6,4","4.967"
"2023","2","San Juan","7,5","86"
"2023","2","San Juan","0,75","3"
"2023","2","San Juan","10,1","3.778"
"2023","2","San Juan","12,3","799"
"2023","2","San Juan","20,5","962"
"2023","2","San Juan","25,1","339"
"2023","2","San Juan","320","1.790"
"2023","2","San Juan","50,1","18.638"
"2023","2","San Juan","512","6"
"2023","2","San Juan","640","91"
"2023","2","San Juan","100,1","3.254"
"2023","2","San Luis","1","163"
"2023","2","San Luis","4","1.418"
"2023","2","San Luis","6","347"
"2023","2","San Luis","9","2.622"
"2023","2","San Luis","10","49"
"2023","2","San Luis","1,2","465"
"2023","2","San Luis","16","1.836"
"2023","2","San Luis","2,2","491"
"2023","2","San Luis","0,26","5.968"
"2023","2","San Luis","31","136"
"2023","2","San Luis","3,2","2.772"
"2023","2","San Luis","41","35"
"2023","2","San Luis","4,5","2"
"2023","2","San Luis","0,51","59"
"2023","2","San Luis","6,4","6.288"
"2023","2","San Luis","7,5","3"
"2023","2","San Luis","0,75","1"
"2023","2","San Luis","10,1","21.080"
"2023","2","San Luis","12,3","5.632"
"2023","2","San Luis","20,5","1.485"
"2023","2","San Luis","25,1","70.721"
"2023","2","San Luis","320","740"
"2023","2","San Luis","50,1","7.623"
"2023","2","San Luis","512","29"
"2023","2","San Luis","640","495"
"2023","2","San Luis","100,1","1.983"
"2023","2","San Luis","1024","23.645"
"2023","2","Santa Cruz","1","218"
"2023","2","Santa Cruz","4","2.001"
"2023","2","Santa Cruz","6","1.272"
"2023","2","Santa Cruz","9","2.360"
"2023","2","Santa Cruz","10","4"
"2023","2","Santa Cruz","1,2","209"
"2023","2","Santa Cruz","16","6.224"
"2023","2","Santa Cruz","19","1"
"2023","2","Santa Cruz","2,2","724"
"2023","2","Santa Cruz","25","31"
"2023","2","Santa Cruz","0,26","33.803"
"2023","2","Santa Cruz","31","5.592"
"2023","2","Santa Cruz","3,2","1.259"
"2023","2","Santa Cruz","36","1.139"
"2023","2","Santa Cruz","0,38","4"
"2023","2","Santa Cruz","41","3"
"2023","2","Santa Cruz","4,5","504"
"2023","2","Santa Cruz","0,51","26"
"2023","2","Santa Cruz","6,4","2.004"
"2023","2","Santa Cruz","7,5","1"
"2023","2","Santa Cruz","0,75","20"
"2023","2","Santa Cruz","77","3.117"
"2023","2","Santa Cruz","10,1","7.212"
"2023","2","Santa Cruz","12,3","251"
"2023","2","Santa Cruz","155","587"
"2023","2","Santa Cruz","203","102"
"2023","2","Santa Cruz","20,5","706"
"2023","2","Santa Cruz","25,1","1.454"
"2023","2","Santa Cruz","380","142"
"2023","2","Santa Cruz","50,1","7.710"
"2023","2","Santa Cruz","512","142"
"2023","2","Santa Cruz","100,1","1.386"
"2023","2","Santa Fe","0","9"
"2023","2","Santa Fe","1","5"
"2023","2","Santa Fe","4","164"
"2023","2","Santa Fe","6","17.998"
"2023","2","Santa Fe","9","10.561"
"2023","2","Santa Fe","10","1.464"
"2023","2","Santa Fe","1,2","6.412"
"2023","2","Santa Fe","14","75"
"2023","2","Santa Fe","16","25.445"
"2023","2","Santa Fe","17","31"
"2023","2","Santa Fe","19","8"
"2023","2","Santa Fe","2,2","6.337"
"2023","2","Santa Fe","25","39"
"2023","2","Santa Fe","0,26","16.168"
"2023","2","Santa Fe","31","16.119"
"2023","2","Santa Fe","3,2","22.748"
"2023","2","Santa Fe","36","41"
"2023","2","Santa Fe","37","18"
"2023","2","Santa Fe","0,38","32"
"2023","2","Santa Fe","41","5.817"
"2023","2","Santa Fe","4,5","5.400"
"2023","2","Santa Fe","0,51","335"
"2023","2","Santa Fe","61","1.892"
"2023","2","Santa Fe","6,4","23.175"
"2023","2","Santa Fe","66","1"
"2023","2","Santa Fe","6,7","472"
"2023","2","Santa Fe","71","180"
"2023","2","Santa Fe","7,5","4.114"
"2023","2","Santa Fe","0,75","101"
"2023","2","Santa Fe","77","88"
"2023","2","Santa Fe","81","3.215"
"2023","2","Santa Fe","97","1"
"2023","2","Santa Fe","100","30"
"2023","2","Santa Fe","10,1","136.891"
"2023","2","Santa Fe","122","1.219"
"2023","2","Santa Fe","12,3","1.200"
"2023","2","Santa Fe","145","1"
"2023","2","Santa Fe","155","1.621"
"2023","2","Santa Fe","203","10.211"
"2023","2","Santa Fe","20,5","31.836"
"2023","2","Santa Fe","25,1","12.483"
"2023","2","Santa Fe","256","499"
"2023","2","Santa Fe","320","146.478"
"2023","2","Santa Fe","450","2.046"
"2023","2","Santa Fe","473","1"
"2023","2","Santa Fe","50,1","179.739"
"2023","2","Santa Fe","512","9.107"
"2023","2","Santa Fe","640","4.594"
"2023","2","Santa Fe","768","2"
"2023","2","Santa Fe","850","14"
"2023","2","Santa Fe","100,1","210.827"
"2023","2","Santa Fe","1024","1.317"
"2023","2","Santa Fe","1075","1"
"2023","2","Santa Fe","5000","1"
"2023","2","Santa Fe","50,25","4"
"2023","2","Santiago Del Estero","1","908"
"2023","2","Santiago Del Estero","2","307"
"2023","2","Santiago Del Estero","6","409"
"2023","2","Santiago Del Estero","9","114"
"2023","2","Santiago Del Estero","1,2","226"
"2023","2","Santiago Del Estero","16","241"
"2023","2","Santiago Del Estero","2,2","381"
"2023","2","Santiago Del Estero","0,26","917"
"2023","2","Santiago Del Estero","31","5.778"
"2023","2","Santiago Del Estero","3,2","5.230"
"2023","2","Santiago Del Estero","0,38","2"
"2023","2","Santiago Del Estero","41","41"
"2023","2","Santiago Del Estero","4,5","1.220"
"2023","2","Santiago Del Estero","0,51","39"
"2023","2","Santiago Del Estero","61","1"
"2023","2","Santiago Del Estero","6,4","4.881"
"2023","2","Santiago Del Estero","7,5","352"
"2023","2","Santiago Del Estero","0,75","139"
"2023","2","Santiago Del Estero","10,1","52.745"
"2023","2","Santiago Del Estero","12,3","14.787"
"2023","2","Santiago Del Estero","20,5","9.253"
"2023","2","Santiago Del Estero","25,1","18"
"2023","2","Santiago Del Estero","320","8.542"
"2023","2","Santiago Del Estero","50,1","6.701"
"2023","2","Santiago Del Estero","512","664"
"2023","2","Santiago Del Estero","640","183"
"2023","2","Santiago Del Estero","100,1","10.229"
"2023","2","Santiago Del Estero","1024","54"
"2023","2","Tierra Del Fuego","1","318"
"2023","2","Tierra Del Fuego","4","3.740"
"2023","2","Tierra Del Fuego","6","430"
"2023","2","Tierra Del Fuego","9","8.034"
"2023","2","Tierra Del Fuego","10","4"
"2023","2","Tierra Del Fuego","1,2","516"
"2023","2","Tierra Del Fuego","16","8.105"
"2023","2","Tierra Del Fuego","19","200"
"2023","2","Tierra Del Fuego","2,2","2"
"2023","2","Tierra Del Fuego","25","1.280"
"2023","2","Tierra Del Fuego","0,26","7.121"
"2023","2","Tierra Del Fuego","31","196"
"2023","2","Tierra Del Fuego","3,2","3"
"2023","2","Tierra Del Fuego","36","486"
"2023","2","Tierra Del Fuego","41","7"
"2023","2","Tierra Del Fuego","4,5","1.873"
"2023","2","Tierra Del Fuego","0,51","11"
"2023","2","Tierra Del Fuego","61","81"
"2023","2","Tierra Del Fuego","6,4","4.121"
"2023","2","Tierra Del Fuego","0,75","11"
"2023","2","Tierra Del Fuego","10,1","1.636"
"2023","2","Tierra Del Fuego","12,3","3.518"
"2023","2","Tierra Del Fuego","155","30"
"2023","2","Tierra Del Fuego","203","3"
"2023","2","Tierra Del Fuego","20,5","216"
"2023","2","Tierra Del Fuego","25,1","14.491"
"2023","2","Tierra Del Fuego","320","670"
"2023","2","Tierra Del Fuego","450","1"
"2023","2","Tierra Del Fuego","50,1","4.035"
"2023","2","Tierra Del Fuego","100,1","415"
"2023","2","Tierra Del Fuego","1075","1"
"2023","2","Tucumán","4","2.271"
"2023","2","Tucumán","6","1.025"
"2023","2","Tucumán","9","145"
"2023","2","Tucumán","10","1"
"2023","2","Tucumán","1,2","927"
"2023","2","Tucumán","16","2.031"
"2023","2","Tucumán","2,2","116"
"2023","2","Tucumán","25","514"
"2023","2","Tucumán","0,26","488"
"2023","2","Tucumán","27","1"
"2023","2","Tucumán","31","983"
"2023","2","Tucumán","3,2","4.696"
"2023","2","Tucumán","36","12"
"2023","2","Tucumán","41","2"
"2023","2","Tucumán","4,5","44"
"2023","2","Tucumán","0,51","19"
"2023","2","Tucumán","61","1"
"2023","2","Tucumán","6,4","8.075"
"2023","2","Tucumán","7,5","146"
"2023","2","Tucumán","0,75","20"
"2023","2","Tucumán","91","1"
"2023","2","Tucumán","10,1","19.626"
"2023","2","Tucumán","12,3","12.926"
"2023","2","Tucumán","165","1"
"2023","2","Tucumán","203","3"
"2023","2","Tucumán","20,5","8.306"
"2023","2","Tucumán","25,1","84"
"2023","2","Tucumán","320","41.670"
"2023","2","Tucumán","50,1","80.426"
"2023","2","Tucumán","512","2.841"
"2023","2","Tucumán","640","1.654"
"2023","2","Tucumán","700","5"
"2023","2","Tucumán","100,1","75.387"
"2023","2","Tucumán","1024","148"
"2023","1","Buenos Aires","1","4.611"
"2023","1","Buenos Aires","2","141"
"2023","1","Buenos Aires","4","41.735"
"2023","1","Buenos Aires","5","80"
"2023","1","Buenos Aires","6","27.884"
"2023","1","Buenos Aires","8","986"
"2023","1","Buenos Aires","9","64.791"
"2023","1","Buenos Aires","10","709"
"2023","1","Buenos Aires","12","10"
"2023","1","Buenos Aires","1,2","20.526"
"2023","1","Buenos Aires","14","212"
"2023","1","Buenos Aires","15","44"
"2023","1","Buenos Aires","16","88.111"
"2023","1","Buenos Aires","17","258"
"2023","1","Buenos Aires","18","2"
"2023","1","Buenos Aires","19","1.021"
"2023","1","Buenos Aires","22","3"
"2023","1","Buenos Aires","2,2","20.939"
"2023","1","Buenos Aires","23","1"
"2023","1","Buenos Aires","24","18"
"2023","1","Buenos Aires","25","110"
"2023","1","Buenos Aires","0,26","95.566"
"2023","1","Buenos Aires","31","777.940"
"2023","1","Buenos Aires","32","1.610"
"2023","1","Buenos Aires","3,2","51.141"
"2023","1","Buenos Aires","34","16"
"2023","1","Buenos Aires","35","1"
"2023","1","Buenos Aires","36","1.365"
"2023","1","Buenos Aires","37","30"
"2023","1","Buenos Aires","0,38","18"
"2023","1","Buenos Aires","41","3.706"
"2023","1","Buenos Aires","45","9"
"2023","1","Buenos Aires","4,5","13.694"
"2023","1","Buenos Aires","49","777"
"2023","1","Buenos Aires","50","1"
"2023","1","Buenos Aires","0,51","28.411"
"2023","1","Buenos Aires","56","256"
"2023","1","Buenos Aires","59","1"
"2023","1","Buenos Aires","60","59"
"2023","1","Buenos Aires","61","443.376"
"2023","1","Buenos Aires","62","78"
"2023","1","Buenos Aires","63","1"
"2023","1","Buenos Aires","6,4","94.224"
"2023","1","Buenos Aires","66","14"
"2023","1","Buenos Aires","6,7","26"
"2023","1","Buenos Aires","70","68"
"2023","1","Buenos Aires","71","6.526"
"2023","1","Buenos Aires","7,5","9.522"
"2023","1","Buenos Aires","0,75","186"
"2023","1","Buenos Aires","77","83.561"
"2023","1","Buenos Aires","80","2"
"2023","1","Buenos Aires","81","8.132"
"2023","1","Buenos Aires","82","1"
"2023","1","Buenos Aires","90","14"
"2023","1","Buenos Aires","91","3"
"2023","1","Buenos Aires","95","3"
"2023","1","Buenos Aires","98","72"
"2023","1","Buenos Aires","10,1","188.380"
"2023","1","Buenos Aires","109","14"
"2023","1","Buenos Aires","122","455"
"2023","1","Buenos Aires","12,3","23.952"
"2023","1","Buenos Aires","126","2"
"2023","1","Buenos Aires","127","1"
"2023","1","Buenos Aires","155","263.702"
"2023","1","Buenos Aires","160","1"
"2023","1","Buenos Aires","164","1.213"
"2023","1","Buenos Aires","203","7.763"
"2023","1","Buenos Aires","20,5","128.313"
"2023","1","Buenos Aires","212","3"
"2023","1","Buenos Aires","220","1"
"2023","1","Buenos Aires","240","39"
"2023","1","Buenos Aires","246","938"
"2023","1","Buenos Aires","25,1","45.486"
"2023","1","Buenos Aires","256","205"
"2023","1","Buenos Aires","270","14"
"2023","1","Buenos Aires","320","678.615"
"2023","1","Buenos Aires","325","27"
"2023","1","Buenos Aires","350","4"
"2023","1","Buenos Aires","450","936"
"2023","1","Buenos Aires","500","5"
"2023","1","Buenos Aires","50,1","465.649"
"2023","1","Buenos Aires","512","104.112"
"2023","1","Buenos Aires","520","647"
"2023","1","Buenos Aires","640","2.019"
"2023","1","Buenos Aires","850","546"
"2023","1","Buenos Aires","999","1"
"2023","1","Buenos Aires","100,1","950.919"
"2023","1","Buenos Aires","1024","64.364"
"2023","1","CABA","1","1.307"
"2023","1","CABA","4","11.975"
"2023","1","CABA","6","3.497"
"2023","1","CABA","9","16.651"
"2023","1","CABA","10","3"
"2023","1","CABA","12","5"
"2023","1","CABA","1,2","3.193"
"2023","1","CABA","16","29.425"
"2023","1","CABA","17","5"
"2023","1","CABA","22","1"
"2023","1","CABA","2,2","281"
"2023","1","CABA","0,26","106.867"
"2023","1","CABA","31","58.712"
"2023","1","CABA","3,2","2.897"
"2023","1","CABA","36","9"
"2023","1","CABA","0,38","31"
"2023","1","CABA","40","30"
"2023","1","CABA","41","122"
"2023","1","CABA","4,5","992"
"2023","1","CABA","0,51","451"
"2023","1","CABA","56","1"
"2023","1","CABA","61","108.361"
"2023","1","CABA","6,4","9.026"
"2023","1","CABA","67","1"
"2023","1","CABA","71","15"
"2023","1","CABA","7,5","7"
"2023","1","CABA","0,75","34"
"2023","1","CABA","77","26.387"
"2023","1","CABA","81","8"
"2023","1","CABA","10,1","43.400"
"2023","1","CABA","120","1"
"2023","1","CABA","122","14"
"2023","1","CABA","12,3","11"
"2023","1","CABA","126","5"
"2023","1","CABA","131","1"
"2023","1","CABA","155","73.852"
"2023","1","CABA","164","5"
"2023","1","CABA","203","2.727"
"2023","1","CABA","20,5","5.528"
"2023","1","CABA","225","1"
"2023","1","CABA","234","1"
"2023","1","CABA","25,1","2.202"
"2023","1","CABA","256","1.425"
"2023","1","CABA","300","1"
"2023","1","CABA","320","447.883"
"2023","1","CABA","330","2"
"2023","1","CABA","450","3"
"2023","1","CABA","50,1","76.368"
"2023","1","CABA","512","89.932"
"2023","1","CABA","640","59"
"2023","1","CABA","768","1"
"2023","1","CABA","850","1"
"2023","1","CABA","100,1","399.697"
"2023","1","CABA","1024","25.315"
"2023","1","Catamarca","6","86"
"2023","1","Catamarca","1,2","221"
"2023","1","Catamarca","16","675"
"2023","1","Catamarca","2,2","115"
"2023","1","Catamarca","25","1.731"
"2023","1","Catamarca","0,26","2.311"
"2023","1","Catamarca","31","876"
"2023","1","Catamarca","3,2","796"
"2023","1","Catamarca","0,51","34"
"2023","1","Catamarca","6,4","1.195"
"2023","1","Catamarca","7,5","1"
"2023","1","Catamarca","0,75","37"
"2023","1","Catamarca","10,1","4.351"
"2023","1","Catamarca","12,3","193"
"2023","1","Catamarca","203","42"
"2023","1","Catamarca","20,5","2.926"
"2023","1","Catamarca","320","8.051"
"2023","1","Catamarca","50,1","31.984"
"2023","1","Catamarca","512","457"
"2023","1","Catamarca","640","122"
"2023","1","Catamarca","100,1","15.287"
"2023","1","Catamarca","1024","1"
"2023","1","Chaco","4","167"
"2023","1","Chaco","6","3.636"
"2023","1","Chaco","9","702"
"2023","1","Chaco","10","1"
"2023","1","Chaco","1,2","544"
"2023","1","Chaco","16","4.008"
"2023","1","Chaco","2,2","780"
"2023","1","Chaco","0,26","3.947"
"2023","1","Chaco","31","2.263"
"2023","1","Chaco","3,2","3.613"
"2023","1","Chaco","36","19"
"2023","1","Chaco","41","18"
"2023","1","Chaco","4,5","385"
"2023","1","Chaco","0,51","234"
"2023","1","Chaco","6,4","6.532"
"2023","1","Chaco","7,5","442"
"2023","1","Chaco","0,75","2"
"2023","1","Chaco","10,1","14.045"
"2023","1","Chaco","122","608"
"2023","1","Chaco","12,3","137"
"2023","1","Chaco","203","1.137"
"2023","1","Chaco","20,5","3.584"
"2023","1","Chaco","25,1","768"
"2023","1","Chaco","256","210"
"2023","1","Chaco","320","23.032"
"2023","1","Chaco","50,1","29.316"
"2023","1","Chaco","512","2.410"
"2023","1","Chaco","640","76"
"2023","1","Chaco","100,1","39.776"
"2023","1","Chaco","1024","49"
"2023","1","Chaco","50,25","1"
"2023","1","Chubut","1","836"
"2023","1","Chubut","4","11.441"
"2023","1","Chubut","6","2.408"
"2023","1","Chubut","9","12.961"
"2023","1","Chubut","10","59"
"2023","1","Chubut","12","1"
"2023","1","Chubut","1,2","762"
"2023","1","Chubut","15","32"
"2023","1","Chubut","16","13.655"
"2023","1","Chubut","2,2","4.705"
"2023","1","Chubut","25","7.210"
"2023","1","Chubut","0,26","20.574"
"2023","1","Chubut","31","7.578"
"2023","1","Chubut","3,2","5.939"
"2023","1","Chubut","0,38","8"
"2023","1","Chubut","41","18"
"2023","1","Chubut","4,5","5.643"
"2023","1","Chubut","49","140"
"2023","1","Chubut","0,51","69"
"2023","1","Chubut","6,4","15.658"
"2023","1","Chubut","7,5","135"
"2023","1","Chubut","0,75","32"
"2023","1","Chubut","10,1","17.792"
"2023","1","Chubut","12,3","9.492"
"2023","1","Chubut","203","1"
"2023","1","Chubut","20,5","1.892"
"2023","1","Chubut","25,1","3.901"
"2023","1","Chubut","320","34"
"2023","1","Chubut","50,1","26.340"
"2023","1","Chubut","512","1"
"2023","1","Chubut","100,1","736"
"2023","1","Córdoba","1","83"
"2023","1","Córdoba","2","7"
"2023","1","Córdoba","4","4.897"
"2023","1","Córdoba","6","7.135"
"2023","1","Córdoba","7","7"
"2023","1","Córdoba","9","13.608"
"2023","1","Córdoba","10","1.905"
"2023","1","Córdoba","12","87"
"2023","1","Córdoba","1,2","8.761"
"2023","1","Córdoba","13","10"
"2023","1","Córdoba","14","35"
"2023","1","Córdoba","15","10"
"2023","1","Córdoba","16","22.186"
"2023","1","Córdoba","17","134"
"2023","1","Córdoba","19","58"
"2023","1","Córdoba","21","1"
"2023","1","Córdoba","22","3"
"2023","1","Córdoba","2,2","7.636"
"2023","1","Córdoba","25","2"
"2023","1","Córdoba","2,5","21"
"2023","1","Córdoba","26","31"
"2023","1","Córdoba","0,26","33.490"
"2023","1","Córdoba","31","5.599"
"2023","1","Córdoba","3,2","30.638"
"2023","1","Córdoba","3,5","4"
"2023","1","Córdoba","36","8"
"2023","1","Córdoba","0,38","2"
"2023","1","Córdoba","41","220"
"2023","1","Córdoba","4,5","12.479"
"2023","1","Córdoba","51","23"
"2023","1","Córdoba","0,51","87"
"2023","1","Córdoba","52","6"
"2023","1","Córdoba","61","4.937"
"2023","1","Córdoba","6,4","68.803"
"2023","1","Córdoba","6,7","154"
"2023","1","Córdoba","71","6"
"2023","1","Córdoba","7,5","3.808"
"2023","1","Córdoba","0,75","10"
"2023","1","Córdoba","77","328"
"2023","1","Córdoba","10,1","83.735"
"2023","1","Córdoba","105","12"
"2023","1","Córdoba","10,6","70"
"2023","1","Córdoba","122","75"
"2023","1","Córdoba","12,3","8.732"
"2023","1","Córdoba","145","1"
"2023","1","Córdoba","155","16"
"2023","1","Córdoba","203","18"
"2023","1","Córdoba","20,5","25.853"
"2023","1","Córdoba","234","1"
"2023","1","Córdoba","25,1","19.341"
"2023","1","Córdoba","256","1"
"2023","1","Córdoba","320","195.440"
"2023","1","Córdoba","50,1","201.550"
"2023","1","Córdoba","512","23.661"
"2023","1","Córdoba","520","21"
"2023","1","Córdoba","640","500"
"2023","1","Córdoba","768","1"
"2023","1","Córdoba","900","1"
"2023","1","Córdoba","100,1","262.974"
"2023","1","Córdoba","1024","639"
"2023","1","Córdoba","25,11","111"
"2023","1","Corrientes","1","118"
"2023","1","Corrientes","4","480"
"2023","1","Corrientes","6","2.553"
"2023","1","Corrientes","9","5.016"
"2023","1","Corrientes","1,2","2.956"
"2023","1","Corrientes","16","1.601"
"2023","1","Corrientes","17","1.108"
"2023","1","Corrientes","2,2","2.959"
"2023","1","Corrientes","0,26","8.984"
"2023","1","Corrientes","31","3.338"
"2023","1","Corrientes","3,2","6.355"
"2023","1","Corrientes","34","1"
"2023","1","Corrientes","4,5","1.738"
"2023","1","Corrientes","0,51","10"
"2023","1","Corrientes","6,4","8.432"
"2023","1","Corrientes","0,75","57"
"2023","1","Corrientes","10,1","18.404"
"2023","1","Corrientes","122","1.038"
"2023","1","Corrientes","12,3","2"
"2023","1","Corrientes","203","1.226"
"2023","1","Corrientes","20,5","3.638"
"2023","1","Corrientes","25,1","1.277"
"2023","1","Corrientes","256","307"
"2023","1","Corrientes","320","23.578"
"2023","1","Corrientes","50,1","27.046"
"2023","1","Corrientes","512","2.616"
"2023","1","Corrientes","100,1","32.110"
"2023","1","Corrientes","1024","72"
"2023","1","Entre Ríos","1","113"
"2023","1","Entre Ríos","4","390"
"2023","1","Entre Ríos","6","6.556"
"2023","1","Entre Ríos","9","2.424"
"2023","1","Entre Ríos","1,2","4.412"
"2023","1","Entre Ríos","16","5.742"
"2023","1","Entre Ríos","17","1"
"2023","1","Entre Ríos","19","1"
"2023","1","Entre Ríos","2,2","4.832"
"2023","1","Entre Ríos","25","1"
"2023","1","Entre Ríos","31","21.937"
"2023","1","Entre Ríos","3,2","8.333"
"2023","1","Entre Ríos","0,38","1"
"2023","1","Entre Ríos","4,5","2.527"
"2023","1","Entre Ríos","0,51","20"
"2023","1","Entre Ríos","61","51"
"2023","1","Entre Ríos","6,4","18.577"
"2023","1","Entre Ríos","7,5","1.138"
"2023","1","Entre Ríos","0,75","86"
"2023","1","Entre Ríos","10,1","48.102"
"2023","1","Entre Ríos","122","832"
"2023","1","Entre Ríos","12,3","1.639"
"2023","1","Entre Ríos","155","1"
"2023","1","Entre Ríos","203","620"
"2023","1","Entre Ríos","20,5","13.284"
"2023","1","Entre Ríos","25,1","760"
"2023","1","Entre Ríos","256","145"
"2023","1","Entre Ríos","320","43.515"
"2023","1","Entre Ríos","50,1","37.273"
"2023","1","Entre Ríos","512","3.951"
"2023","1","Entre Ríos","100,1","47.476"
"2023","1","Entre Ríos","1024","138"
"2023","1","Formosa","6","1.686"
"2023","1","Formosa","9","137"
"2023","1","Formosa","1,2","192"
"2023","1","Formosa","16","1.219"
"2023","1","Formosa","2,2","1.558"
"2023","1","Formosa","0,26","702"
"2023","1","Formosa","31","269"
"2023","1","Formosa","3,2","10.141"
"2023","1","Formosa","36","2"
"2023","1","Formosa","41","17"
"2023","1","Formosa","4,5","3.296"
"2023","1","Formosa","0,51","49"
"2023","1","Formosa","6,4","5.335"
"2023","1","Formosa","7,5","108"
"2023","1","Formosa","0,75","35"
"2023","1","Formosa","10,1","11.677"
"2023","1","Formosa","12,3","40"
"2023","1","Formosa","20,5","4.970"
"2023","1","Formosa","25,1","8"
"2023","1","Formosa","320","9.333"
"2023","1","Formosa","50,1","954"
"2023","1","Formosa","512","829"
"2023","1","Formosa","100,1","8.405"
"2023","1","Formosa","1024","23"
"2023","1","Jujuy","6","5.125"
"2023","1","Jujuy","9","946"
"2023","1","Jujuy","1,2","1.598"
"2023","1","Jujuy","16","539"
"2023","1","Jujuy","19","4"
"2023","1","Jujuy","2,2","1.639"
"2023","1","Jujuy","0,26","2.076"
"2023","1","Jujuy","27","1"
"2023","1","Jujuy","31","297"
"2023","1","Jujuy","3,2","3.698"
"2023","1","Jujuy","4,5","2.889"
"2023","1","Jujuy","0,51","26"
"2023","1","Jujuy","6,4","3.491"
"2023","1","Jujuy","7,5","10"
"2023","1","Jujuy","0,75","32"
"2023","1","Jujuy","10,1","11.900"
"2023","1","Jujuy","12,3","23.494"
"2023","1","Jujuy","158","1"
"2023","1","Jujuy","180","1"
"2023","1","Jujuy","203","1"
"2023","1","Jujuy","20,5","5.349"
"2023","1","Jujuy","25,1","8"
"2023","1","Jujuy","320","3.767"
"2023","1","Jujuy","50,1","42.883"
"2023","1","Jujuy","512","367"
"2023","1","Jujuy","520","200"
"2023","1","Jujuy","640","32"
"2023","1","Jujuy","100,1","7.599"
"2023","1","Jujuy","1024","8"
"2023","1","La Pampa","1","143"
"2023","1","La Pampa","2","185"
"2023","1","La Pampa","4","2.327"
"2023","1","La Pampa","6","2.198"
"2023","1","La Pampa","9","1.562"
"2023","1","La Pampa","12","73"
"2023","1","La Pampa","1,2","1.256"
"2023","1","La Pampa","16","5.882"
"2023","1","La Pampa","2,2","3.087"
"2023","1","La Pampa","0,26","16.958"
"2023","1","La Pampa","31","4.385"
"2023","1","La Pampa","3,2","7.755"
"2023","1","La Pampa","36","1"
"2023","1","La Pampa","0,38","1"
"2023","1","La Pampa","41","7"
"2023","1","La Pampa","4,5","2.460"
"2023","1","La Pampa","0,51","6"
"2023","1","La Pampa","6,4","32.301"
"2023","1","La Pampa","7,5","516"
"2023","1","La Pampa","0,75","61"
"2023","1","La Pampa","81","1"
"2023","1","La Pampa","10,1","9.432"
"2023","1","La Pampa","120","3"
"2023","1","La Pampa","12,3","1"
"2023","1","La Pampa","203","1"
"2023","1","La Pampa","20,5","4.569"
"2023","1","La Pampa","25,1","41"
"2023","1","La Pampa","320","312"
"2023","1","La Pampa","50,1","17.916"
"2023","1","La Pampa","512","64"
"2023","1","La Pampa","100,1","3.000"
"2023","1","La Rioja","6","183"
"2023","1","La Rioja","9","85"
"2023","1","La Rioja","12","22"
"2023","1","La Rioja","1,2","502"
"2023","1","La Rioja","16","406"
"2023","1","La Rioja","2,2","8"
"2023","1","La Rioja","25","439"
"2023","1","La Rioja","31","4.510"
"2023","1","La Rioja","3,2","542"
"2023","1","La Rioja","4,5","2"
"2023","1","La Rioja","0,51","9"
"2023","1","La Rioja","6,4","1.157"
"2023","1","La Rioja","0,75","9"
"2023","1","La Rioja","10,1","2.385"
"2023","1","La Rioja","12,3","15.644"
"2023","1","La Rioja","203","137"
"2023","1","La Rioja","20,5","8.479"
"2023","1","La Rioja","25,1","2"
"2023","1","La Rioja","320","6.298"
"2023","1","La Rioja","50,1","35.606"
"2023","1","La Rioja","512","549"
"2023","1","La Rioja","100,1","9.429"
"2023","1","La Rioja","1024","2"
"2023","1","Mendoza","1","737"
"2023","1","Mendoza","2","1.348"
"2023","1","Mendoza","4","10.699"
"2023","1","Mendoza","6","1.474"
"2023","1","Mendoza","9","10.780"
"2023","1","Mendoza","10","217"
"2023","1","Mendoza","1,2","2.208"
"2023","1","Mendoza","16","17.418"
"2023","1","Mendoza","2,2","3.215"
"2023","1","Mendoza","25","7.344"
"2023","1","Mendoza","0,26","21.186"
"2023","1","Mendoza","31","53.714"
"2023","1","Mendoza","3,2","2.956"
"2023","1","Mendoza","37","10"
"2023","1","Mendoza","0,38","1"
"2023","1","Mendoza","41","20"
"2023","1","Mendoza","4,5","1.659"
"2023","1","Mendoza","46","1"
"2023","1","Mendoza","0,51","86"
"2023","1","Mendoza","61","1"
"2023","1","Mendoza","6,4","11.416"
"2023","1","Mendoza","71","2"
"2023","1","Mendoza","7,5","138"
"2023","1","Mendoza","0,75","16"
"2023","1","Mendoza","77","1"
"2023","1","Mendoza","91","1"
"2023","1","Mendoza","10,1","9.678"
"2023","1","Mendoza","12,3","5.357"
"2023","1","Mendoza","203","20"
"2023","1","Mendoza","20,5","7.882"
"2023","1","Mendoza","25,1","158"
"2023","1","Mendoza","320","4.679"
"2023","1","Mendoza","50,1","95.941"
"2023","1","Mendoza","512","288"
"2023","1","Mendoza","640","150"
"2023","1","Mendoza","100,1","22.212"
"2023","1","Mendoza","1024","6"
"2023","1","Misiones","4","4"
"2023","1","Misiones","6","5.158"
"2023","1","Misiones","9","45"
"2023","1","Misiones","10","4"
"2023","1","Misiones","12","4"
"2023","1","Misiones","1,2","3.448"
"2023","1","Misiones","15","2"
"2023","1","Misiones","16","2.693"
"2023","1","Misiones","17","1"
"2023","1","Misiones","19","1"
"2023","1","Misiones","2,2","11.038"
"2023","1","Misiones","0,26","8.244"
"2023","1","Misiones","31","3.897"
"2023","1","Misiones","3,2","4.677"
"2023","1","Misiones","41","71"
"2023","1","Misiones","4,5","1.742"
"2023","1","Misiones","46","268"
"2023","1","Misiones","0,51","47"
"2023","1","Misiones","61","19"
"2023","1","Misiones","6,4","12.143"
"2023","1","Misiones","71","746"
"2023","1","Misiones","7,5","2.603"
"2023","1","Misiones","0,75","4"
"2023","1","Misiones","77","785"
"2023","1","Misiones","10,1","19.165"
"2023","1","Misiones","122","452"
"2023","1","Misiones","12,3","120"
"2023","1","Misiones","203","4.047"
"2023","1","Misiones","20,5","9.060"
"2023","1","Misiones","25,1","3"
"2023","1","Misiones","256","134"
"2023","1","Misiones","320","25.420"
"2023","1","Misiones","50,1","29.984"
"2023","1","Misiones","512","2.179"
"2023","1","Misiones","640","294"
"2023","1","Misiones","100,1","42.122"
"2023","1","Misiones","1024","61"
"2023","1","Neuquén","1","458"
"2023","1","Neuquén","4","10.737"
"2023","1","Neuquén","6","8.870"
"2023","1","Neuquén","9","6.280"
"2023","1","Neuquén","1,2","528"
"2023","1","Neuquén","15","1"
"2023","1","Neuquén","16","4.788"
"2023","1","Neuquén","2,2","1.677"
"2023","1","Neuquén","0,26","2.267"
"2023","1","Neuquén","31","17.788"
"2023","1","Neuquén","3,2","6.598"
"2023","1","Neuquén","41","65"
"2023","1","Neuquén","4,5","1.423"
"2023","1","Neuquén","0,51","62"
"2023","1","Neuquén","61","8"
"2023","1","Neuquén","6,4","9.109"
"2023","1","Neuquén","65","4"
"2023","1","Neuquén","7,5","246"
"2023","1","Neuquén","0,75","106"
"2023","1","Neuquén","81","1.189"
"2023","1","Neuquén","10,1","7.407"
"2023","1","Neuquén","12,3","2.392"
"2023","1","Neuquén","155","244"
"2023","1","Neuquén","203","48"
"2023","1","Neuquén","20,5","6.011"
"2023","1","Neuquén","25,1","59"
"2023","1","Neuquén","256","1"
"2023","1","Neuquén","320","26.571"
"2023","1","Neuquén","450","12"
"2023","1","Neuquén","50,1","11.556"
"2023","1","Neuquén","512","3.895"
"2023","1","Neuquén","100,1","29.926"
"2023","1","Neuquén","1024","86"
"2023","1","Río Negro","1","501"
"2023","1","Río Negro","4","7.796"
"2023","1","Río Negro","6","3.056"
"2023","1","Río Negro","9","10.908"
"2023","1","Río Negro","10","1"
"2023","1","Río Negro","12","18"
"2023","1","Río Negro","1,2","575"
"2023","1","Río Negro","16","9.779"
"2023","1","Río Negro","19","3"
"2023","1","Río Negro","2,2","2.452"
"2023","1","Río Negro","0,26","29.772"
"2023","1","Río Negro","31","5.489"
"2023","1","Río Negro","3,2","5.810"
"2023","1","Río Negro","41","104"
"2023","1","Río Negro","4,5","1.302"
"2023","1","Río Negro","0,51","36"
"2023","1","Río Negro","61","184"
"2023","1","Río Negro","6,4","9.099"
"2023","1","Río Negro","0,75","75"
"2023","1","Río Negro","81","152"
"2023","1","Río Negro","91","9.140"
"2023","1","Río Negro","10,1","4.262"
"2023","1","Río Negro","120","1"
"2023","1","Río Negro","122","103"
"2023","1","Río Negro","12,3","3.671"
"2023","1","Río Negro","125","34"
"2023","1","Río Negro","155","1"
"2023","1","Río Negro","200","348"
"2023","1","Río Negro","203","10"
"2023","1","Río Negro","20,5","5.226"
"2023","1","Río Negro","25,1","11.819"
"2023","1","Río Negro","256","261"
"2023","1","Río Negro","320","16.637"
"2023","1","Río Negro","340","84"
"2023","1","Río Negro","50,1","5.450"
"2023","1","Río Negro","512","1.333"
"2023","1","Río Negro","540","40"
"2023","1","Río Negro","600","42"
"2023","1","Río Negro","945","110"
"2023","1","Río Negro","100,1","18.604"
"2023","1","Río Negro","1024","43"
"2023","1","Salta","1","1"
"2023","1","Salta","4","8"
"2023","1","Salta","6","4.939"
"2023","1","Salta","9","6.870"
"2023","1","Salta","1,2","1.095"
"2023","1","Salta","16","2.149"
"2023","1","Salta","19","4"
"2023","1","Salta","2,2","1.537"
"2023","1","Salta","25","11"
"2023","1","Salta","0,26","6.778"
"2023","1","Salta","28","1"
"2023","1","Salta","31","107"
"2023","1","Salta","3,2","6.461"
"2023","1","Salta","41","74"
"2023","1","Salta","4,5","8.364"
"2023","1","Salta","0,51","41"
"2023","1","Salta","6,4","9.255"
"2023","1","Salta","7,5","330"
"2023","1","Salta","0,75","73"
"2023","1","Salta","10,1","62.236"
"2023","1","Salta","122","357"
"2023","1","Salta","12,3","88"
"2023","1","Salta","203","1"
"2023","1","Salta","20,5","2.580"
"2023","1","Salta","246","98"
"2023","1","Salta","25,1","1"
"2023","1","Salta","320","27.227"
"2023","1","Salta","450","79"
"2023","1","Salta","50,1","28.737"
"2023","1","Salta","512","2.309"
"2023","1","Salta","640","99"
"2023","1","Salta","850","75"
"2023","1","Salta","100,1","33.401"
"2023","1","Salta","1024","40"
"2023","1","San Juan","1","723"
"2023","1","San Juan","4","11.509"
"2023","1","San Juan","6","2.108"
"2023","1","San Juan","9","9.391"
"2023","1","San Juan","10","17"
"2023","1","San Juan","1,2","1.297"
"2023","1","San Juan","16","10.662"
"2023","1","San Juan","2,2","1.398"
"2023","1","San Juan","25","9.283"
"2023","1","San Juan","0,26","11.840"
"2023","1","San Juan","31","10.717"
"2023","1","San Juan","3,2","11.482"
"2023","1","San Juan","41","3"
"2023","1","San Juan","4,5","860"
"2023","1","San Juan","0,51","21"
"2023","1","San Juan","61","1"
"2023","1","San Juan","6,4","2.694"
"2023","1","San Juan","7,5","1.122"
"2023","1","San Juan","0,75","3"
"2023","1","San Juan","10,1","691"
"2023","1","San Juan","12,3","3.222"
"2023","1","San Juan","20,5","915"
"2023","1","San Juan","25,1","339"
"2023","1","San Juan","320","355"
"2023","1","San Juan","50,1","10.312"
"2023","1","San Juan","512","1"
"2023","1","San Juan","640","19"
"2023","1","San Juan","100,1","782"
"2023","1","San Luis","1","163"
"2023","1","San Luis","4","1.418"
"2023","1","San Luis","6","345"
"2023","1","San Luis","9","2.622"
"2023","1","San Luis","10","356"
"2023","1","San Luis","1,2","461"
"2023","1","San Luis","16","1.836"
"2023","1","San Luis","2,2","491"
"2023","1","San Luis","0,26","3.353"
"2023","1","San Luis","31","133"
"2023","1","San Luis","3,2","2.779"
"2023","1","San Luis","41","35"
"2023","1","San Luis","47","3"
"2023","1","San Luis","0,51","59"
"2023","1","San Luis","6,4","6.647"
"2023","1","San Luis","7,5","75"
"2023","1","San Luis","0,75","1"
"2023","1","San Luis","10,1","21.080"
"2023","1","San Luis","12,3","10.283"
"2023","1","San Luis","20,5","1.540"
"2023","1","San Luis","25,1","75.773"
"2023","1","San Luis","320","10"
"2023","1","San Luis","50,1","832"
"2023","1","San Luis","512","21"
"2023","1","San Luis","640","6"
"2023","1","San Luis","100,1","216"
"2023","1","San Luis","1024","4.925"
"2023","1","Santa Cruz","1","218"
"2023","1","Santa Cruz","4","2.001"
"2023","1","Santa Cruz","6","1.840"
"2023","1","Santa Cruz","9","2.324"
"2023","1","Santa Cruz","10","8"
"2023","1","Santa Cruz","1,2","6.592"
"2023","1","Santa Cruz","16","4.188"
"2023","1","Santa Cruz","19","725"
"2023","1","Santa Cruz","2,2","2.106"
"2023","1","Santa Cruz","25","85"
"2023","1","Santa Cruz","0,26","1.044"
"2023","1","Santa Cruz","31","2.165"
"2023","1","Santa Cruz","3,2","2.534"
"2023","1","Santa Cruz","36","516"
"2023","1","Santa Cruz","0,38","3"
"2023","1","Santa Cruz","41","12"
"2023","1","Santa Cruz","4,5","826"
"2023","1","Santa Cruz","0,51","26"
"2023","1","Santa Cruz","6,4","2.221"
"2023","1","Santa Cruz","7,5","13"
"2023","1","Santa Cruz","0,75","22"
"2023","1","Santa Cruz","77","166"
"2023","1","Santa Cruz","10,1","9.035"
"2023","1","Santa Cruz","12,3","2.008"
"2023","1","Santa Cruz","20,5","2.940"
"2023","1","Santa Cruz","25,1","1.454"
"2023","1","Santa Cruz","50,1","4.880"
"2023","1","Santa Cruz","100,1","409"
"2023","1","Santa Fe","1","5"
"2023","1","Santa Fe","4","172"
"2023","1","Santa Fe","6","20.329"
"2023","1","Santa Fe","9","11.622"
"2023","1","Santa Fe","10","1.440"
"2023","1","Santa Fe","1,2","7.650"
"2023","1","Santa Fe","14","75"
"2023","1","Santa Fe","16","23.786"
"2023","1","Santa Fe","17","41"
"2023","1","Santa Fe","19","8"
"2023","1","Santa Fe","2,2","7.032"
"2023","1","Santa Fe","25","39"
"2023","1","Santa Fe","0,26","18.101"
"2023","1","Santa Fe","31","17.601"
"2023","1","Santa Fe","3,2","28.805"
"2023","1","Santa Fe","36","58"
"2023","1","Santa Fe","37","18"
"2023","1","Santa Fe","0,38","32"
"2023","1","Santa Fe","39","2"
"2023","1","Santa Fe","41","1.937"
"2023","1","Santa Fe","4,5","5.321"
"2023","1","Santa Fe","46","81"
"2023","1","Santa Fe","0,51","335"
"2023","1","Santa Fe","61","303"
"2023","1","Santa Fe","6,4","35.799"
"2023","1","Santa Fe","6,7","740"
"2023","1","Santa Fe","7,5","5.739"
"2023","1","Santa Fe","0,75","101"
"2023","1","Santa Fe","77","51"
"2023","1","Santa Fe","81","1.807"
"2023","1","Santa Fe","97","1"
"2023","1","Santa Fe","100","30"
"2023","1","Santa Fe","10,1","161.907"
"2023","1","Santa Fe","122","832"
"2023","1","Santa Fe","12,3","1.139"
"2023","1","Santa Fe","145","1"
"2023","1","Santa Fe","155","2.825"
"2023","1","Santa Fe","203","9.363"
"2023","1","Santa Fe","20,5","50.012"
"2023","1","Santa Fe","25,1","8.809"
"2023","1","Santa Fe","256","468"
"2023","1","Santa Fe","320","138.244"
"2023","1","Santa Fe","450","2.041"
"2023","1","Santa Fe","473","1"
"2023","1","Santa Fe","50,1","141.020"
"2023","1","Santa Fe","512","12.699"
"2023","1","Santa Fe","640","448"
"2023","1","Santa Fe","768","1"
"2023","1","Santa Fe","850","14"
"2023","1","Santa Fe","100,1","167.110"
"2023","1","Santa Fe","1024","275"
"2023","1","Santa Fe","50,25","4"
"2023","1","Santiago Del Estero","1","908"
"2023","1","Santiago Del Estero","2","307"
"2023","1","Santiago Del Estero","6","418"
"2023","1","Santiago Del Estero","9","86"
"2023","1","Santiago Del Estero","1,2","278"
"2023","1","Santiago Del Estero","16","476"
"2023","1","Santiago Del Estero","2,2","380"
"2023","1","Santiago Del Estero","0,26","993"
"2023","1","Santiago Del Estero","31","717"
"2023","1","Santiago Del Estero","3,2","7.313"
"2023","1","Santiago Del Estero","41","41"
"2023","1","Santiago Del Estero","4,5","1.220"
"2023","1","Santiago Del Estero","0,51","39"
"2023","1","Santiago Del Estero","61","1"
"2023","1","Santiago Del Estero","6,4","11.913"
"2023","1","Santiago Del Estero","7,5","1.273"
"2023","1","Santiago Del Estero","0,75","139"
"2023","1","Santiago Del Estero","10,1","55.830"
"2023","1","Santiago Del Estero","12,3","16.231"
"2023","1","Santiago Del Estero","20,5","4.570"
"2023","1","Santiago Del Estero","25,1","17"
"2023","1","Santiago Del Estero","320","7.435"
"2023","1","Santiago Del Estero","50,1","1.020"
"2023","1","Santiago Del Estero","512","724"
"2023","1","Santiago Del Estero","100,1","6.215"
"2023","1","Santiago Del Estero","1024","11"
"2023","1","Tierra Del Fuego","1","318"
"2023","1","Tierra Del Fuego","4","3.740"
"2023","1","Tierra Del Fuego","6","414"
"2023","1","Tierra Del Fuego","9","8.517"
"2023","1","Tierra Del Fuego","10","9"
"2023","1","Tierra Del Fuego","1,2","513"
"2023","1","Tierra Del Fuego","16","9.133"
"2023","1","Tierra Del Fuego","19","236"
"2023","1","Tierra Del Fuego","2,2","1"
"2023","1","Tierra Del Fuego","25","193"
"2023","1","Tierra Del Fuego","0,26","4.575"
"2023","1","Tierra Del Fuego","31","290"
"2023","1","Tierra Del Fuego","3,2","3"
"2023","1","Tierra Del Fuego","36","156"
"2023","1","Tierra Del Fuego","41","111"
"2023","1","Tierra Del Fuego","4,5","2.024"
"2023","1","Tierra Del Fuego","0,51","11"
"2023","1","Tierra Del Fuego","61","56"
"2023","1","Tierra Del Fuego","6,4","4.762"
"2023","1","Tierra Del Fuego","0,75","11"
"2023","1","Tierra Del Fuego","10,1","4.522"
"2023","1","Tierra Del Fuego","12,3","11.805"
"2023","1","Tierra Del Fuego","155","33"
"2023","1","Tierra Del Fuego","203","1"
"2023","1","Tierra Del Fuego","20,5","174"
"2023","1","Tierra Del Fuego","25,1","3.511"
"2023","1","Tierra Del Fuego","320","339"
"2023","1","Tierra Del Fuego","50,1","1.482"
"2023","1","Tierra Del Fuego","100,1","172"
"2023","1","Tierra Del Fuego","1075","1"
"2023","1","Tucumán","4","2.271"
"2023","1","Tucumán","6","1.225"
"2023","1","Tucumán","9","146"
"2023","1","Tucumán","10","8"
"2023","1","Tucumán","1,2","1.237"
"2023","1","Tucumán","14","1"
"2023","1","Tucumán","16","2.876"
"2023","1","Tucumán","2,2","118"
"2023","1","Tucumán","23","1"
"2023","1","Tucumán","25","564"
"2023","1","Tucumán","0,26","15.126"
"2023","1","Tucumán","31","1.089"
"2023","1","Tucumán","3,2","6.529"
"2023","1","Tucumán","36","12"
"2023","1","Tucumán","41","3"
"2023","1","Tucumán","4,5","448"
"2023","1","Tucumán","0,51","19"
"2023","1","Tucumán","61","1"
"2023","1","Tucumán","6,4","12.788"
"2023","1","Tucumán","71","1"
"2023","1","Tucumán","7,5","158"
"2023","1","Tucumán","0,75","20"
"2023","1","Tucumán","10,1","29.317"
"2023","1","Tucumán","12,3","12.131"
"2023","1","Tucumán","165","1"
"2023","1","Tucumán","203","3"
"2023","1","Tucumán","20,5","10.557"
"2023","1","Tucumán","25,1","69"
"2023","1","Tucumán","320","39.051"
"2023","1","Tucumán","50,1","61.656"
"2023","1","Tucumán","512","3.453"
"2023","1","Tucumán","640","265"
"2023","1","Tucumán","700","1"
"2023","1","Tucumán","100,1","59.929"
"2023","1","Tucumán","1024","26"
"2022","4","Buenos Aires","1","4.611"
"2022","4","Buenos Aires","2","141"
"2022","4","Buenos Aires","4","41.976"
"2022","4","Buenos Aires","5","65"
"2022","4","Buenos Aires","6","32.973"
"2022","4","Buenos Aires","8","984"
"2022","4","Buenos Aires","9","64.913"
"2022","4","Buenos Aires","10","517"
"2022","4","Buenos Aires","12","10"
"2022","4","Buenos Aires","1,2","18.736"
"2022","4","Buenos Aires","14","212"
"2022","4","Buenos Aires","15","44"
"2022","4","Buenos Aires","16","85.876"
"2022","4","Buenos Aires","17","258"
"2022","4","Buenos Aires","18","2"
"2022","4","Buenos Aires","19","161"
"2022","4","Buenos Aires","22","3"
"2022","4","Buenos Aires","2,2","21.152"
"2022","4","Buenos Aires","23","1"
"2022","4","Buenos Aires","24","18"
"2022","4","Buenos Aires","25","88"
"2022","4","Buenos Aires","0,26","97.634"
"2022","4","Buenos Aires","31","777.236"
"2022","4","Buenos Aires","32","1.610"
"2022","4","Buenos Aires","3,2","53.034"
"2022","4","Buenos Aires","34","16"
"2022","4","Buenos Aires","35","1"
"2022","4","Buenos Aires","36","1.365"
"2022","4","Buenos Aires","37","4"
"2022","4","Buenos Aires","0,38","18"
"2022","4","Buenos Aires","41","3.790"
"2022","4","Buenos Aires","45","9"
"2022","4","Buenos Aires","4,5","14.269"
"2022","4","Buenos Aires","49","777"
"2022","4","Buenos Aires","50","1"
"2022","4","Buenos Aires","0,51","28.724"
"2022","4","Buenos Aires","56","113"
"2022","4","Buenos Aires","59","1"
"2022","4","Buenos Aires","60","59"
"2022","4","Buenos Aires","61","435.439"
"2022","4","Buenos Aires","62","78"
"2022","4","Buenos Aires","63","1"
"2022","4","Buenos Aires","6,4","96.230"
"2022","4","Buenos Aires","66","14"
"2022","4","Buenos Aires","6,7","26"
"2022","4","Buenos Aires","71","5.655"
"2022","4","Buenos Aires","7,5","10.945"
"2022","4","Buenos Aires","0,75","192"
"2022","4","Buenos Aires","77","90.796"
"2022","4","Buenos Aires","80","2"
"2022","4","Buenos Aires","81","8.252"
"2022","4","Buenos Aires","82","1"
"2022","4","Buenos Aires","90","14"
"2022","4","Buenos Aires","91","3"
"2022","4","Buenos Aires","95","3"
"2022","4","Buenos Aires","10,1","204.191"
"2022","4","Buenos Aires","122","454"
"2022","4","Buenos Aires","12,3","22.677"
"2022","4","Buenos Aires","126","2"
"2022","4","Buenos Aires","127","1"
"2022","4","Buenos Aires","155","230.265"
"2022","4","Buenos Aires","160","1"
"2022","4","Buenos Aires","164","1.213"
"2022","4","Buenos Aires","203","7.109"
"2022","4","Buenos Aires","20,5","135.315"
"2022","4","Buenos Aires","220","1"
"2022","4","Buenos Aires","240","39"
"2022","4","Buenos Aires","246","938"
"2022","4","Buenos Aires","25,1","40.387"
"2022","4","Buenos Aires","256","210"
"2022","4","Buenos Aires","270","13"
"2022","4","Buenos Aires","320","680.461"
"2022","4","Buenos Aires","325","27"
"2022","4","Buenos Aires","350","4"
"2022","4","Buenos Aires","450","936"
"2022","4","Buenos Aires","500","5"
"2022","4","Buenos Aires","50,1","463.798"
"2022","4","Buenos Aires","512","105.237"
"2022","4","Buenos Aires","520","647"
"2022","4","Buenos Aires","640","408"
"2022","4","Buenos Aires","850","546"
"2022","4","Buenos Aires","999","1"
"2022","4","Buenos Aires","100,1","959.951"
"2022","4","Buenos Aires","1024","40.775"
"2022","4","CABA","1","1.307"
"2022","4","CABA","4","11.975"
"2022","4","CABA","6","3.427"
"2022","4","CABA","9","16.652"
"2022","4","CABA","10","3"
"2022","4","CABA","12","5"
"2022","4","CABA","1,2","3.789"
"2022","4","CABA","16","29.692"
"2022","4","CABA","17","5"
"2022","4","CABA","22","1"
"2022","4","CABA","2,2","286"
"2022","4","CABA","0,26","106.772"
"2022","4","CABA","31","58.801"
"2022","4","CABA","3,2","3.564"
"2022","4","CABA","36","9"
"2022","4","CABA","0,38","31"
"2022","4","CABA","40","30"
"2022","4","CABA","41","122"
"2022","4","CABA","4,5","991"
"2022","4","CABA","0,51","451"
"2022","4","CABA","56","1"
"2022","4","CABA","61","105.156"
"2022","4","CABA","6,4","11.077"
"2022","4","CABA","67","1"
"2022","4","CABA","71","15"
"2022","4","CABA","7,5","7"
"2022","4","CABA","0,75","34"
"2022","4","CABA","77","28.406"
"2022","4","CABA","81","8"
"2022","4","CABA","10,1","47.991"
"2022","4","CABA","120","1"
"2022","4","CABA","122","14"
"2022","4","CABA","12,3","12"
"2022","4","CABA","126","5"
"2022","4","CABA","131","1"
"2022","4","CABA","155","71.077"
"2022","4","CABA","164","5"
"2022","4","CABA","203","2.719"
"2022","4","CABA","20,5","6.622"
"2022","4","CABA","225","1"
"2022","4","CABA","234","1"
"2022","4","CABA","25,1","2.370"
"2022","4","CABA","256","1.425"
"2022","4","CABA","300","1"
"2022","4","CABA","320","449.001"
"2022","4","CABA","330","2"
"2022","4","CABA","450","2"
"2022","4","CABA","50,1","76.732"
"2022","4","CABA","512","90.932"
"2022","4","CABA","768","1"
"2022","4","CABA","850","1"
"2022","4","CABA","100,1","403.684"
"2022","4","CABA","1024","16.708"
"2022","4","Catamarca","6","71"
"2022","4","Catamarca","1,2","315"
"2022","4","Catamarca","16","742"
"2022","4","Catamarca","2,2","115"
"2022","4","Catamarca","25","2.228"
"2022","4","Catamarca","0,26","2.280"
"2022","4","Catamarca","31","893"
"2022","4","Catamarca","3,2","979"
"2022","4","Catamarca","0,51","34"
"2022","4","Catamarca","6,4","1.551"
"2022","4","Catamarca","7,5","1"
"2022","4","Catamarca","0,75","37"
"2022","4","Catamarca","10,1","5.027"
"2022","4","Catamarca","12,3","407"
"2022","4","Catamarca","203","42"
"2022","4","Catamarca","20,5","3.489"
"2022","4","Catamarca","25,1","1"
"2022","4","Catamarca","320","7.692"
"2022","4","Catamarca","50,1","30.388"
"2022","4","Catamarca","512","481"
"2022","4","Catamarca","100,1","14.136"
"2022","4","Chaco","4","167"
"2022","4","Chaco","0,5","111"
"2022","4","Chaco","6","3.588"
"2022","4","Chaco","9","702"
"2022","4","Chaco","10","1"
"2022","4","Chaco","1,2","660"
"2022","4","Chaco","1,5","25"
"2022","4","Chaco","16","2.808"
"2022","4","Chaco","2,2","780"
"2022","4","Chaco","0,26","3.909"
"2022","4","Chaco","31","2.303"
"2022","4","Chaco","3,2","3.909"
"2022","4","Chaco","41","18"
"2022","4","Chaco","4,5","385"
"2022","4","Chaco","0,51","234"
"2022","4","Chaco","0,63","225"
"2022","4","Chaco","6,4","7.213"
"2022","4","Chaco","7,5","106"
"2022","4","Chaco","0,75","2"
"2022","4","Chaco","10,1","17.037"
"2022","4","Chaco","122","605"
"2022","4","Chaco","12,3","137"
"2022","4","Chaco","203","1.126"
"2022","4","Chaco","20,5","3.759"
"2022","4","Chaco","25,1","747"
"2022","4","Chaco","256","213"
"2022","4","Chaco","320","23.573"
"2022","4","Chaco","50,1","27.538"
"2022","4","Chaco","512","2.636"
"2022","4","Chaco","100,1","39.097"
"2022","4","Chaco","1024","48"
"2022","4","Chaco","50,25","1"
"2022","4","Chubut","1","836"
"2022","4","Chubut","4","11.441"
"2022","4","Chubut","6","2.407"
"2022","4","Chubut","9","12.646"
"2022","4","Chubut","10","151"
"2022","4","Chubut","12","1"
"2022","4","Chubut","1,2","778"
"2022","4","Chubut","15","32"
"2022","4","Chubut","16","18.677"
"2022","4","Chubut","2,2","5.910"
"2022","4","Chubut","25","2.967"
"2022","4","Chubut","0,26","20.026"
"2022","4","Chubut","31","9.658"
"2022","4","Chubut","3,2","5.397"
"2022","4","Chubut","0,38","8"
"2022","4","Chubut","41","18"
"2022","4","Chubut","4,5","5.571"
"2022","4","Chubut","49","140"
"2022","4","Chubut","0,51","69"
"2022","4","Chubut","6,4","15.731"
"2022","4","Chubut","7,5","155"
"2022","4","Chubut","0,75","32"
"2022","4","Chubut","10,1","18.055"
"2022","4","Chubut","12,3","14.445"
"2022","4","Chubut","203","1"
"2022","4","Chubut","20,5","1.573"
"2022","4","Chubut","25,1","4.134"
"2022","4","Chubut","320","26"
"2022","4","Chubut","50,1","17.350"
"2022","4","Chubut","100,1","524"
"2022","4","Córdoba","1","83"
"2022","4","Córdoba","2","7"
"2022","4","Córdoba","4","4.897"
"2022","4","Córdoba","6","7.765"
"2022","4","Córdoba","7","7"
"2022","4","Córdoba","9","13.784"
"2022","4","Córdoba","10","1.761"
"2022","4","Córdoba","12","87"
"2022","4","Córdoba","1,2","9.846"
"2022","4","Córdoba","13","10"
"2022","4","Córdoba","14","35"
"2022","4","Córdoba","15","10"
"2022","4","Córdoba","16","25.249"
"2022","4","Córdoba","17","134"
"2022","4","Córdoba","19","58"
"2022","4","Córdoba","21","1"
"2022","4","Córdoba","22","3"
"2022","4","Córdoba","2,2","8.156"
"2022","4","Córdoba","25","2"
"2022","4","Córdoba","2,5","21"
"2022","4","Córdoba","26","31"
"2022","4","Córdoba","0,26","17.610"
"2022","4","Córdoba","31","5.371"
"2022","4","Córdoba","3,2","35.410"
"2022","4","Córdoba","3,5","4"
"2022","4","Córdoba","36","8"
"2022","4","Córdoba","0,38","2"
"2022","4","Córdoba","41","218"
"2022","4","Córdoba","4,5","13.730"
"2022","4","Córdoba","51","23"
"2022","4","Córdoba","0,51","87"
"2022","4","Córdoba","52","6"
"2022","4","Córdoba","61","4.954"
"2022","4","Córdoba","6,4","73.542"
"2022","4","Córdoba","6,7","154"
"2022","4","Córdoba","71","6"
"2022","4","Córdoba","7,5","2.772"
"2022","4","Córdoba","0,75","10"
"2022","4","Córdoba","77","54"
"2022","4","Córdoba","10,1","89.871"
"2022","4","Córdoba","105","12"
"2022","4","Córdoba","10,6","70"
"2022","4","Córdoba","122","75"
"2022","4","Córdoba","12,3","8.527"
"2022","4","Córdoba","145","1"
"2022","4","Córdoba","155","16"
"2022","4","Córdoba","203","369"
"2022","4","Córdoba","20,5","28.939"
"2022","4","Córdoba","234","1"
"2022","4","Córdoba","25,1","15.300"
"2022","4","Córdoba","256","1"
"2022","4","Córdoba","320","199.876"
"2022","4","Córdoba","50,1","202.477"
"2022","4","Córdoba","512","25.138"
"2022","4","Córdoba","520","21"
"2022","4","Córdoba","640","63"
"2022","4","Córdoba","768","1"
"2022","4","Córdoba","900","1"
"2022","4","Córdoba","100,1","252.299"
"2022","4","Córdoba","1024","583"
"2022","4","Córdoba","25,11","111"
"2022","4","Corrientes","1","118"
"2022","4","Corrientes","4","480"
"2022","4","Corrientes","6","1.795"
"2022","4","Corrientes","9","4.584"
"2022","4","Corrientes","1,2","3.164"
"2022","4","Corrientes","16","1.773"
"2022","4","Corrientes","17","1.108"
"2022","4","Corrientes","2,2","2.959"
"2022","4","Corrientes","0,26","7.998"
"2022","4","Corrientes","31","3.359"
"2022","4","Corrientes","3,2","6.371"
"2022","4","Corrientes","34","1"
"2022","4","Corrientes","4,5","1.738"
"2022","4","Corrientes","0,51","10"
"2022","4","Corrientes","6,4","9.304"
"2022","4","Corrientes","0,75","57"
"2022","4","Corrientes","10,1","20.274"
"2022","4","Corrientes","122","1.013"
"2022","4","Corrientes","12,3","2"
"2022","4","Corrientes","203","1.028"
"2022","4","Corrientes","20,5","4.142"
"2022","4","Corrientes","25,1","425"
"2022","4","Corrientes","256","298"
"2022","4","Corrientes","320","23.782"
"2022","4","Corrientes","50,1","25.837"
"2022","4","Corrientes","512","2.786"
"2022","4","Corrientes","100,1","30.979"
"2022","4","Corrientes","1024","68"
"2022","4","Entre Ríos","1","113"
"2022","4","Entre Ríos","4","390"
"2022","4","Entre Ríos","6","5.716"
"2022","4","Entre Ríos","9","2.400"
"2022","4","Entre Ríos","1,2","4.609"
"2022","4","Entre Ríos","16","4.657"
"2022","4","Entre Ríos","17","1"
"2022","4","Entre Ríos","19","1"
"2022","4","Entre Ríos","2,2","5.452"
"2022","4","Entre Ríos","25","1"
"2022","4","Entre Ríos","31","21.742"
"2022","4","Entre Ríos","3,2","9.830"
"2022","4","Entre Ríos","0,38","1"
"2022","4","Entre Ríos","4,5","2.610"
"2022","4","Entre Ríos","0,51","20"
"2022","4","Entre Ríos","61","51"
"2022","4","Entre Ríos","6,4","21.631"
"2022","4","Entre Ríos","7,5","1.139"
"2022","4","Entre Ríos","0,75","86"
"2022","4","Entre Ríos","10,1","43.161"
"2022","4","Entre Ríos","122","849"
"2022","4","Entre Ríos","12,3","2.828"
"2022","4","Entre Ríos","155","1"
"2022","4","Entre Ríos","203","531"
"2022","4","Entre Ríos","20,5","13.440"
"2022","4","Entre Ríos","25,1","758"
"2022","4","Entre Ríos","256","135"
"2022","4","Entre Ríos","320","43.529"
"2022","4","Entre Ríos","50,1","34.033"
"2022","4","Entre Ríos","512","4.317"
"2022","4","Entre Ríos","100,1","46.823"
"2022","4","Entre Ríos","1024","119"
"2022","4","Formosa","6","1.714"
"2022","4","Formosa","9","137"
"2022","4","Formosa","1,2","245"
"2022","4","Formosa","16","1.326"
"2022","4","Formosa","2,2","1.631"
"2022","4","Formosa","0,26","698"
"2022","4","Formosa","31","306"
"2022","4","Formosa","3,2","10.385"
"2022","4","Formosa","36","2"
"2022","4","Formosa","41","32"
"2022","4","Formosa","4,5","3.296"
"2022","4","Formosa","0,51","49"
"2022","4","Formosa","6,4","5.432"
"2022","4","Formosa","7,5","108"
"2022","4","Formosa","0,75","35"
"2022","4","Formosa","10,1","12.146"
"2022","4","Formosa","12,3","40"
"2022","4","Formosa","20,5","5.358"
"2022","4","Formosa","25,1","8"
"2022","4","Formosa","320","9.208"
"2022","4","Formosa","50,1","946"
"2022","4","Formosa","512","885"
"2022","4","Formosa","100,1","7.835"
"2022","4","Formosa","1024","18"
"2022","4","Jujuy","6","5.125"
"2022","4","Jujuy","9","1.114"
"2022","4","Jujuy","1,2","1.763"
"2022","4","Jujuy","16","642"
"2022","4","Jujuy","19","4"
"2022","4","Jujuy","2,2","1.639"
"2022","4","Jujuy","27","1"
"2022","4","Jujuy","31","305"
"2022","4","Jujuy","3,2","3.947"
"2022","4","Jujuy","4,5","3.364"
"2022","4","Jujuy","0,51","26"
"2022","4","Jujuy","6,4","4.577"
"2022","4","Jujuy","7,5","10"
"2022","4","Jujuy","0,75","32"
"2022","4","Jujuy","10,1","12.946"
"2022","4","Jujuy","12,3","23.494"
"2022","4","Jujuy","158","1"
"2022","4","Jujuy","180","1"
"2022","4","Jujuy","203","1"
"2022","4","Jujuy","20,5","12.290"
"2022","4","Jujuy","25,1","29"
"2022","4","Jujuy","320","3.346"
"2022","4","Jujuy","50,1","35.579"
"2022","4","Jujuy","512","387"
"2022","4","Jujuy","520","200"
"2022","4","Jujuy","100,1","7.387"
"2022","4","Jujuy","1024","8"
"2022","4","La Pampa","1","143"
"2022","4","La Pampa","2","185"
"2022","4","La Pampa","4","2.327"
"2022","4","La Pampa","6","2.291"
"2022","4","La Pampa","9","1.789"
"2022","4","La Pampa","1,2","1.544"
"2022","4","La Pampa","16","4.386"
"2022","4","La Pampa","2,2","3.218"
"2022","4","La Pampa","0,26","16.028"
"2022","4","La Pampa","31","4.477"
"2022","4","La Pampa","3,2","7.809"
"2022","4","La Pampa","36","1"
"2022","4","La Pampa","0,38","1"
"2022","4","La Pampa","41","123"
"2022","4","La Pampa","4,5","3.018"
"2022","4","La Pampa","0,51","6"
"2022","4","La Pampa","6,4","33.770"
"2022","4","La Pampa","7,5","516"
"2022","4","La Pampa","0,75","61"
"2022","4","La Pampa","81","18"
"2022","4","La Pampa","10,1","8.029"
"2022","4","La Pampa","120","3"
"2022","4","La Pampa","12,3","15"
"2022","4","La Pampa","20,5","4.766"
"2022","4","La Pampa","25,1","5"
"2022","4","La Pampa","320","276"
"2022","4","La Pampa","50,1","16.423"
"2022","4","La Pampa","512","25"
"2022","4","La Pampa","100,1","2.911"
"2022","4","La Rioja","6","163"
"2022","4","La Rioja","9","85"
"2022","4","La Rioja","12","22"
"2022","4","La Rioja","1,2","595"
"2022","4","La Rioja","16","475"
"2022","4","La Rioja","2,2","8"
"2022","4","La Rioja","25","519"
"2022","4","La Rioja","31","4.511"
"2022","4","La Rioja","3,2","735"
"2022","4","La Rioja","4,5","2"
"2022","4","La Rioja","0,51","9"
"2022","4","La Rioja","6,4","1.623"
"2022","4","La Rioja","0,75","9"
"2022","4","La Rioja","10,1","2.925"
"2022","4","La Rioja","12,3","15.802"
"2022","4","La Rioja","203","137"
"2022","4","La Rioja","20,5","8.136"
"2022","4","La Rioja","25,1","1"
"2022","4","La Rioja","320","5.925"
"2022","4","La Rioja","50,1","35.334"
"2022","4","La Rioja","512","544"
"2022","4","La Rioja","100,1","8.700"
"2022","4","La Rioja","1024","2"
"2022","4","Mendoza","1","737"
"2022","4","Mendoza","2","1.348"
"2022","4","Mendoza","4","10.699"
"2022","4","Mendoza","6","1.282"
"2022","4","Mendoza","9","10.780"
"2022","4","Mendoza","10","239"
"2022","4","Mendoza","1,2","2.217"
"2022","4","Mendoza","16","17.737"
"2022","4","Mendoza","2,2","3.217"
"2022","4","Mendoza","25","8.547"
"2022","4","Mendoza","0,26","21.144"
"2022","4","Mendoza","31","52.398"
"2022","4","Mendoza","3,2","3.647"
"2022","4","Mendoza","37","14"
"2022","4","Mendoza","0,38","1"
"2022","4","Mendoza","41","24"
"2022","4","Mendoza","4,5","1.660"
"2022","4","Mendoza","46","1"
"2022","4","Mendoza","0,51","86"
"2022","4","Mendoza","61","1"
"2022","4","Mendoza","6,4","13.688"
"2022","4","Mendoza","71","2"
"2022","4","Mendoza","7,5","1.092"
"2022","4","Mendoza","0,75","16"
"2022","4","Mendoza","77","1"
"2022","4","Mendoza","91","1"
"2022","4","Mendoza","10,1","8.244"
"2022","4","Mendoza","12,3","9.392"
"2022","4","Mendoza","203","15"
"2022","4","Mendoza","20,5","8.806"
"2022","4","Mendoza","25,1","134"
"2022","4","Mendoza","320","3.816"
"2022","4","Mendoza","450","1"
"2022","4","Mendoza","50,1","90.754"
"2022","4","Mendoza","512","268"
"2022","4","Mendoza","100,1","20.091"
"2022","4","Mendoza","1024","4"
"2022","4","Misiones","4","4"
"2022","4","Misiones","6","6.349"
"2022","4","Misiones","9","45"
"2022","4","Misiones","10","4"
"2022","4","Misiones","12","4"
"2022","4","Misiones","1,2","3.510"
"2022","4","Misiones","15","2"
"2022","4","Misiones","16","3.261"
"2022","4","Misiones","17","1"
"2022","4","Misiones","19","1"
"2022","4","Misiones","2,2","11.038"
"2022","4","Misiones","0,26","8.590"
"2022","4","Misiones","31","3.198"
"2022","4","Misiones","3,2","4.823"
"2022","4","Misiones","41","71"
"2022","4","Misiones","4,5","1.564"
"2022","4","Misiones","46","264"
"2022","4","Misiones","0,51","47"
"2022","4","Misiones","61","19"
"2022","4","Misiones","6,4","11.844"
"2022","4","Misiones","7,5","2.143"
"2022","4","Misiones","0,75","4"
"2022","4","Misiones","77","553"
"2022","4","Misiones","10,1","19.181"
"2022","4","Misiones","122","474"
"2022","4","Misiones","12,3","120"
"2022","4","Misiones","203","4.040"
"2022","4","Misiones","20,5","8.807"
"2022","4","Misiones","25,1","3"
"2022","4","Misiones","256","132"
"2022","4","Misiones","320","26.295"
"2022","4","Misiones","50,1","26.752"
"2022","4","Misiones","512","2.470"
"2022","4","Misiones","100,1","40.599"
"2022","4","Misiones","1024","57"
"2022","4","Neuquén","1","458"
"2022","4","Neuquén","4","10.737"
"2022","4","Neuquén","6","9.144"
"2022","4","Neuquén","9","6.292"
"2022","4","Neuquén","1,2","536"
"2022","4","Neuquén","15","1"
"2022","4","Neuquén","16","4.788"
"2022","4","Neuquén","2,2","1.677"
"2022","4","Neuquén","0,26","2.250"
"2022","4","Neuquén","31","17.332"
"2022","4","Neuquén","3,2","6.634"
"2022","4","Neuquén","41","65"
"2022","4","Neuquén","4,5","1.476"
"2022","4","Neuquén","0,51","62"
"2022","4","Neuquén","61","8"
"2022","4","Neuquén","6,4","9.146"
"2022","4","Neuquén","65","4"
"2022","4","Neuquén","7,5","276"
"2022","4","Neuquén","0,75","106"
"2022","4","Neuquén","81","1.027"
"2022","4","Neuquén","10,1","7.392"
"2022","4","Neuquén","12,3","2.177"
"2022","4","Neuquén","155","204"
"2022","4","Neuquén","203","37"
"2022","4","Neuquén","20,5","6.042"
"2022","4","Neuquén","25,1","59"
"2022","4","Neuquén","256","1"
"2022","4","Neuquén","320","27.272"
"2022","4","Neuquén","450","12"
"2022","4","Neuquén","50,1","11.443"
"2022","4","Neuquén","512","4.300"
"2022","4","Neuquén","100,1","29.142"
"2022","4","Neuquén","1024","80"
"2022","4","Río Negro","1","501"
"2022","4","Río Negro","4","7.796"
"2022","4","Río Negro","6","2.072"
"2022","4","Río Negro","9","9.287"
"2022","4","Río Negro","10","1"
"2022","4","Río Negro","12","18"
"2022","4","Río Negro","1,2","580"
"2022","4","Río Negro","16","9.470"
"2022","4","Río Negro","19","3"
"2022","4","Río Negro","2,2","2.759"
"2022","4","Río Negro","0,26","29.644"
"2022","4","Río Negro","31","5.433"
"2022","4","Río Negro","3,2","6.519"
"2022","4","Río Negro","41","104"
"2022","4","Río Negro","4,5","2.815"
"2022","4","Río Negro","0,51","36"
"2022","4","Río Negro","61","184"
"2022","4","Río Negro","6,4","10.092"
"2022","4","Río Negro","0,75","75"
"2022","4","Río Negro","81","152"
"2022","4","Río Negro","91","9.140"
"2022","4","Río Negro","10,1","4.643"
"2022","4","Río Negro","120","1"
"2022","4","Río Negro","122","103"
"2022","4","Río Negro","12,3","3.719"
"2022","4","Río Negro","125","34"
"2022","4","Río Negro","155","1"
"2022","4","Río Negro","200","348"
"2022","4","Río Negro","203","9"
"2022","4","Río Negro","20,5","7.232"
"2022","4","Río Negro","25,1","7.131"
"2022","4","Río Negro","256","261"
"2022","4","Río Negro","320","16.972"
"2022","4","Río Negro","340","84"
"2022","4","Río Negro","50,1","5.289"
"2022","4","Río Negro","512","1.385"
"2022","4","Río Negro","540","40"
"2022","4","Río Negro","600","42"
"2022","4","Río Negro","945","110"
"2022","4","Río Negro","100,1","17.974"
"2022","4","Río Negro","1024","33"
"2022","4","Salta","1","1"
"2022","4","Salta","4","8"
"2022","4","Salta","6","4.858"
"2022","4","Salta","9","6.872"
"2022","4","Salta","1,2","1.196"
"2022","4","Salta","16","2.032"
"2022","4","Salta","19","4"
"2022","4","Salta","2,2","1.537"
"2022","4","Salta","25","11"
"2022","4","Salta","0,26","6.747"
"2022","4","Salta","28","1"
"2022","4","Salta","31","120"
"2022","4","Salta","3,2","6.806"
"2022","4","Salta","41","74"
"2022","4","Salta","4,5","8.242"
"2022","4","Salta","0,51","41"
"2022","4","Salta","6,4","10.079"
"2022","4","Salta","7,5","303"
"2022","4","Salta","0,75","73"
"2022","4","Salta","10,1","63.930"
"2022","4","Salta","122","357"
"2022","4","Salta","12,3","72"
"2022","4","Salta","20,5","2.927"
"2022","4","Salta","246","98"
"2022","4","Salta","25,1","1"
"2022","4","Salta","320","27.356"
"2022","4","Salta","450","79"
"2022","4","Salta","50,1","28.164"
"2022","4","Salta","512","2.486"
"2022","4","Salta","850","75"
"2022","4","Salta","100,1","31.271"
"2022","4","Salta","1024","39"
"2022","4","San Juan","1","723"
"2022","4","San Juan","4","11.509"
"2022","4","San Juan","6","2.062"
"2022","4","San Juan","9","9.391"
"2022","4","San Juan","10","28"
"2022","4","San Juan","1,2","1.304"
"2022","4","San Juan","16","10.662"
"2022","4","San Juan","2,2","1.398"
"2022","4","San Juan","25","6.748"
"2022","4","San Juan","0,26","11.840"
"2022","4","San Juan","31","10.700"
"2022","4","San Juan","3,2","11.491"
"2022","4","San Juan","41","3"
"2022","4","San Juan","4,5","860"
"2022","4","San Juan","0,51","21"
"2022","4","San Juan","61","1"
"2022","4","San Juan","6,4","2.749"
"2022","4","San Juan","7,5","1.136"
"2022","4","San Juan","0,75","3"
"2022","4","San Juan","10,1","692"
"2022","4","San Juan","12,3","8.892"
"2022","4","San Juan","20,5","886"
"2022","4","San Juan","25,1","811"
"2022","4","San Juan","320","15"
"2022","4","San Juan","50,1","9.500"
"2022","4","San Juan","100,1","401"
"2022","4","San Luis","1","163"
"2022","4","San Luis","4","1.418"
"2022","4","San Luis","6","319"
"2022","4","San Luis","9","2.622"
"2022","4","San Luis","10","504"
"2022","4","San Luis","1,2","461"
"2022","4","San Luis","16","1.836"
"2022","4","San Luis","2,2","491"
"2022","4","San Luis","0,26","3.353"
"2022","4","San Luis","31","132"
"2022","4","San Luis","3,2","2.780"
"2022","4","San Luis","41","35"
"2022","4","San Luis","47","3"
"2022","4","San Luis","0,51","59"
"2022","4","San Luis","6,4","6.777"
"2022","4","San Luis","7,5","94"
"2022","4","San Luis","0,75","1"
"2022","4","San Luis","10,1","21.464"
"2022","4","San Luis","12,3","10.615"
"2022","4","San Luis","20,5","1.530"
"2022","4","San Luis","25,1","78.376"
"2022","4","San Luis","50,1","470"
"2022","4","San Luis","512","20"
"2022","4","San Luis","100,1","149"
"2022","4","San Luis","1024","1.548"
"2022","4","Santa Cruz","1","218"
"2022","4","Santa Cruz","4","2.001"
"2022","4","Santa Cruz","6","1.840"
"2022","4","Santa Cruz","9","2.324"
"2022","4","Santa Cruz","10","9"
"2022","4","Santa Cruz","1,2","6.592"
"2022","4","Santa Cruz","16","4.388"
"2022","4","Santa Cruz","19","725"
"2022","4","Santa Cruz","2,2","2.106"
"2022","4","Santa Cruz","25","92"
"2022","4","Santa Cruz","0,26","1.048"
"2022","4","Santa Cruz","31","2.240"
"2022","4","Santa Cruz","3,2","2.535"
"2022","4","Santa Cruz","36","516"
"2022","4","Santa Cruz","0,38","3"
"2022","4","Santa Cruz","41","34"
"2022","4","Santa Cruz","4,5","826"
"2022","4","Santa Cruz","0,51","26"
"2022","4","Santa Cruz","6,4","2.308"
"2022","4","Santa Cruz","7,5","16"
"2022","4","Santa Cruz","0,75","22"
"2022","4","Santa Cruz","77","166"
"2022","4","Santa Cruz","10,1","9.160"
"2022","4","Santa Cruz","12,3","2.317"
"2022","4","Santa Cruz","20,5","2.944"
"2022","4","Santa Cruz","25,1","911"
"2022","4","Santa Cruz","50,1","4.626"
"2022","4","Santa Cruz","100,1","210"
"2022","4","Santa Fe","1","5"
"2022","4","Santa Fe","4","172"
"2022","4","Santa Fe","6","21.980"
"2022","4","Santa Fe","9","10.235"
"2022","4","Santa Fe","10","1.441"
"2022","4","Santa Fe","1,2","9.369"
"2022","4","Santa Fe","14","135"
"2022","4","Santa Fe","16","19.066"
"2022","4","Santa Fe","17","60"
"2022","4","Santa Fe","19","8"
"2022","4","Santa Fe","2,2","9.620"
"2022","4","Santa Fe","25","39"
"2022","4","Santa Fe","0,26","18.340"
"2022","4","Santa Fe","31","14.216"
"2022","4","Santa Fe","3,2","33.069"
"2022","4","Santa Fe","36","17"
"2022","4","Santa Fe","37","18"
"2022","4","Santa Fe","0,38","32"
"2022","4","Santa Fe","39","2"
"2022","4","Santa Fe","41","936"
"2022","4","Santa Fe","4,5","5.862"
"2022","4","Santa Fe","46","81"
"2022","4","Santa Fe","0,51","335"
"2022","4","Santa Fe","61","303"
"2022","4","Santa Fe","6,4","45.064"
"2022","4","Santa Fe","7,5","5.727"
"2022","4","Santa Fe","0,75","101"
"2022","4","Santa Fe","77","51"
"2022","4","Santa Fe","81","1.807"
"2022","4","Santa Fe","97","1"
"2022","4","Santa Fe","10,1","177.017"
"2022","4","Santa Fe","122","827"
"2022","4","Santa Fe","12,3","3.200"
"2022","4","Santa Fe","145","1"
"2022","4","Santa Fe","155","2.818"
"2022","4","Santa Fe","203","8.744"
"2022","4","Santa Fe","20,5","50.876"
"2022","4","Santa Fe","25,1","8.787"
"2022","4","Santa Fe","256","309"
"2022","4","Santa Fe","320","141.659"
"2022","4","Santa Fe","450","393"
"2022","4","Santa Fe","473","1"
"2022","4","Santa Fe","50,1","128.781"
"2022","4","Santa Fe","512","13.945"
"2022","4","Santa Fe","640","1"
"2022","4","Santa Fe","768","1"
"2022","4","Santa Fe","850","14"
"2022","4","Santa Fe","100,1","151.980"
"2022","4","Santa Fe","1024","241"
"2022","4","Santa Fe","50,25","4"
"2022","4","Santiago Del Estero","1","908"
"2022","4","Santiago Del Estero","2","307"
"2022","4","Santiago Del Estero","6","419"
"2022","4","Santiago Del Estero","9","86"
"2022","4","Santiago Del Estero","1,2","359"
"2022","4","Santiago Del Estero","16","533"
"2022","4","Santiago Del Estero","2,2","380"
"2022","4","Santiago Del Estero","0,26","989"
"2022","4","Santiago Del Estero","31","643"
"2022","4","Santiago Del Estero","3,2","10.355"
"2022","4","Santiago Del Estero","41","36"
"2022","4","Santiago Del Estero","4,5","1.220"
"2022","4","Santiago Del Estero","0,51","39"
"2022","4","Santiago Del Estero","6,4","13.502"
"2022","4","Santiago Del Estero","7,5","1.346"
"2022","4","Santiago Del Estero","0,75","139"
"2022","4","Santiago Del Estero","10,1","56.704"
"2022","4","Santiago Del Estero","12,3","13.163"
"2022","4","Santiago Del Estero","20,5","4.039"
"2022","4","Santiago Del Estero","25,1","18"
"2022","4","Santiago Del Estero","320","7.102"
"2022","4","Santiago Del Estero","50,1","935"
"2022","4","Santiago Del Estero","512","741"
"2022","4","Santiago Del Estero","100,1","5.521"
"2022","4","Santiago Del Estero","1024","10"
"2022","4","Tierra Del Fuego","1","318"
"2022","4","Tierra Del Fuego","4","3.740"
"2022","4","Tierra Del Fuego","6","410"
"2022","4","Tierra Del Fuego","9","8.890"
"2022","4","Tierra Del Fuego","10","9"
"2022","4","Tierra Del Fuego","1,2","584"
"2022","4","Tierra Del Fuego","16","8.957"
"2022","4","Tierra Del Fuego","19","257"
"2022","4","Tierra Del Fuego","2,2","1"
"2022","4","Tierra Del Fuego","25","187"
"2022","4","Tierra Del Fuego","0,26","2.264"
"2022","4","Tierra Del Fuego","31","306"
"2022","4","Tierra Del Fuego","3,2","462"
"2022","4","Tierra Del Fuego","36","87"
"2022","4","Tierra Del Fuego","41","96"
"2022","4","Tierra Del Fuego","4,5","2.004"
"2022","4","Tierra Del Fuego","0,51","11"
"2022","4","Tierra Del Fuego","61","48"
"2022","4","Tierra Del Fuego","6,4","5.032"
"2022","4","Tierra Del Fuego","0,75","11"
"2022","4","Tierra Del Fuego","10,1","4.735"
"2022","4","Tierra Del Fuego","12,3","12.055"
"2022","4","Tierra Del Fuego","155","33"
"2022","4","Tierra Del Fuego","20,5","96"
"2022","4","Tierra Del Fuego","25,1","3.154"
"2022","4","Tierra Del Fuego","320","259"
"2022","4","Tierra Del Fuego","50,1","1.126"
"2022","4","Tierra Del Fuego","100,1","127"
"2022","4","Tierra Del Fuego","1075","1"
"2022","4","Tucumán","4","2.271"
"2022","4","Tucumán","6","1.200"
"2022","4","Tucumán","9","146"
"2022","4","Tucumán","10","123"
"2022","4","Tucumán","1,2","1.562"
"2022","4","Tucumán","14","1"
"2022","4","Tucumán","16","2.260"
"2022","4","Tucumán","2,2","118"
"2022","4","Tucumán","23","1"
"2022","4","Tucumán","25","138"
"2022","4","Tucumán","0,26","15.118"
"2022","4","Tucumán","31","1.121"
"2022","4","Tucumán","3,2","7.621"
"2022","4","Tucumán","36","2"
"2022","4","Tucumán","41","3"
"2022","4","Tucumán","4,5","347"
"2022","4","Tucumán","0,51","19"
"2022","4","Tucumán","61","1"
"2022","4","Tucumán","6,4","18.439"
"2022","4","Tucumán","71","1"
"2022","4","Tucumán","7,5","157"
"2022","4","Tucumán","0,75","20"
"2022","4","Tucumán","10,1","34.999"
"2022","4","Tucumán","12,3","12.087"
"2022","4","Tucumán","165","1"
"2022","4","Tucumán","203","3"
"2022","4","Tucumán","20,5","12.021"
"2022","4","Tucumán","25,1","115"
"2022","4","Tucumán","320","35.619"
"2022","4","Tucumán","50,1","59.442"
"2022","4","Tucumán","512","3.593"
"2022","4","Tucumán","700","1"
"2022","4","Tucumán","100,1","54.843"
"2022","4","Tucumán","1024","29"
"2022","3","Buenos Aires","1","4.611"
"2022","3","Buenos Aires","2","141"
"2022","3","Buenos Aires","4","41.735"
"2022","3","Buenos Aires","5","83"
"2022","3","Buenos Aires","6","27.327"
"2022","3","Buenos Aires","8","53"
"2022","3","Buenos Aires","9","63.826"
"2022","3","Buenos Aires","10","688"
"2022","3","Buenos Aires","12","10"
"2022","3","Buenos Aires","1,2","17.899"
"2022","3","Buenos Aires","14","238"
"2022","3","Buenos Aires","15","149"
"2022","3","Buenos Aires","16","94.414"
"2022","3","Buenos Aires","17","231"
"2022","3","Buenos Aires","18","2"
"2022","3","Buenos Aires","19","1.080"
"2022","3","Buenos Aires","22","2"
"2022","3","Buenos Aires","2,2","19.520"
"2022","3","Buenos Aires","23","1"
"2022","3","Buenos Aires","24","20"
"2022","3","Buenos Aires","25","106"
"2022","3","Buenos Aires","0,26","125.147"
"2022","3","Buenos Aires","31","782.651"
"2022","3","Buenos Aires","32","1.611"
"2022","3","Buenos Aires","3,2","43.554"
"2022","3","Buenos Aires","34","16"
"2022","3","Buenos Aires","36","1.373"
"2022","3","Buenos Aires","37","30"
"2022","3","Buenos Aires","0,38","18"
"2022","3","Buenos Aires","41","5.574"
"2022","3","Buenos Aires","45","9"
"2022","3","Buenos Aires","4,5","13.365"
"2022","3","Buenos Aires","49","659"
"2022","3","Buenos Aires","50","1"
"2022","3","Buenos Aires","0,51","25.815"
"2022","3","Buenos Aires","56","255"
"2022","3","Buenos Aires","60","59"
"2022","3","Buenos Aires","61","75.495"
"2022","3","Buenos Aires","62","78"
"2022","3","Buenos Aires","6,4","75.439"
"2022","3","Buenos Aires","66","90"
"2022","3","Buenos Aires","6,7","21"
"2022","3","Buenos Aires","71","7.238"
"2022","3","Buenos Aires","7,5","11.286"
"2022","3","Buenos Aires","0,75","169"
"2022","3","Buenos Aires","77","1.599"
"2022","3","Buenos Aires","81","9.092"
"2022","3","Buenos Aires","90","16"
"2022","3","Buenos Aires","91","3"
"2022","3","Buenos Aires","10,1","157.372"
"2022","3","Buenos Aires","109","14"
"2022","3","Buenos Aires","122","496"
"2022","3","Buenos Aires","12,3","21.114"
"2022","3","Buenos Aires","126","2"
"2022","3","Buenos Aires","155","484.778"
"2022","3","Buenos Aires","164","1.211"
"2022","3","Buenos Aires","203","7.739"
"2022","3","Buenos Aires","20,5","124.540"
"2022","3","Buenos Aires","220","1"
"2022","3","Buenos Aires","246","938"
"2022","3","Buenos Aires","25,1","42.701"
"2022","3","Buenos Aires","256","258"
"2022","3","Buenos Aires","270","15"
"2022","3","Buenos Aires","320","1.060.257"
"2022","3","Buenos Aires","450","965"
"2022","3","Buenos Aires","500","5"
"2022","3","Buenos Aires","50,1","504.344"
"2022","3","Buenos Aires","512","149.680"
"2022","3","Buenos Aires","520","663"
"2022","3","Buenos Aires","640","12.163"
"2022","3","Buenos Aires","850","563"
"2022","3","Buenos Aires","100,1","865.122"
"2022","3","Buenos Aires","1024","156.691"
"2022","3","Buenos Aires","50,25","1"
"2022","3","CABA","1","1.307"
"2022","3","CABA","4","11.975"
"2022","3","CABA","6","3.547"
"2022","3","CABA","9","16.864"
"2022","3","CABA","10","3"
"2022","3","CABA","12","5"
"2022","3","CABA","1,2","4.111"
"2022","3","CABA","16","29.730"
"2022","3","CABA","17","5"
"2022","3","CABA","22","1"
"2022","3","CABA","2,2","249"
"2022","3","CABA","31","58.579"
"2022","3","CABA","3,2","3.971"
"2022","3","CABA","36","24"
"2022","3","CABA","0,38","31"
"2022","3","CABA","41","238"
"2022","3","CABA","4,5","994"
"2022","3","CABA","0,51","451"
"2022","3","CABA","56","1"
"2022","3","CABA","61","17.314"
"2022","3","CABA","6,4","9.017"
"2022","3","CABA","67","1"
"2022","3","CABA","71","3"
"2022","3","CABA","7,5","7"
"2022","3","CABA","0,75","34"
"2022","3","CABA","77","1.091"
"2022","3","CABA","81","11"
"2022","3","CABA","10,1","34.541"
"2022","3","CABA","120","1"
"2022","3","CABA","122","30"
"2022","3","CABA","12,3","92"
"2022","3","CABA","126","3"
"2022","3","CABA","131","1"
"2022","3","CABA","155","147.085"
"2022","3","CABA","164","5"
"2022","3","CABA","203","3.301"
"2022","3","CABA","20,5","7.537"
"2022","3","CABA","225","1"
"2022","3","CABA","234","1"
"2022","3","CABA","25,1","433"
"2022","3","CABA","256","1.442"
"2022","3","CABA","300","1"
"2022","3","CABA","320","553.467"
"2022","3","CABA","330","2"
"2022","3","CABA","450","3"
"2022","3","CABA","50,1","66.357"
"2022","3","CABA","512","86.440"
"2022","3","CABA","640","372"
"2022","3","CABA","768","1"
"2022","3","CABA","850","1"
"2022","3","CABA","100,1","375.600"
"2022","3","CABA","1024","68.405"
"2022","3","Catamarca","6","332"
"2022","3","Catamarca","1,2","176"
"2022","3","Catamarca","16","1.901"
"2022","3","Catamarca","2,2","115"
"2022","3","Catamarca","25","914"
"2022","3","Catamarca","0,26","70"
"2022","3","Catamarca","31","861"
"2022","3","Catamarca","3,2","1.644"
"2022","3","Catamarca","4,5","1"
"2022","3","Catamarca","0,51","34"
"2022","3","Catamarca","6,4","780"
"2022","3","Catamarca","0,75","37"
"2022","3","Catamarca","10,1","3.424"
"2022","3","Catamarca","12,3","31"
"2022","3","Catamarca","203","42"
"2022","3","Catamarca","20,5","2.272"
"2022","3","Catamarca","25,1","47"
"2022","3","Catamarca","320","8.099"
"2022","3","Catamarca","50,1","35.211"
"2022","3","Catamarca","512","372"
"2022","3","Catamarca","640","834"
"2022","3","Catamarca","100,1","17.716"
"2022","3","Catamarca","1024","20"
"2022","3","Chaco","4","167"
"2022","3","Chaco","6","5.115"
"2022","3","Chaco","9","700"
"2022","3","Chaco","10","1"
"2022","3","Chaco","1,2","416"
"2022","3","Chaco","16","3.421"
"2022","3","Chaco","2,2","780"
"2022","3","Chaco","0,26","3.816"
"2022","3","Chaco","31","2.294"
"2022","3","Chaco","3,2","2.925"
"2022","3","Chaco","36","19"
"2022","3","Chaco","4,5","385"
"2022","3","Chaco","0,51","234"
"2022","3","Chaco","6,4","4.784"
"2022","3","Chaco","7,5","106"
"2022","3","Chaco","0,75","2"
"2022","3","Chaco","10,1","8.237"
"2022","3","Chaco","122","650"
"2022","3","Chaco","12,3","137"
"2022","3","Chaco","203","1.053"
"2022","3","Chaco","20,5","1.975"
"2022","3","Chaco","25,1","3.435"
"2022","3","Chaco","256","222"
"2022","3","Chaco","320","23.172"
"2022","3","Chaco","50,1","33.117"
"2022","3","Chaco","512","1.610"
"2022","3","Chaco","640","679"
"2022","3","Chaco","100,1","55.941"
"2022","3","Chaco","1024","150"
"2022","3","Chubut","1","836"
"2022","3","Chubut","4","11.441"
"2022","3","Chubut","6","4.369"
"2022","3","Chubut","9","13.374"
"2022","3","Chubut","10","21"
"2022","3","Chubut","12","1"
"2022","3","Chubut","1,2","247"
"2022","3","Chubut","15","56"
"2022","3","Chubut","16","13.739"
"2022","3","Chubut","17","141"
"2022","3","Chubut","2,2","1.870"
"2022","3","Chubut","25","8.047"
"2022","3","Chubut","0,26","16.640"
"2022","3","Chubut","31","7.643"
"2022","3","Chubut","3,2","5.642"
"2022","3","Chubut","0,38","8"
"2022","3","Chubut","41","29"
"2022","3","Chubut","4,5","6.185"
"2022","3","Chubut","49","190"
"2022","3","Chubut","0,51","69"
"2022","3","Chubut","61","2"
"2022","3","Chubut","6,4","14.321"
"2022","3","Chubut","7,5","76"
"2022","3","Chubut","0,75","34"
"2022","3","Chubut","10,1","18.414"
"2022","3","Chubut","12,3","5.603"
"2022","3","Chubut","203","1"
"2022","3","Chubut","20,5","3.484"
"2022","3","Chubut","25,1","5.560"
"2022","3","Chubut","320","158"
"2022","3","Chubut","50,1","31.184"
"2022","3","Chubut","512","3"
"2022","3","Chubut","640","31"
"2022","3","Chubut","100,1","1.255"
"2022","3","Córdoba","0","1"
"2022","3","Córdoba","1","83"
"2022","3","Córdoba","2","7"
"2022","3","Córdoba","4","4.897"
"2022","3","Córdoba","6","8.411"
"2022","3","Córdoba","7","5"
"2022","3","Córdoba","9","10.313"
"2022","3","Córdoba","10","714"
"2022","3","Córdoba","12","88"
"2022","3","Córdoba","1,2","7.973"
"2022","3","Córdoba","14","19"
"2022","3","Córdoba","15","9"
"2022","3","Córdoba","16","19.975"
"2022","3","Córdoba","17","134"
"2022","3","Córdoba","19","58"
"2022","3","Córdoba","21","1"
"2022","3","Córdoba","2,2","7.589"
"2022","3","Córdoba","25","2"
"2022","3","Córdoba","2,5","18"
"2022","3","Córdoba","26","13"
"2022","3","Córdoba","0,26","14.710"
"2022","3","Córdoba","31","6.694"
"2022","3","Córdoba","3,2","25.408"
"2022","3","Córdoba","3,5","3"
"2022","3","Córdoba","36","8"
"2022","3","Córdoba","0,38","2"
"2022","3","Córdoba","41","1.368"
"2022","3","Córdoba","4,5","10.133"
"2022","3","Córdoba","51","402"
"2022","3","Córdoba","0,51","87"
"2022","3","Córdoba","52","9"
"2022","3","Córdoba","61","5.952"
"2022","3","Córdoba","6,4","53.772"
"2022","3","Córdoba","6,7","133"
"2022","3","Córdoba","71","11"
"2022","3","Córdoba","7,5","1.818"
"2022","3","Córdoba","0,75","10"
"2022","3","Córdoba","77","495"
"2022","3","Córdoba","10,1","74.948"
"2022","3","Córdoba","122","891"
"2022","3","Córdoba","12,3","7.337"
"2022","3","Córdoba","145","1"
"2022","3","Córdoba","155","27"
"2022","3","Córdoba","203","11.502"
"2022","3","Córdoba","20,5","19.378"
"2022","3","Córdoba","234","1"
"2022","3","Córdoba","25,1","23.046"
"2022","3","Córdoba","256","1"
"2022","3","Córdoba","320","198.178"
"2022","3","Córdoba","50,1","242.593"
"2022","3","Córdoba","512","18.929"
"2022","3","Córdoba","520","21"
"2022","3","Córdoba","640","5.047"
"2022","3","Córdoba","768","1"
"2022","3","Córdoba","900","1"
"2022","3","Córdoba","100,1","295.368"
"2022","3","Córdoba","1024","3.190"
"2022","3","Córdoba","25,11","311"
"2022","3","Corrientes","1","118"
"2022","3","Corrientes","4","480"
"2022","3","Corrientes","6","2.751"
"2022","3","Corrientes","9","4.890"
"2022","3","Corrientes","1,2","2.572"
"2022","3","Corrientes","16","1.673"
"2022","3","Corrientes","17","3.548"
"2022","3","Corrientes","2,2","1.721"
"2022","3","Corrientes","0,26","6.242"
"2022","3","Corrientes","31","589"
"2022","3","Corrientes","3,2","5.092"
"2022","3","Corrientes","41","2.834"
"2022","3","Corrientes","4,5","1.718"
"2022","3","Corrientes","0,51","10"
"2022","3","Corrientes","6,4","6.875"
"2022","3","Corrientes","0,75","57"
"2022","3","Corrientes","10,1","11.640"
"2022","3","Corrientes","122","1.705"
"2022","3","Corrientes","12,3","8"
"2022","3","Corrientes","203","2.442"
"2022","3","Corrientes","20,5","2.451"
"2022","3","Corrientes","25,1","1.421"
"2022","3","Corrientes","256","360"
"2022","3","Corrientes","320","25.789"
"2022","3","Corrientes","50,1","31.709"
"2022","3","Corrientes","512","1.851"
"2022","3","Corrientes","640","1"
"2022","3","Corrientes","100,1","37.081"
"2022","3","Corrientes","1024","266"
"2022","3","Entre Ríos","1","113"
"2022","3","Entre Ríos","4","390"
"2022","3","Entre Ríos","6","5.417"
"2022","3","Entre Ríos","9","2.399"
"2022","3","Entre Ríos","1,2","4.177"
"2022","3","Entre Ríos","16","5.069"
"2022","3","Entre Ríos","17","1"
"2022","3","Entre Ríos","2,2","4.821"
"2022","3","Entre Ríos","0,26","13.975"
"2022","3","Entre Ríos","31","6.383"
"2022","3","Entre Ríos","3,2","6.815"
"2022","3","Entre Ríos","0,38","1"
"2022","3","Entre Ríos","4,5","2.334"
"2022","3","Entre Ríos","0,51","20"
"2022","3","Entre Ríos","6,4","14.797"
"2022","3","Entre Ríos","7,5","358"
"2022","3","Entre Ríos","0,75","86"
"2022","3","Entre Ríos","10,1","48.690"
"2022","3","Entre Ríos","122","780"
"2022","3","Entre Ríos","12,3","1.486"
"2022","3","Entre Ríos","155","1"
"2022","3","Entre Ríos","203","2.043"
"2022","3","Entre Ríos","20,5","9.566"
"2022","3","Entre Ríos","25,1","863"
"2022","3","Entre Ríos","256","154"
"2022","3","Entre Ríos","320","51.544"
"2022","3","Entre Ríos","50,1","40.205"
"2022","3","Entre Ríos","512","3.543"
"2022","3","Entre Ríos","100,1","69.813"
"2022","3","Entre Ríos","1024","708"
"2022","3","Formosa","6","2.059"
"2022","3","Formosa","9","162"
"2022","3","Formosa","1,2","158"
"2022","3","Formosa","16","1.172"
"2022","3","Formosa","2,2","1.447"
"2022","3","Formosa","0,26","302"
"2022","3","Formosa","31","268"
"2022","3","Formosa","3,2","10.284"
"2022","3","Formosa","36","3"
"2022","3","Formosa","0,38","1"
"2022","3","Formosa","41","13"
"2022","3","Formosa","4,5","3.296"
"2022","3","Formosa","0,51","49"
"2022","3","Formosa","6,4","5.047"
"2022","3","Formosa","7,5","108"
"2022","3","Formosa","0,75","35"
"2022","3","Formosa","10,1","10.654"
"2022","3","Formosa","12,3","40"
"2022","3","Formosa","20,5","2.964"
"2022","3","Formosa","25,1","9"
"2022","3","Formosa","320","11.104"
"2022","3","Formosa","50,1","1.361"
"2022","3","Formosa","512","581"
"2022","3","Formosa","100,1","11.492"
"2022","3","Formosa","1024","109"
"2022","3","Jujuy","6","5.128"
"2022","3","Jujuy","9","946"
"2022","3","Jujuy","1,2","1.268"
"2022","3","Jujuy","16","362"
"2022","3","Jujuy","19","4"
"2022","3","Jujuy","2,2","1.637"
"2022","3","Jujuy","0,26","1.970"
"2022","3","Jujuy","31","268"
"2022","3","Jujuy","3,2","2.959"
"2022","3","Jujuy","45","1"
"2022","3","Jujuy","4,5","2.889"
"2022","3","Jujuy","0,51","26"
"2022","3","Jujuy","6,4","2.351"
"2022","3","Jujuy","7,5","10"
"2022","3","Jujuy","0,75","32"
"2022","3","Jujuy","77","1"
"2022","3","Jujuy","10,1","10.327"
"2022","3","Jujuy","12,3","23.495"
"2022","3","Jujuy","203","1"
"2022","3","Jujuy","20,5","4.687"
"2022","3","Jujuy","25,1","8"
"2022","3","Jujuy","320","4.381"
"2022","3","Jujuy","50,1","45.106"
"2022","3","Jujuy","512","281"
"2022","3","Jujuy","520","200"
"2022","3","Jujuy","640","299"
"2022","3","Jujuy","100,1","9.395"
"2022","3","Jujuy","1024","19"
"2022","3","La Pampa","1","143"
"2022","3","La Pampa","2","185"
"2022","3","La Pampa","4","2.327"
"2022","3","La Pampa","6","2.198"
"2022","3","La Pampa","9","1.562"
"2022","3","La Pampa","1,2","1.276"
"2022","3","La Pampa","16","5.102"
"2022","3","La Pampa","2,2","2.312"
"2022","3","La Pampa","0,26","1.599"
"2022","3","La Pampa","31","3.792"
"2022","3","La Pampa","3,2","6.114"
"2022","3","La Pampa","36","1"
"2022","3","La Pampa","0,38","3"
"2022","3","La Pampa","41","2.900"
"2022","3","La Pampa","4,5","2.454"
"2022","3","La Pampa","0,51","6"
"2022","3","La Pampa","61","1.939"
"2022","3","La Pampa","6,4","29.499"
"2022","3","La Pampa","7,5","516"
"2022","3","La Pampa","0,75","62"
"2022","3","La Pampa","77","3"
"2022","3","La Pampa","81","95"
"2022","3","La Pampa","10,1","15.195"
"2022","3","La Pampa","122","1.290"
"2022","3","La Pampa","12,3","1"
"2022","3","La Pampa","203","8"
"2022","3","La Pampa","20,5","10.118"
"2022","3","La Pampa","25,1","1.543"
"2022","3","La Pampa","320","474"
"2022","3","La Pampa","50,1","23.478"
"2022","3","La Pampa","512","129"
"2022","3","La Pampa","100,1","5.863"
"2022","3","La Pampa","1024","8"
"2022","3","La Rioja","6","180"
"2022","3","La Rioja","9","85"
"2022","3","La Rioja","12","22"
"2022","3","La Rioja","1,2","407"
"2022","3","La Rioja","16","287"
"2022","3","La Rioja","2,2","8"
"2022","3","La Rioja","25","209"
"2022","3","La Rioja","31","4.503"
"2022","3","La Rioja","3,2","404"
"2022","3","La Rioja","4,5","2"
"2022","3","La Rioja","0,51","9"
"2022","3","La Rioja","6,4","742"
"2022","3","La Rioja","0,75","9"
"2022","3","La Rioja","10,1","1.481"
"2022","3","La Rioja","12,3","15.442"
"2022","3","La Rioja","203","137"
"2022","3","La Rioja","20,5","9.019"
"2022","3","La Rioja","320","5.936"
"2022","3","La Rioja","50,1","36.934"
"2022","3","La Rioja","512","469"
"2022","3","La Rioja","100,1","11.474"
"2022","3","La Rioja","1024","23"
"2022","3","Mendoza","1","737"
"2022","3","Mendoza","2","1.348"
"2022","3","Mendoza","4","10.699"
"2022","3","Mendoza","6","1.108"
"2022","3","Mendoza","9","10.780"
"2022","3","Mendoza","10","1.251"
"2022","3","Mendoza","1,2","2.208"
"2022","3","Mendoza","16","19.102"
"2022","3","Mendoza","2,2","3.081"
"2022","3","Mendoza","25","626"
"2022","3","Mendoza","0,26","5.566"
"2022","3","Mendoza","31","53.012"
"2022","3","Mendoza","3,2","4.179"
"2022","3","Mendoza","37","2"
"2022","3","Mendoza","0,38","2"
"2022","3","Mendoza","41","4"
"2022","3","Mendoza","4,5","1.584"
"2022","3","Mendoza","46","1"
"2022","3","Mendoza","0,51","86"
"2022","3","Mendoza","61","1"
"2022","3","Mendoza","6,4","13.894"
"2022","3","Mendoza","71","1"
"2022","3","Mendoza","7,5","13"
"2022","3","Mendoza","0,75","16"
"2022","3","Mendoza","91","2"
"2022","3","Mendoza","10,1","8.856"
"2022","3","Mendoza","122","1"
"2022","3","Mendoza","12,3","4.467"
"2022","3","Mendoza","203","447"
"2022","3","Mendoza","20,5","6.480"
"2022","3","Mendoza","25,1","155"
"2022","3","Mendoza","320","10.984"
"2022","3","Mendoza","50,1","111.499"
"2022","3","Mendoza","512","642"
"2022","3","Mendoza","640","1.387"
"2022","3","Mendoza","100,1","28.343"
"2022","3","Mendoza","1024","33"
"2022","3","Misiones","4","4"
"2022","3","Misiones","6","3.170"
"2022","3","Misiones","9","29"
"2022","3","Misiones","12","1"
"2022","3","Misiones","1,2","3.173"
"2022","3","Misiones","16","1.227"
"2022","3","Misiones","2,2","11.019"
"2022","3","Misiones","0,26","8.526"
"2022","3","Misiones","31","3.649"
"2022","3","Misiones","3,2","3.874"
"2022","3","Misiones","41","71"
"2022","3","Misiones","4,5","1.705"
"2022","3","Misiones","46","28"
"2022","3","Misiones","0,51","47"
"2022","3","Misiones","61","19"
"2022","3","Misiones","6,4","7.110"
"2022","3","Misiones","7,5","7.855"
"2022","3","Misiones","0,75","4"
"2022","3","Misiones","10,1","18.485"
"2022","3","Misiones","122","502"
"2022","3","Misiones","12,3","116"
"2022","3","Misiones","155","1.027"
"2022","3","Misiones","203","5.008"
"2022","3","Misiones","20,5","8.468"
"2022","3","Misiones","25,1","8"
"2022","3","Misiones","256","190"
"2022","3","Misiones","320","25.109"
"2022","3","Misiones","380","5"
"2022","3","Misiones","50,1","37.533"
"2022","3","Misiones","512","1.418"
"2022","3","Misiones","640","1.752"
"2022","3","Misiones","100,1","51.195"
"2022","3","Misiones","1024","229"
"2022","3","Neuquén","1","458"
"2022","3","Neuquén","4","10.737"
"2022","3","Neuquén","6","7.821"
"2022","3","Neuquén","9","6.119"
"2022","3","Neuquén","1,2","539"
"2022","3","Neuquén","15","1"
"2022","3","Neuquén","16","5.148"
"2022","3","Neuquén","2,2","1.626"
"2022","3","Neuquén","0,26","20.168"
"2022","3","Neuquén","31","14.327"
"2022","3","Neuquén","3,2","5.303"
"2022","3","Neuquén","0,38","1"
"2022","3","Neuquén","41","66"
"2022","3","Neuquén","4,5","1.438"
"2022","3","Neuquén","0,51","62"
"2022","3","Neuquén","61","7"
"2022","3","Neuquén","6,4","8.457"
"2022","3","Neuquén","7,5","246"
"2022","3","Neuquén","0,75","73"
"2022","3","Neuquén","91","1"
"2022","3","Neuquén","10,1","7.117"
"2022","3","Neuquén","12,3","3.775"
"2022","3","Neuquén","155","4"
"2022","3","Neuquén","20,5","1.567"
"2022","3","Neuquén","25,1","259"
"2022","3","Neuquén","256","1"
"2022","3","Neuquén","320","26.468"
"2022","3","Neuquén","450","1"
"2022","3","Neuquén","50,1","8.573"
"2022","3","Neuquén","512","2.734"
"2022","3","Neuquén","100,1","30.680"
"2022","3","Neuquén","1024","469"
"2022","3","Río Negro","1","501"
"2022","3","Río Negro","4","7.796"
"2022","3","Río Negro","6","2.135"
"2022","3","Río Negro","9","11.085"
"2022","3","Río Negro","10","1"
"2022","3","Río Negro","12","18"
"2022","3","Río Negro","1,2","534"
"2022","3","Río Negro","16","9.894"
"2022","3","Río Negro","19","3"
"2022","3","Río Negro","2,2","677"
"2022","3","Río Negro","0,26","15.576"
"2022","3","Río Negro","31","16.244"
"2022","3","Río Negro","3,2","5.428"
"2022","3","Río Negro","36","2"
"2022","3","Río Negro","0,38","1"
"2022","3","Río Negro","41","33"
"2022","3","Río Negro","4,5","727"
"2022","3","Río Negro","0,51","36"
"2022","3","Río Negro","61","259"
"2022","3","Río Negro","6,4","8.737"
"2022","3","Río Negro","0,75","75"
"2022","3","Río Negro","81","268"
"2022","3","Río Negro","91","10.057"
"2022","3","Río Negro","10,1","6.555"
"2022","3","Río Negro","122","233"
"2022","3","Río Negro","12,3","1.640"
"2022","3","Río Negro","125","34"
"2022","3","Río Negro","155","33"
"2022","3","Río Negro","203","26"
"2022","3","Río Negro","20,5","5.636"
"2022","3","Río Negro","25,1","7.618"
"2022","3","Río Negro","256","306"
"2022","3","Río Negro","320","17.629"
"2022","3","Río Negro","50,1","16.821"
"2022","3","Río Negro","512","971"
"2022","3","Río Negro","540","40"
"2022","3","Río Negro","945","110"
"2022","3","Río Negro","100,1","22.385"
"2022","3","Río Negro","1024","228"
"2022","3","Salta","1","1"
"2022","3","Salta","4","8"
"2022","3","Salta","6","4.873"
"2022","3","Salta","9","6.869"
"2022","3","Salta","1,2","925"
"2022","3","Salta","16","1.392"
"2022","3","Salta","19","4"
"2022","3","Salta","2,2","1.538"
"2022","3","Salta","0,26","6.646"
"2022","3","Salta","28","1"
"2022","3","Salta","31","75"
"2022","3","Salta","3,2","5.731"
"2022","3","Salta","4,5","8.365"
"2022","3","Salta","0,51","41"
"2022","3","Salta","6,4","6.837"
"2022","3","Salta","7,5","330"
"2022","3","Salta","0,75","73"
"2022","3","Salta","81","50"
"2022","3","Salta","10,1","57.331"
"2022","3","Salta","122","35"
"2022","3","Salta","12,3","88"
"2022","3","Salta","203","1"
"2022","3","Salta","20,5","1.707"
"2022","3","Salta","246","521"
"2022","3","Salta","25,1","2"
"2022","3","Salta","320","28.286"
"2022","3","Salta","450","47"
"2022","3","Salta","50,1","29.271"
"2022","3","Salta","512","1.664"
"2022","3","Salta","640","890"
"2022","3","Salta","850","36"
"2022","3","Salta","100,1","38.867"
"2022","3","Salta","1024","355"
"2022","3","San Juan","1","723"
"2022","3","San Juan","4","11.509"
"2022","3","San Juan","6","309"
"2022","3","San Juan","9","9.157"
"2022","3","San Juan","10","9"
"2022","3","San Juan","1,2","1.298"
"2022","3","San Juan","16","9.836"
"2022","3","San Juan","2,2","606"
"2022","3","San Juan","25","627"
"2022","3","San Juan","0,26","22.755"
"2022","3","San Juan","31","10.448"
"2022","3","San Juan","3,2","4.403"
"2022","3","San Juan","4,5","251"
"2022","3","San Juan","0,51","21"
"2022","3","San Juan","61","1"
"2022","3","San Juan","6,4","4.967"
"2022","3","San Juan","7,5","86"
"2022","3","San Juan","0,75","3"
"2022","3","San Juan","10,1","3.778"
"2022","3","San Juan","12,3","799"
"2022","3","San Juan","20,5","962"
"2022","3","San Juan","25,1","339"
"2022","3","San Juan","320","1.790"
"2022","3","San Juan","50,1","18.638"
"2022","3","San Juan","512","6"
"2022","3","San Juan","640","91"
"2022","3","San Juan","100,1","3.254"
"2022","3","San Luis","1","163"
"2022","3","San Luis","4","1.418"
"2022","3","San Luis","6","347"
"2022","3","San Luis","9","2.622"
"2022","3","San Luis","10","49"
"2022","3","San Luis","1,2","465"
"2022","3","San Luis","16","1.836"
"2022","3","San Luis","2,2","491"
"2022","3","San Luis","0,26","5.968"
"2022","3","San Luis","31","136"
"2022","3","San Luis","3,2","2.772"
"2022","3","San Luis","41","35"
"2022","3","San Luis","4,5","2"
"2022","3","San Luis","0,51","59"
"2022","3","San Luis","6,4","6.288"
"2022","3","San Luis","7,5","3"
"2022","3","San Luis","0,75","1"
"2022","3","San Luis","10,1","21.080"
"2022","3","San Luis","12,3","5.632"
"2022","3","San Luis","20,5","1.485"
"2022","3","San Luis","25,1","70.721"
"2022","3","San Luis","320","740"
"2022","3","San Luis","50,1","7.623"
"2022","3","San Luis","512","29"
"2022","3","San Luis","640","495"
"2022","3","San Luis","100,1","1.983"
"2022","3","San Luis","1024","23.645"
"2022","3","Santa Cruz","1","218"
"2022","3","Santa Cruz","4","2.001"
"2022","3","Santa Cruz","6","1.272"
"2022","3","Santa Cruz","9","2.360"
"2022","3","Santa Cruz","10","4"
"2022","3","Santa Cruz","1,2","209"
"2022","3","Santa Cruz","16","6.224"
"2022","3","Santa Cruz","19","1"
"2022","3","Santa Cruz","2,2","724"
"2022","3","Santa Cruz","25","31"
"2022","3","Santa Cruz","0,26","33.803"
"2022","3","Santa Cruz","31","5.592"
"2022","3","Santa Cruz","3,2","1.259"
"2022","3","Santa Cruz","36","1.139"
"2022","3","Santa Cruz","0,38","4"
"2022","3","Santa Cruz","41","3"
"2022","3","Santa Cruz","4,5","504"
"2022","3","Santa Cruz","0,51","26"
"2022","3","Santa Cruz","6,4","2.004"
"2022","3","Santa Cruz","7,5","1"
"2022","3","Santa Cruz","0,75","20"
"2022","3","Santa Cruz","77","3.117"
"2022","3","Santa Cruz","10,1","7.212"
"2022","3","Santa Cruz","12,3","251"
"2022","3","Santa Cruz","155","587"
"2022","3","Santa Cruz","203","102"
"2022","3","Santa Cruz","20,5","706"
"2022","3","Santa Cruz","25,1","1.454"
"2022","3","Santa Cruz","380","142"
"2022","3","Santa Cruz","50,1","7.710"
"2022","3","Santa Cruz","512","142"
"2022","3","Santa Cruz","100,1","1.386"
"2022","3","Santa Fe","0","9"
"2022","3","Santa Fe","1","5"
"2022","3","Santa Fe","4","164"
"2022","3","Santa Fe","6","17.998"
"2022","3","Santa Fe","9","10.561"
"2022","3","Santa Fe","10","1.464"
"2022","3","Santa Fe","1,2","6.412"
"2022","3","Santa Fe","14","75"
"2022","3","Santa Fe","16","25.445"
"2022","3","Santa Fe","17","31"
"2022","3","Santa Fe","19","8"
"2022","3","Santa Fe","2,2","6.337"
"2022","3","Santa Fe","25","39"
"2022","3","Santa Fe","0,26","16.168"
"2022","3","Santa Fe","31","16.119"
"2022","3","Santa Fe","3,2","22.748"
"2022","3","Santa Fe","36","41"
"2022","3","Santa Fe","37","18"
"2022","3","Santa Fe","0,38","32"
"2022","3","Santa Fe","41","5.817"
"2022","3","Santa Fe","4,5","5.400"
"2022","3","Santa Fe","0,51","335"
"2022","3","Santa Fe","61","1.892"
"2022","3","Santa Fe","6,4","23.175"
"2022","3","Santa Fe","66","1"
"2022","3","Santa Fe","6,7","472"
"2022","3","Santa Fe","71","180"
"2022","3","Santa Fe","7,5","4.114"
"2022","3","Santa Fe","0,75","101"
"2022","3","Santa Fe","77","88"
"2022","3","Santa Fe","81","3.215"
"2022","3","Santa Fe","97","1"
"2022","3","Santa Fe","100","30"
"2022","3","Santa Fe","10,1","136.891"
"2022","3","Santa Fe","122","1.219"
"2022","3","Santa Fe","12,3","1.200"
"2022","3","Santa Fe","145","1"
"2022","3","Santa Fe","155","1.621"
"2022","3","Santa Fe","203","10.211"
"2022","3","Santa Fe","20,5","31.836"
"2022","3","Santa Fe","25,1","12.483"
"2022","3","Santa Fe","256","499"
"2022","3","Santa Fe","320","146.478"
"2022","3","Santa Fe","450","2.046"
"2022","3","Santa Fe","473","1"
"2022","3","Santa Fe","50,1","179.739"
"2022","3","Santa Fe","512","9.107"
"2022","3","Santa Fe","640","4.594"
"2022","3","Santa Fe","768","2"
"2022","3","Santa Fe","850","14"
"2022","3","Santa Fe","100,1","210.827"
"2022","3","Santa Fe","1024","1.317"
"2022","3","Santa Fe","1075","1"
"2022","3","Santa Fe","5000","1"
"2022","3","Santa Fe","50,25","4"
"2022","3","Santiago Del Estero","1","908"
"2022","3","Santiago Del Estero","2","307"
"2022","3","Santiago Del Estero","6","409"
"2022","3","Santiago Del Estero","9","114"
"2022","3","Santiago Del Estero","1,2","226"
"2022","3","Santiago Del Estero","16","241"
"2022","3","Santiago Del Estero","2,2","381"
"2022","3","Santiago Del Estero","0,26","917"
"2022","3","Santiago Del Estero","31","5.778"
"2022","3","Santiago Del Estero","3,2","5.230"
"2022","3","Santiago Del Estero","0,38","2"
"2022","3","Santiago Del Estero","41","41"
"2022","3","Santiago Del Estero","4,5","1.220"
"2022","3","Santiago Del Estero","0,51","39"
"2022","3","Santiago Del Estero","61","1"
"2022","3","Santiago Del Estero","6,4","4.881"
"2022","3","Santiago Del Estero","7,5","352"
"2022","3","Santiago Del Estero","0,75","139"
"2022","3","Santiago Del Estero","10,1","52.745"
"2022","3","Santiago Del Estero","12,3","14.787"
"2022","3","Santiago Del Estero","20,5","9.253"
"2022","3","Santiago Del Estero","25,1","18"
"2022","3","Santiago Del Estero","320","8.542"
"2022","3","Santiago Del Estero","50,1","6.701"
"2022","3","Santiago Del Estero","512","664"
"2022","3","Santiago Del Estero","640","183"
"2022","3","Santiago Del Estero","100,1","10.229"
"2022","3","Santiago Del Estero","1024","54"
"2022","3","Tierra Del Fuego","1","318"
"2022","3","Tierra Del Fuego","4","3.740"
"2022","3","Tierra Del Fuego","6","430"
"2022","3","Tierra Del Fuego","9","8.034"
"2022","3","Tierra Del Fuego","10","4"
"2022","3","Tierra Del Fuego","1,2","516"
"2022","3","Tierra Del Fuego","16","8.105"
"2022","3","Tierra Del Fuego","19","200"
"2022","3","Tierra Del Fuego","2,2","2"
"2022","3","Tierra Del Fuego","25","1.280"
"2022","3","Tierra Del Fuego","0,26","7.121"
"2022","3","Tierra Del Fuego","31","196"
"2022","3","Tierra Del Fuego","3,2","3"
"2022","3","Tierra Del Fuego","36","486"
"2022","3","Tierra Del Fuego","41","7"
"2022","3","Tierra Del Fuego","4,5","1.873"
"2022","3","Tierra Del Fuego","0,51","11"
"2022","3","Tierra Del Fuego","61","81"
"2022","3","Tierra Del Fuego","6,4","4.121"
"2022","3","Tierra Del Fuego","0,75","11"
"2022","3","Tierra Del Fuego","10,1","1.636"
"2022","3","Tierra Del Fuego","12,3","3.518"
"2022","3","Tierra Del Fuego","155","30"
"2022","3","Tierra Del Fuego","203","3"
"2022","3","Tierra Del Fuego","20,5","216"
"2022","3","Tierra Del Fuego","25,1","14.491"
"2022","3","Tierra Del Fuego","320","670"
"2022","3","Tierra Del Fuego","450","1"
"2022","3","Tierra Del Fuego","50,1","4.035"
"2022","3","Tierra Del Fuego","100,1","415"
"2022","3","Tierra Del Fuego","1075","1"
"2022","3","Tucumán","4","2.271"
"2022","3","Tucumán","6","1.025"
"2022","3","Tucumán","9","145"
"2022","3","Tucumán","10","1"
"2022","3","Tucumán","1,2","927"
"2022","3","Tucumán","16","2.031"
"2022","3","Tucumán","2,2","116"
"2022","3","Tucumán","25","514"
"2022","3","Tucumán","0,26","488"
"2022","3","Tucumán","27","1"
"2022","3","Tucumán","31","983"
"2022","3","Tucumán","3,2","4.696"
"2022","3","Tucumán","36","12"
"2022","3","Tucumán","41","2"
"2022","3","Tucumán","4,5","44"
"2022","3","Tucumán","0,51","19"
"2022","3","Tucumán","61","1"
"2022","3","Tucumán","6,4","8.075"
"2022","3","Tucumán","7,5","146"
"2022","3","Tucumán","0,75","20"
"2022","3","Tucumán","91","1"
"2022","3","Tucumán","10,1","19.626"
"2022","3","Tucumán","12,3","12.926"
"2022","3","Tucumán","165","1"
"2022","3","Tucumán","203","3"
"2022","3","Tucumán","20,5","8.306"
"2022","3","Tucumán","25,1","84"
"2022","3","Tucumán","320","41.670"
"2022","3","Tucumán","50,1","80.426"
"2022","3","Tucumán","512","2.841"
"2022","3","Tucumán","640","1.654"
"2022","3","Tucumán","700","5"
"2022","3","Tucumán","100,1","75.387"
"2022","3","Tucumán","1024","148"
"2022","2","Buenos Aires","1","4.611"
"2022","2","Buenos Aires","2","351"
"2022","2","Buenos Aires","4","41.976"
"2022","2","Buenos Aires","5","65"
"2022","2","Buenos Aires","6","32.905"
"2022","2","Buenos Aires","8","756"
"2022","2","Buenos Aires","9","70.266"
"2022","2","Buenos Aires","10","275"
"2022","2","Buenos Aires","12","10"
"2022","2","Buenos Aires","1,2","23.712"
"2022","2","Buenos Aires","14","128"
"2022","2","Buenos Aires","15","33"
"2022","2","Buenos Aires","16","86.086"
"2022","2","Buenos Aires","17","301"
"2022","2","Buenos Aires","18","2"
"2022","2","Buenos Aires","19","17.859"
"2022","2","Buenos Aires","22","3"
"2022","2","Buenos Aires","2,2","24.158"
"2022","2","Buenos Aires","23","1"
"2022","2","Buenos Aires","24","18"
"2022","2","Buenos Aires","25","25"
"2022","2","Buenos Aires","0,26","65.849"
"2022","2","Buenos Aires","31","774.956"
"2022","2","Buenos Aires","32","1.495"
"2022","2","Buenos Aires","3,2","62.107"
"2022","2","Buenos Aires","34","7"
"2022","2","Buenos Aires","35","1"
"2022","2","Buenos Aires","36","873"
"2022","2","Buenos Aires","0,38","19"
"2022","2","Buenos Aires","41","3.304"
"2022","2","Buenos Aires","45","9"
"2022","2","Buenos Aires","4,5","13.773"
"2022","2","Buenos Aires","50","1"
"2022","2","Buenos Aires","0,51","30.428"
"2022","2","Buenos Aires","56","58"
"2022","2","Buenos Aires","59","1"
"2022","2","Buenos Aires","60","59"
"2022","2","Buenos Aires","61","453.704"
"2022","2","Buenos Aires","62","78"
"2022","2","Buenos Aires","63","1"
"2022","2","Buenos Aires","6,4","119.878"
"2022","2","Buenos Aires","66","10"
"2022","2","Buenos Aires","6,7","25"
"2022","2","Buenos Aires","71","3.163"
"2022","2","Buenos Aires","7,5","11.154"
"2022","2","Buenos Aires","0,75","192"
"2022","2","Buenos Aires","77","104.021"
"2022","2","Buenos Aires","80","2"
"2022","2","Buenos Aires","81","216"
"2022","2","Buenos Aires","82","1"
"2022","2","Buenos Aires","90","14"
"2022","2","Buenos Aires","91","3"
"2022","2","Buenos Aires","95","3"
"2022","2","Buenos Aires","10,1","225.103"
"2022","2","Buenos Aires","122","308"
"2022","2","Buenos Aires","12,3","32.035"
"2022","2","Buenos Aires","126","2"
"2022","2","Buenos Aires","127","1"
"2022","2","Buenos Aires","155","125.334"
"2022","2","Buenos Aires","160","1"
"2022","2","Buenos Aires","164","6"
"2022","2","Buenos Aires","203","734"
"2022","2","Buenos Aires","20,5","137.500"
"2022","2","Buenos Aires","220","1"
"2022","2","Buenos Aires","240","39"
"2022","2","Buenos Aires","246","38"
"2022","2","Buenos Aires","25,1","73.929"
"2022","2","Buenos Aires","256","8"
"2022","2","Buenos Aires","270","13"
"2022","2","Buenos Aires","320","159.743"
"2022","2","Buenos Aires","350","4"
"2022","2","Buenos Aires","500","5"
"2022","2","Buenos Aires","50,1","995.477"
"2022","2","Buenos Aires","512","13.781"
"2022","2","Buenos Aires","520","29"
"2022","2","Buenos Aires","640","237"
"2022","2","Buenos Aires","850","546"
"2022","2","Buenos Aires","100,1","939.723"
"2022","2","Buenos Aires","1024","13.640"
"2022","2","CABA","1","1.307"
"2022","2","CABA","4","11.975"
"2022","2","CABA","6","3.369"
"2022","2","CABA","9","16.652"
"2022","2","CABA","10","3"
"2022","2","CABA","12","5"
"2022","2","CABA","1,2","4.673"
"2022","2","CABA","16","29.971"
"2022","2","CABA","17","5"
"2022","2","CABA","19","13.681"
"2022","2","CABA","22","1"
"2022","2","CABA","2,2","334"
"2022","2","CABA","0,26","105.607"
"2022","2","CABA","31","58.948"
"2022","2","CABA","3,2","4.893"
"2022","2","CABA","36","9"
"2022","2","CABA","0,38","31"
"2022","2","CABA","40","30"
"2022","2","CABA","41","123"
"2022","2","CABA","4,5","992"
"2022","2","CABA","0,51","451"
"2022","2","CABA","56","1"
"2022","2","CABA","61","107.522"
"2022","2","CABA","6,4","14.473"
"2022","2","CABA","67","1"
"2022","2","CABA","71","3"
"2022","2","CABA","7,5","7"
"2022","2","CABA","0,75","35"
"2022","2","CABA","77","32.185"
"2022","2","CABA","81","8"
"2022","2","CABA","10,1","55.772"
"2022","2","CABA","120","1"
"2022","2","CABA","122","5"
"2022","2","CABA","12,3","3.936"
"2022","2","CABA","126","3"
"2022","2","CABA","155","47.197"
"2022","2","CABA","164","5"
"2022","2","CABA","203","2.600"
"2022","2","CABA","20,5","7.774"
"2022","2","CABA","225","1"
"2022","2","CABA","234","1"
"2022","2","CABA","25,1","25.678"
"2022","2","CABA","256","1.399"
"2022","2","CABA","300","1"
"2022","2","CABA","320","113.970"
"2022","2","CABA","330","2"
"2022","2","CABA","450","2"
"2022","2","CABA","50,1","406.963"
"2022","2","CABA","512","4.706"
"2022","2","CABA","768","1"
"2022","2","CABA","850","1"
"2022","2","CABA","100,1","447.629"
"2022","2","CABA","1024","11.829"
"2022","2","Catamarca","6","18"
"2022","2","Catamarca","10","1"
"2022","2","Catamarca","1,2","413"
"2022","2","Catamarca","16","792"
"2022","2","Catamarca","2,2","115"
"2022","2","Catamarca","25","2.236"
"2022","2","Catamarca","0,26","2.207"
"2022","2","Catamarca","31","930"
"2022","2","Catamarca","3,2","1.337"
"2022","2","Catamarca","0,51","34"
"2022","2","Catamarca","6,4","2.208"
"2022","2","Catamarca","7,5","2"
"2022","2","Catamarca","0,75","37"
"2022","2","Catamarca","10,1","6.152"
"2022","2","Catamarca","12,3","2.179"
"2022","2","Catamarca","203","42"
"2022","2","Catamarca","20,5","4.194"
"2022","2","Catamarca","25,1","227"
"2022","2","Catamarca","320","1.759"
"2022","2","Catamarca","50,1","27.440"
"2022","2","Catamarca","100,1","14.685"
"2022","2","Chaco","4","167"
"2022","2","Chaco","0,5","111"
"2022","2","Chaco","6","3.638"
"2022","2","Chaco","9","700"
"2022","2","Chaco","10","1"
"2022","2","Chaco","1,2","936"
"2022","2","Chaco","1,5","25"
"2022","2","Chaco","16","1.796"
"2022","2","Chaco","19","221"
"2022","2","Chaco","2,2","780"
"2022","2","Chaco","0,26","3.708"
"2022","2","Chaco","31","14.442"
"2022","2","Chaco","3,2","4.695"
"2022","2","Chaco","41","18"
"2022","2","Chaco","4,5","385"
"2022","2","Chaco","0,51","234"
"2022","2","Chaco","0,63","225"
"2022","2","Chaco","6,4","7.913"
"2022","2","Chaco","7,5","106"
"2022","2","Chaco","0,75","2"
"2022","2","Chaco","10,1","19.302"
"2022","2","Chaco","12,3","2.133"
"2022","2","Chaco","20,5","4.241"
"2022","2","Chaco","25,1","1.543"
"2022","2","Chaco","320","4.113"
"2022","2","Chaco","50,1","46.059"
"2022","2","Chaco","100,1","26.030"
"2022","2","Chaco","1024","40"
"2022","2","Chubut","1","836"
"2022","2","Chubut","4","11.441"
"2022","2","Chubut","6","2.415"
"2022","2","Chubut","9","12.602"
"2022","2","Chubut","10","424"
"2022","2","Chubut","12","1"
"2022","2","Chubut","1,2","608"
"2022","2","Chubut","16","18.743"
"2022","2","Chubut","2,2","5.486"
"2022","2","Chubut","25","1.791"
"2022","2","Chubut","0,26","20.021"
"2022","2","Chubut","31","9.590"
"2022","2","Chubut","3,2","5.184"
"2022","2","Chubut","0,38","8"
"2022","2","Chubut","41","10"
"2022","2","Chubut","4,5","5.529"
"2022","2","Chubut","0,51","69"
"2022","2","Chubut","6,4","15.749"
"2022","2","Chubut","7,5","166"
"2022","2","Chubut","0,75","32"
"2022","2","Chubut","10,1","18.025"
"2022","2","Chubut","12,3","15.228"
"2022","2","Chubut","203","1"
"2022","2","Chubut","20,5","318"
"2022","2","Chubut","25,1","4.134"
"2022","2","Chubut","320","25"
"2022","2","Chubut","50,1","14.046"
"2022","2","Chubut","100,1","323"
"2022","2","Córdoba","1","83"
"2022","2","Córdoba","2","7"
"2022","2","Córdoba","4","4.897"
"2022","2","Córdoba","6","7.973"
"2022","2","Córdoba","7","13"
"2022","2","Córdoba","9","12.207"
"2022","2","Córdoba","10","2.198"
"2022","2","Córdoba","12","88"
"2022","2","Córdoba","1,2","11.888"
"2022","2","Córdoba","14","35"
"2022","2","Córdoba","15","10"
"2022","2","Córdoba","16","24.663"
"2022","2","Córdoba","17","134"
"2022","2","Córdoba","19","3.396"
"2022","2","Córdoba","2,2","9.012"
"2022","2","Córdoba","25","2"
"2022","2","Córdoba","2,5","26"
"2022","2","Córdoba","26","35"
"2022","2","Córdoba","0,26","13.426"
"2022","2","Córdoba","31","5.158"
"2022","2","Córdoba","3,2","42.534"
"2022","2","Córdoba","3,5","6"
"2022","2","Córdoba","36","8"
"2022","2","Córdoba","0,38","2"
"2022","2","Córdoba","41","485"
"2022","2","Córdoba","4,5","13.430"
"2022","2","Córdoba","0,51","87"
"2022","2","Córdoba","61","5.081"
"2022","2","Córdoba","6,4","82.447"
"2022","2","Córdoba","6,7","154"
"2022","2","Córdoba","71","2"
"2022","2","Córdoba","7,5","2.575"
"2022","2","Córdoba","0,75","10"
"2022","2","Córdoba","77","12"
"2022","2","Córdoba","10,1","103.492"
"2022","2","Córdoba","122","223"
"2022","2","Córdoba","12,3","15.687"
"2022","2","Córdoba","145","1"
"2022","2","Córdoba","155","16"
"2022","2","Córdoba","203","289"
"2022","2","Córdoba","20,5","27.910"
"2022","2","Córdoba","234","1"
"2022","2","Córdoba","25,1","23.571"
"2022","2","Córdoba","25,5","1"
"2022","2","Córdoba","320","31.268"
"2022","2","Córdoba","450","53"
"2022","2","Córdoba","50,1","360.907"
"2022","2","Córdoba","520","21"
"2022","2","Córdoba","768","1"
"2022","2","Córdoba","900","1"
"2022","2","Córdoba","100,1","220.478"
"2022","2","Córdoba","1024","426"
"2022","2","Córdoba","25,11","5"
"2022","2","Corrientes","1","118"
"2022","2","Corrientes","4","480"
"2022","2","Corrientes","6","1.570"
"2022","2","Corrientes","9","2.921"
"2022","2","Corrientes","1,2","3.819"
"2022","2","Corrientes","16","1.691"
"2022","2","Corrientes","17","1.108"
"2022","2","Corrientes","19","201"
"2022","2","Corrientes","2,2","2.959"
"2022","2","Corrientes","0,26","7.107"
"2022","2","Corrientes","31","20.498"
"2022","2","Corrientes","3,2","7.270"
"2022","2","Corrientes","34","1"
"2022","2","Corrientes","4,5","1.688"
"2022","2","Corrientes","0,51","10"
"2022","2","Corrientes","6,4","10.286"
"2022","2","Corrientes","0,75","57"
"2022","2","Corrientes","10,1","21.921"
"2022","2","Corrientes","12,3","171"
"2022","2","Corrientes","20,5","4.830"
"2022","2","Corrientes","25,1","1.235"
"2022","2","Corrientes","320","3.589"
"2022","2","Corrientes","50,1","28.844"
"2022","2","Corrientes","100,1","22.570"
"2022","2","Corrientes","1024","53"
"2022","2","Entre Ríos","1","113"
"2022","2","Entre Ríos","4","390"
"2022","2","Entre Ríos","6","5.012"
"2022","2","Entre Ríos","9","1.541"
"2022","2","Entre Ríos","10","3"
"2022","2","Entre Ríos","1,2","5.543"
"2022","2","Entre Ríos","16","3.636"
"2022","2","Entre Ríos","17","1"
"2022","2","Entre Ríos","19","719"
"2022","2","Entre Ríos","2,2","4.659"
"2022","2","Entre Ríos","0,26","16.759"
"2022","2","Entre Ríos","31","28.995"
"2022","2","Entre Ríos","3,2","11.198"
"2022","2","Entre Ríos","0,38","1"
"2022","2","Entre Ríos","4,5","2.393"
"2022","2","Entre Ríos","0,51","20"
"2022","2","Entre Ríos","6,4","24.985"
"2022","2","Entre Ríos","7,5","1.117"
"2022","2","Entre Ríos","0,75","86"
"2022","2","Entre Ríos","10,1","45.896"
"2022","2","Entre Ríos","12,3","4.337"
"2022","2","Entre Ríos","155","1"
"2022","2","Entre Ríos","20,5","9.819"
"2022","2","Entre Ríos","25,1","3.378"
"2022","2","Entre Ríos","320","4.973"
"2022","2","Entre Ríos","50,1","56.221"
"2022","2","Entre Ríos","100,1","37.479"
"2022","2","Entre Ríos","1024","77"
"2022","2","Formosa","6","3.085"
"2022","2","Formosa","9","88"
"2022","2","Formosa","1,2","407"
"2022","2","Formosa","16","538"
"2022","2","Formosa","19","195"
"2022","2","Formosa","2,2","1.896"
"2022","2","Formosa","0,26","590"
"2022","2","Formosa","31","278"
"2022","2","Formosa","3,2","9.891"
"2022","2","Formosa","36","5"
"2022","2","Formosa","41","16"
"2022","2","Formosa","4,5","3.289"
"2022","2","Formosa","0,51","49"
"2022","2","Formosa","6,4","5.673"
"2022","2","Formosa","7,5","26"
"2022","2","Formosa","0,75","48"
"2022","2","Formosa","10,1","19.592"
"2022","2","Formosa","12,3","326"
"2022","2","Formosa","20,5","5.271"
"2022","2","Formosa","25,1","317"
"2022","2","Formosa","320","1.094"
"2022","2","Formosa","50,1","7.583"
"2022","2","Formosa","100,1","7.608"
"2022","2","Formosa","1024","16"
"2022","2","Jujuy","6","4.736"
"2022","2","Jujuy","9","999"
"2022","2","Jujuy","1,2","1.829"
"2022","2","Jujuy","16","520"
"2022","2","Jujuy","19","4"
"2022","2","Jujuy","2,2","1.637"
"2022","2","Jujuy","0,26","2.453"
"2022","2","Jujuy","27","26"
"2022","2","Jujuy","31","162"
"2022","2","Jujuy","3,2","5.370"
"2022","2","Jujuy","4,5","2.855"
"2022","2","Jujuy","0,51","26"
"2022","2","Jujuy","6,4","4.860"
"2022","2","Jujuy","7,5","10"
"2022","2","Jujuy","0,75","32"
"2022","2","Jujuy","86","1"
"2022","2","Jujuy","10,1","14.781"
"2022","2","Jujuy","12,3","23.223"
"2022","2","Jujuy","203","1"
"2022","2","Jujuy","20,5","14.039"
"2022","2","Jujuy","25,1","361"
"2022","2","Jujuy","320","644"
"2022","2","Jujuy","50,1","29.231"
"2022","2","Jujuy","520","200"
"2022","2","Jujuy","100,1","7.308"
"2022","2","Jujuy","1024","6"
"2022","2","La Pampa","1","143"
"2022","2","La Pampa","2","185"
"2022","2","La Pampa","4","2.327"
"2022","2","La Pampa","6","2.420"
"2022","2","La Pampa","9","1.719"
"2022","2","La Pampa","1,2","1.744"
"2022","2","La Pampa","16","6.958"
"2022","2","La Pampa","2,2","3.758"
"2022","2","La Pampa","0,26","3.012"
"2022","2","La Pampa","31","5.178"
"2022","2","La Pampa","3,2","7.920"
"2022","2","La Pampa","36","1"
"2022","2","La Pampa","0,38","1"
"2022","2","La Pampa","4,5","3.412"
"2022","2","La Pampa","0,51","6"
"2022","2","La Pampa","61","63"
"2022","2","La Pampa","6,4","42.524"
"2022","2","La Pampa","7,5","118"
"2022","2","La Pampa","0,75","61"
"2022","2","La Pampa","10,1","8.005"
"2022","2","La Pampa","120","3"
"2022","2","La Pampa","122","36"
"2022","2","La Pampa","12,3","27"
"2022","2","La Pampa","20,5","4.815"
"2022","2","La Pampa","25,1","72"
"2022","2","La Pampa","320","24"
"2022","2","La Pampa","50,1","14.926"
"2022","2","La Pampa","100,1","2.069"
"2022","2","La Rioja","6","162"
"2022","2","La Rioja","9","85"
"2022","2","La Rioja","12","22"
"2022","2","La Rioja","1,2","728"
"2022","2","La Rioja","16","487"
"2022","2","La Rioja","2,2","8"
"2022","2","La Rioja","25","705"
"2022","2","La Rioja","31","4.512"
"2022","2","La Rioja","3,2","899"
"2022","2","La Rioja","4,5","2"
"2022","2","La Rioja","0,51","9"
"2022","2","La Rioja","6,4","2.108"
"2022","2","La Rioja","7,5","1"
"2022","2","La Rioja","0,75","9"
"2022","2","La Rioja","10,1","3.804"
"2022","2","La Rioja","12,3","15.641"
"2022","2","La Rioja","203","137"
"2022","2","La Rioja","20,5","7.664"
"2022","2","La Rioja","25,1","266"
"2022","2","La Rioja","320","473"
"2022","2","La Rioja","50,1","36.890"
"2022","2","La Rioja","100,1","11.417"
"2022","2","La Rioja","1024","1"
"2022","2","Mendoza","1","737"
"2022","2","Mendoza","2","1.348"
"2022","2","Mendoza","4","10.699"
"2022","2","Mendoza","6","892"
"2022","2","Mendoza","9","10.780"
"2022","2","Mendoza","10","1.629"
"2022","2","Mendoza","1,2","2.217"
"2022","2","Mendoza","16","19.422"
"2022","2","Mendoza","2,2","3.359"
"2022","2","Mendoza","25","11.992"
"2022","2","Mendoza","0,26","3.940"
"2022","2","Mendoza","31","53.578"
"2022","2","Mendoza","3,2","4.988"
"2022","2","Mendoza","37","63"
"2022","2","Mendoza","0,38","1"
"2022","2","Mendoza","41","37"
"2022","2","Mendoza","4,5","1.640"
"2022","2","Mendoza","46","1"
"2022","2","Mendoza","0,51","86"
"2022","2","Mendoza","61","2"
"2022","2","Mendoza","6,4","22.035"
"2022","2","Mendoza","71","2"
"2022","2","Mendoza","7,5","1.582"
"2022","2","Mendoza","0,75","16"
"2022","2","Mendoza","77","1"
"2022","2","Mendoza","91","1"
"2022","2","Mendoza","10,1","8.566"
"2022","2","Mendoza","12,3","36.586"
"2022","2","Mendoza","203","16"
"2022","2","Mendoza","20,5","8.130"
"2022","2","Mendoza","25,1","143"
"2022","2","Mendoza","320","1.925"
"2022","2","Mendoza","450","1"
"2022","2","Mendoza","50,1","58.158"
"2022","2","Mendoza","512","1"
"2022","2","Mendoza","100,1","14.986"
"2022","2","Mendoza","1024","2"
"2022","2","Misiones","4","4"
"2022","2","Misiones","6","6.237"
"2022","2","Misiones","9","48"
"2022","2","Misiones","10","6"
"2022","2","Misiones","12","4"
"2022","2","Misiones","1,2","3.808"
"2022","2","Misiones","15","1"
"2022","2","Misiones","16","3.272"
"2022","2","Misiones","17","1"
"2022","2","Misiones","19","246"
"2022","2","Misiones","2,2","11.079"
"2022","2","Misiones","0,26","8.350"
"2022","2","Misiones","31","18.797"
"2022","2","Misiones","3,2","5.407"
"2022","2","Misiones","41","71"
"2022","2","Misiones","4,5","1.622"
"2022","2","Misiones","46","264"
"2022","2","Misiones","0,51","47"
"2022","2","Misiones","61","19"
"2022","2","Misiones","6,4","12.905"
"2022","2","Misiones","7,5","585"
"2022","2","Misiones","0,75","4"
"2022","2","Misiones","77","553"
"2022","2","Misiones","10,1","21.073"
"2022","2","Misiones","12,3","177"
"2022","2","Misiones","203","3.852"
"2022","2","Misiones","20,5","9.073"
"2022","2","Misiones","25,1","979"
"2022","2","Misiones","320","3.648"
"2022","2","Misiones","50,1","39.048"
"2022","2","Misiones","100,1","27.583"
"2022","2","Misiones","1024","50"
"2022","2","Neuquén","1","458"
"2022","2","Neuquén","4","10.737"
"2022","2","Neuquén","6","9.295"
"2022","2","Neuquén","9","7.418"
"2022","2","Neuquén","1,2","541"
"2022","2","Neuquén","15","1"
"2022","2","Neuquén","16","4.702"
"2022","2","Neuquén","19","765"
"2022","2","Neuquén","2,2","1.561"
"2022","2","Neuquén","0,26","18.717"
"2022","2","Neuquén","31","12.119"
"2022","2","Neuquén","3,2","6.881"
"2022","2","Neuquén","41","57"
"2022","2","Neuquén","4,5","1.464"
"2022","2","Neuquén","0,51","62"
"2022","2","Neuquén","6,4","8.888"
"2022","2","Neuquén","65","4"
"2022","2","Neuquén","7,5","276"
"2022","2","Neuquén","0,75","72"
"2022","2","Neuquén","10,1","7.372"
"2022","2","Neuquén","12,3","1.198"
"2022","2","Neuquén","155","142"
"2022","2","Neuquén","203","54"
"2022","2","Neuquén","20,5","2.539"
"2022","2","Neuquén","25,1","1.572"
"2022","2","Neuquén","320","5.016"
"2022","2","Neuquén","50,1","35.827"
"2022","2","Neuquén","100,1","24.168"
"2022","2","Neuquén","1024","62"
"2022","2","Río Negro","1","501"
"2022","2","Río Negro","4","7.796"
"2022","2","Río Negro","6","1.900"
"2022","2","Río Negro","9","9.421"
"2022","2","Río Negro","10","4"
"2022","2","Río Negro","12","18"
"2022","2","Río Negro","1,2","726"
"2022","2","Río Negro","16","9.226"
"2022","2","Río Negro","19","586"
"2022","2","Río Negro","2,2","2.935"
"2022","2","Río Negro","0,26","24.270"
"2022","2","Río Negro","31","16.128"
"2022","2","Río Negro","3,2","6.758"
"2022","2","Río Negro","41","126"
"2022","2","Río Negro","4,5","2.944"
"2022","2","Río Negro","0,51","36"
"2022","2","Río Negro","61","104"
"2022","2","Río Negro","6,4","11.031"
"2022","2","Río Negro","0,75","75"
"2022","2","Río Negro","81","60"
"2022","2","Río Negro","10,1","8.513"
"2022","2","Río Negro","120","1"
"2022","2","Río Negro","122","77"
"2022","2","Río Negro","12,3","10.313"
"2022","2","Río Negro","125","34"
"2022","2","Río Negro","155","1"
"2022","2","Río Negro","203","34"
"2022","2","Río Negro","20,5","7.025"
"2022","2","Río Negro","25,1","2.815"
"2022","2","Río Negro","256","8"
"2022","2","Río Negro","320","2.074"
"2022","2","Río Negro","50,1","19.508"
"2022","2","Río Negro","512","4"
"2022","2","Río Negro","540","40"
"2022","2","Río Negro","945","110"
"2022","2","Río Negro","100,1","14.538"
"2022","2","Río Negro","1024","24"
"2022","2","Salta","1","1"
"2022","2","Salta","4","8"
"2022","2","Salta","6","4.391"
"2022","2","Salta","9","5.541"
"2022","2","Salta","1,2","1.529"
"2022","2","Salta","16","2.217"
"2022","2","Salta","19","7"
"2022","2","Salta","2,2","1.553"
"2022","2","Salta","0,26","6.494"
"2022","2","Salta","31","141"
"2022","2","Salta","3,2","7.972"
"2022","2","Salta","4,5","8.200"
"2022","2","Salta","0,51","41"
"2022","2","Salta","6,4","11.608"
"2022","2","Salta","7,5","303"
"2022","2","Salta","0,75","73"
"2022","2","Salta","10,1","66.817"
"2022","2","Salta","12,3","429"
"2022","2","Salta","20,5","3.359"
"2022","2","Salta","25,1","1.030"
"2022","2","Salta","320","4.472"
"2022","2","Salta","50,1","48.787"
"2022","2","Salta","100,1","28.182"
"2022","2","Salta","1024","22"
"2022","2","San Juan","1","723"
"2022","2","San Juan","4","11.509"
"2022","2","San Juan","6","2.024"
"2022","2","San Juan","9","9.391"
"2022","2","San Juan","10","48"
"2022","2","San Juan","1,2","1.304"
"2022","2","San Juan","16","10.662"
"2022","2","San Juan","2,2","1.405"
"2022","2","San Juan","25","2.601"
"2022","2","San Juan","0,26","11.617"
"2022","2","San Juan","31","10.387"
"2022","2","San Juan","3,2","11.493"
"2022","2","San Juan","41","3"
"2022","2","San Juan","4,5","860"
"2022","2","San Juan","0,51","21"
"2022","2","San Juan","61","1"
"2022","2","San Juan","6,4","3.094"
"2022","2","San Juan","7,5","1.174"
"2022","2","San Juan","0,75","3"
"2022","2","San Juan","10,1","663"
"2022","2","San Juan","12,3","13.529"
"2022","2","San Juan","20,5","458"
"2022","2","San Juan","25,1","811"
"2022","2","San Juan","320","13"
"2022","2","San Juan","50,1","6.215"
"2022","2","San Juan","100,1","398"
"2022","2","San Luis","1","163"
"2022","2","San Luis","4","1.418"
"2022","2","San Luis","6","119"
"2022","2","San Luis","9","2.373"
"2022","2","San Luis","10","1.024"
"2022","2","San Luis","1,2","143"
"2022","2","San Luis","16","1.827"
"2022","2","San Luis","2,2","100"
"2022","2","San Luis","0,26","14.815"
"2022","2","San Luis","31","2"
"2022","2","San Luis","3,2","1.251"
"2022","2","San Luis","41","8"
"2022","2","San Luis","47","3"
"2022","2","San Luis","0,51","59"
"2022","2","San Luis","6,4","3.952"
"2022","2","San Luis","7,5","113"
"2022","2","San Luis","0,75","1"
"2022","2","San Luis","10,1","17.707"
"2022","2","San Luis","12,3","9.048"
"2022","2","San Luis","20,5","177"
"2022","2","San Luis","25,1","67.438"
"2022","2","Santa Cruz","1","218"
"2022","2","Santa Cruz","4","2.001"
"2022","2","Santa Cruz","6","1.921"
"2022","2","Santa Cruz","9","2.318"
"2022","2","Santa Cruz","10","11"
"2022","2","Santa Cruz","1,2","6.623"
"2022","2","Santa Cruz","16","4.597"
"2022","2","Santa Cruz","19","940"
"2022","2","Santa Cruz","2,2","2.299"
"2022","2","Santa Cruz","25","275"
"2022","2","Santa Cruz","0,26","644"
"2022","2","Santa Cruz","31","321"
"2022","2","Santa Cruz","3,2","2.859"
"2022","2","Santa Cruz","36","427"
"2022","2","Santa Cruz","0,38","3"
"2022","2","Santa Cruz","41","35"
"2022","2","Santa Cruz","4,5","962"
"2022","2","Santa Cruz","0,51","26"
"2022","2","Santa Cruz","6,4","2.306"
"2022","2","Santa Cruz","7,5","20"
"2022","2","Santa Cruz","0,75","23"
"2022","2","Santa Cruz","77","104"
"2022","2","Santa Cruz","10,1","9.020"
"2022","2","Santa Cruz","12,3","6.061"
"2022","2","Santa Cruz","20,5","287"
"2022","2","Santa Cruz","25,1","1.865"
"2022","2","Santa Cruz","50,1","2.869"
"2022","2","Santa Cruz","100,1","150"
"2022","2","Santa Fe","1","5"
"2022","2","Santa Fe","4","172"
"2022","2","Santa Fe","6","23.590"
"2022","2","Santa Fe","9","10.767"
"2022","2","Santa Fe","10","754"
"2022","2","Santa Fe","1,2","11.752"
"2022","2","Santa Fe","14","135"
"2022","2","Santa Fe","16","16.306"
"2022","2","Santa Fe","17","61"
"2022","2","Santa Fe","19","1.727"
"2022","2","Santa Fe","2,2","9.722"
"2022","2","Santa Fe","25","39"
"2022","2","Santa Fe","0,26","17.584"
"2022","2","Santa Fe","31","34.395"
"2022","2","Santa Fe","3,2","39.653"
"2022","2","Santa Fe","36","9"
"2022","2","Santa Fe","37","18"
"2022","2","Santa Fe","0,38","32"
"2022","2","Santa Fe","39","2"
"2022","2","Santa Fe","41","1.763"
"2022","2","Santa Fe","4,5","4.424"
"2022","2","Santa Fe","46","101"
"2022","2","Santa Fe","0,51","335"
"2022","2","Santa Fe","61","438"
"2022","2","Santa Fe","6,4","60.973"
"2022","2","Santa Fe","7,5","4.426"
"2022","2","Santa Fe","0,75","101"
"2022","2","Santa Fe","81","1.605"
"2022","2","Santa Fe","97","1"
"2022","2","Santa Fe","10,1","188.434"
"2022","2","Santa Fe","122","84"
"2022","2","Santa Fe","12,3","7.412"
"2022","2","Santa Fe","155","767"
"2022","2","Santa Fe","203","116"
"2022","2","Santa Fe","20,5","48.492"
"2022","2","Santa Fe","25,1","23.823"
"2022","2","Santa Fe","320","18.039"
"2022","2","Santa Fe","473","1"
"2022","2","Santa Fe","50,1","209.832"
"2022","2","Santa Fe","768","1"
"2022","2","Santa Fe","100,1","140.772"
"2022","2","Santa Fe","1024","196"
"2022","2","Santiago Del Estero","1","908"
"2022","2","Santiago Del Estero","2","307"
"2022","2","Santiago Del Estero","6","385"
"2022","2","Santiago Del Estero","9","12"
"2022","2","Santiago Del Estero","1,2","493"
"2022","2","Santiago Del Estero","16","592"
"2022","2","Santiago Del Estero","2,2","380"
"2022","2","Santiago Del Estero","0,26","792"
"2022","2","Santiago Del Estero","31","418"
"2022","2","Santiago Del Estero","3,2","11.321"
"2022","2","Santiago Del Estero","41","36"
"2022","2","Santiago Del Estero","4,5","1.267"
"2022","2","Santiago Del Estero","0,51","39"
"2022","2","Santiago Del Estero","6,4","15.921"
"2022","2","Santiago Del Estero","7,5","1.450"
"2022","2","Santiago Del Estero","0,75","139"
"2022","2","Santiago Del Estero","10,1","58.469"
"2022","2","Santiago Del Estero","12,3","11.111"
"2022","2","Santiago Del Estero","20,5","2.903"
"2022","2","Santiago Del Estero","25,1","465"
"2022","2","Santiago Del Estero","320","502"
"2022","2","Santiago Del Estero","50,1","4.247"
"2022","2","Santiago Del Estero","512","1"
"2022","2","Santiago Del Estero","100,1","5.882"
"2022","2","Santiago Del Estero","1024","4"
"2022","2","Tierra Del Fuego","1","318"
"2022","2","Tierra Del Fuego","4","3.740"
"2022","2","Tierra Del Fuego","6","315"
"2022","2","Tierra Del Fuego","9","9.297"
"2022","2","Tierra Del Fuego","10","20"
"2022","2","Tierra Del Fuego","1,2","513"
"2022","2","Tierra Del Fuego","16","7.743"
"2022","2","Tierra Del Fuego","19","207"
"2022","2","Tierra Del Fuego","2,2","1"
"2022","2","Tierra Del Fuego","25","96"
"2022","2","Tierra Del Fuego","0,26","3.351"
"2022","2","Tierra Del Fuego","31","128"
"2022","2","Tierra Del Fuego","3,2","8"
"2022","2","Tierra Del Fuego","36","2"
"2022","2","Tierra Del Fuego","41","11"
"2022","2","Tierra Del Fuego","4,5","2.133"
"2022","2","Tierra Del Fuego","0,51","11"
"2022","2","Tierra Del Fuego","61","53"
"2022","2","Tierra Del Fuego","6,4","5.855"
"2022","2","Tierra Del Fuego","0,75","11"
"2022","2","Tierra Del Fuego","10,1","5.511"
"2022","2","Tierra Del Fuego","12,3","11.941"
"2022","2","Tierra Del Fuego","155","32"
"2022","2","Tierra Del Fuego","203","1"
"2022","2","Tierra Del Fuego","20,5","77"
"2022","2","Tierra Del Fuego","25,1","1.523"
"2022","2","Tierra Del Fuego","50,1","832"
"2022","2","Tierra Del Fuego","100,1","39"
"2022","2","Tierra Del Fuego","1075","1"
"2022","2","Tucumán","4","2.271"
"2022","2","Tucumán","6","1.194"
"2022","2","Tucumán","9","145"
"2022","2","Tucumán","10","190"
"2022","2","Tucumán","1,2","2.195"
"2022","2","Tucumán","16","2.576"
"2022","2","Tucumán","20","1"
"2022","2","Tucumán","2,2","119"
"2022","2","Tucumán","25","65"
"2022","2","Tucumán","0,26","281"
"2022","2","Tucumán","27","10"
"2022","2","Tucumán","31","1.247"
"2022","2","Tucumán","3,2","9.000"
"2022","2","Tucumán","36","1"
"2022","2","Tucumán","4,5","350"
"2022","2","Tucumán","0,51","19"
"2022","2","Tucumán","56","1"
"2022","2","Tucumán","6,4","21.527"
"2022","2","Tucumán","71","1"
"2022","2","Tucumán","7,5","157"
"2022","2","Tucumán","0,75","20"
"2022","2","Tucumán","10,1","43.021"
"2022","2","Tucumán","12,3","6.939"
"2022","2","Tucumán","165","1"
"2022","2","Tucumán","203","3"
"2022","2","Tucumán","20,5","14.118"
"2022","2","Tucumán","25,1","3.541"
"2022","2","Tucumán","320","5.598"
"2022","2","Tucumán","50,1","81.869"
"2022","2","Tucumán","512","1"
"2022","2","Tucumán","700","1"
"2022","2","Tucumán","100,1","58.051"
"2022","2","Tucumán","1024","14"
"2022","1","Buenos Aires","1","5.958"
"2022","1","Buenos Aires","2","351"
"2022","1","Buenos Aires","4","50.532"
"2022","1","Buenos Aires","5","65"
"2022","1","Buenos Aires","6","34.623"
"2022","1","Buenos Aires","8","289"
"2022","1","Buenos Aires","9","74.897"
"2022","1","Buenos Aires","10","231"
"2022","1","Buenos Aires","12","10"
"2022","1","Buenos Aires","1,2","24.098"
"2022","1","Buenos Aires","14","128"
"2022","1","Buenos Aires","15","33"
"2022","1","Buenos Aires","16","97.049"
"2022","1","Buenos Aires","17","301"
"2022","1","Buenos Aires","18","2"
"2022","1","Buenos Aires","19","20.609"
"2022","1","Buenos Aires","22","4"
"2022","1","Buenos Aires","2,2","24.766"
"2022","1","Buenos Aires","23","1"
"2022","1","Buenos Aires","24","18"
"2022","1","Buenos Aires","25","25"
"2022","1","Buenos Aires","0,26","26.280"
"2022","1","Buenos Aires","31","726.501"
"2022","1","Buenos Aires","32","1.397"
"2022","1","Buenos Aires","3,2","65.112"
"2022","1","Buenos Aires","34","7"
"2022","1","Buenos Aires","35","2"
"2022","1","Buenos Aires","36","873"
"2022","1","Buenos Aires","0,38","19"
"2022","1","Buenos Aires","41","3.302"
"2022","1","Buenos Aires","45","9"
"2022","1","Buenos Aires","4,5","13.729"
"2022","1","Buenos Aires","50","1"
"2022","1","Buenos Aires","0,51","31.380"
"2022","1","Buenos Aires","56","59"
"2022","1","Buenos Aires","59","2"
"2022","1","Buenos Aires","60","59"
"2022","1","Buenos Aires","61","426.428"
"2022","1","Buenos Aires","62","78"
"2022","1","Buenos Aires","63","2"
"2022","1","Buenos Aires","6,4","124.179"
"2022","1","Buenos Aires","66","6"
"2022","1","Buenos Aires","6,7","25"
"2022","1","Buenos Aires","71","3.163"
"2022","1","Buenos Aires","7,5","11.296"
"2022","1","Buenos Aires","0,75","192"
"2022","1","Buenos Aires","77","100.884"
"2022","1","Buenos Aires","80","4"
"2022","1","Buenos Aires","81","212"
"2022","1","Buenos Aires","82","2"
"2022","1","Buenos Aires","90","14"
"2022","1","Buenos Aires","91","3"
"2022","1","Buenos Aires","95","6"
"2022","1","Buenos Aires","10,1","235.043"
"2022","1","Buenos Aires","122","308"
"2022","1","Buenos Aires","12,3","32.963"
"2022","1","Buenos Aires","126","2"
"2022","1","Buenos Aires","127","2"
"2022","1","Buenos Aires","155","105.350"
"2022","1","Buenos Aires","160","2"
"2022","1","Buenos Aires","164","6"
"2022","1","Buenos Aires","203","697"
"2022","1","Buenos Aires","20,5","139.032"
"2022","1","Buenos Aires","220","1"
"2022","1","Buenos Aires","246","38"
"2022","1","Buenos Aires","25,1","114.692"
"2022","1","Buenos Aires","256","8"
"2022","1","Buenos Aires","270","13"
"2022","1","Buenos Aires","320","139.417"
"2022","1","Buenos Aires","350","8"
"2022","1","Buenos Aires","500","5"
"2022","1","Buenos Aires","50,1","1.006.534"
"2022","1","Buenos Aires","512","13.171"
"2022","1","Buenos Aires","520","22"
"2022","1","Buenos Aires","640","696"
"2022","1","Buenos Aires","100,1","886.665"
"2022","1","Buenos Aires","1024","11.533"
"2022","1","CABA","1","1.407"
"2022","1","CABA","4","13.670"
"2022","1","CABA","6","3.506"
"2022","1","CABA","9","18.196"
"2022","1","CABA","10","3"
"2022","1","CABA","12","5"
"2022","1","CABA","1,2","4.168"
"2022","1","CABA","16","31.903"
"2022","1","CABA","17","5"
"2022","1","CABA","19","15.630"
"2022","1","CABA","22","1"
"2022","1","CABA","2,2","316"
"2022","1","CABA","0,26","1.717"
"2022","1","CABA","31","59.618"
"2022","1","CABA","3,2","5.393"
"2022","1","CABA","36","9"
"2022","1","CABA","0,38","31"
"2022","1","CABA","40","60"
"2022","1","CABA","41","124"
"2022","1","CABA","4,5","992"
"2022","1","CABA","0,51","461"
"2022","1","CABA","56","1"
"2022","1","CABA","61","100.334"
"2022","1","CABA","6,4","16.041"
"2022","1","CABA","67","1"
"2022","1","CABA","71","3"
"2022","1","CABA","7,5","7"
"2022","1","CABA","0,75","35"
"2022","1","CABA","77","31.684"
"2022","1","CABA","81","8"
"2022","1","CABA","10,1","59.184"
"2022","1","CABA","120","1"
"2022","1","CABA","122","5"
"2022","1","CABA","12,3","4.423"
"2022","1","CABA","126","3"
"2022","1","CABA","155","41.444"
"2022","1","CABA","164","5"
"2022","1","CABA","203","2.590"
"2022","1","CABA","20,5","9.087"
"2022","1","CABA","225","1"
"2022","1","CABA","234","1"
"2022","1","CABA","25,1","33.645"
"2022","1","CABA","256","1.399"
"2022","1","CABA","300","1"
"2022","1","CABA","320","98.441"
"2022","1","CABA","330","2"
"2022","1","CABA","450","2"
"2022","1","CABA","50,1","420.771"
"2022","1","CABA","512","4.408"
"2022","1","CABA","768","1"
"2022","1","CABA","850","1"
"2022","1","CABA","100,1","427.452"
"2022","1","CABA","1024","9.345"
"2022","1","Catamarca","6","18"
"2022","1","Catamarca","10","3"
"2022","1","Catamarca","1,2","456"
"2022","1","Catamarca","16","841"
"2022","1","Catamarca","2,2","144"
"2022","1","Catamarca","25","2.573"
"2022","1","Catamarca","0,26","2.207"
"2022","1","Catamarca","31","960"
"2022","1","Catamarca","3,2","1.542"
"2022","1","Catamarca","0,51","34"
"2022","1","Catamarca","6,4","2.682"
"2022","1","Catamarca","7,5","2"
"2022","1","Catamarca","0,75","37"
"2022","1","Catamarca","10,1","7.004"
"2022","1","Catamarca","12,3","3.181"
"2022","1","Catamarca","203","42"
"2022","1","Catamarca","20,5","4.751"
"2022","1","Catamarca","25,1","228"
"2022","1","Catamarca","320","1.332"
"2022","1","Catamarca","50,1","21.877"
"2022","1","Catamarca","100,1","12.464"
"2022","1","Chaco","4","167"
"2022","1","Chaco","0,5","111"
"2022","1","Chaco","6","1.757"
"2022","1","Chaco","9","1.248"
"2022","1","Chaco","10","1"
"2022","1","Chaco","1,2","988"
"2022","1","Chaco","1,5","25"
"2022","1","Chaco","16","1.603"
"2022","1","Chaco","19","270"
"2022","1","Chaco","2,2","1.007"
"2022","1","Chaco","0,26","7.580"
"2022","1","Chaco","31","11.170"
"2022","1","Chaco","3,2","4.776"
"2022","1","Chaco","41","18"
"2022","1","Chaco","4,5","368"
"2022","1","Chaco","0,51","234"
"2022","1","Chaco","0,63","225"
"2022","1","Chaco","6,4","8.788"
"2022","1","Chaco","7,5","575"
"2022","1","Chaco","0,75","2"
"2022","1","Chaco","10,1","19.411"
"2022","1","Chaco","12,3","2.161"
"2022","1","Chaco","20,5","16.864"
"2022","1","Chaco","25,1","1.853"
"2022","1","Chaco","320","3.540"
"2022","1","Chaco","50,1","36.088"
"2022","1","Chaco","100,1","23.289"
"2022","1","Chubut","1","1.069"
"2022","1","Chubut","4","12.765"
"2022","1","Chubut","6","2.415"
"2022","1","Chubut","9","13.196"
"2022","1","Chubut","10","638"
"2022","1","Chubut","12","1"
"2022","1","Chubut","1,2","608"
"2022","1","Chubut","16","18.909"
"2022","1","Chubut","2,2","5.624"
"2022","1","Chubut","25","1.190"
"2022","1","Chubut","0,26","15.607"
"2022","1","Chubut","31","9.160"
"2022","1","Chubut","3,2","18.839"
"2022","1","Chubut","0,38","8"
"2022","1","Chubut","41","10"
"2022","1","Chubut","4,5","5.529"
"2022","1","Chubut","0,51","73"
"2022","1","Chubut","6,4","16.197"
"2022","1","Chubut","7,5","180"
"2022","1","Chubut","0,75","32"
"2022","1","Chubut","10,1","17.842"
"2022","1","Chubut","12,3","13.910"
"2022","1","Chubut","203","1"
"2022","1","Chubut","20,5","260"
"2022","1","Chubut","25,1","4.134"
"2022","1","Chubut","320","25"
"2022","1","Chubut","50,1","13.124"
"2022","1","Chubut","100,1","282"
"2022","1","Córdoba","1","91"
"2022","1","Córdoba","2","7"
"2022","1","Córdoba","4","4.990"
"2022","1","Córdoba","6","8.543"
"2022","1","Córdoba","7","13"
"2022","1","Córdoba","9","12.013"
"2022","1","Córdoba","10","2.198"
"2022","1","Córdoba","12","88"
"2022","1","Córdoba","1,2","12.691"
"2022","1","Córdoba","14","35"
"2022","1","Córdoba","15","11"
"2022","1","Córdoba","16","25.064"
"2022","1","Córdoba","17","134"
"2022","1","Córdoba","19","4.073"
"2022","1","Córdoba","2,2","9.450"
"2022","1","Córdoba","25","2"
"2022","1","Córdoba","2,5","26"
"2022","1","Córdoba","26","35"
"2022","1","Córdoba","0,26","13.104"
"2022","1","Córdoba","31","6.299"
"2022","1","Córdoba","3,2","44.630"
"2022","1","Córdoba","3,5","6"
"2022","1","Córdoba","36","8"
"2022","1","Córdoba","0,38","2"
"2022","1","Córdoba","41","485"
"2022","1","Córdoba","4,5","14.055"
"2022","1","Córdoba","0,51","88"
"2022","1","Córdoba","61","5.080"
"2022","1","Córdoba","6,4","84.061"
"2022","1","Córdoba","6,7","154"
"2022","1","Córdoba","71","2"
"2022","1","Córdoba","7,5","2.570"
"2022","1","Córdoba","0,75","10"
"2022","1","Córdoba","77","12"
"2022","1","Córdoba","10,1","109.215"
"2022","1","Córdoba","122","223"
"2022","1","Córdoba","12,3","15.722"
"2022","1","Córdoba","145","1"
"2022","1","Córdoba","155","16"
"2022","1","Córdoba","203","319"
"2022","1","Córdoba","20,5","28.840"
"2022","1","Córdoba","234","1"
"2022","1","Córdoba","25,1","28.685"
"2022","1","Córdoba","25,5","1"
"2022","1","Córdoba","320","25.894"
"2022","1","Córdoba","450","54"
"2022","1","Córdoba","50,1","348.330"
"2022","1","Córdoba","520","21"
"2022","1","Córdoba","768","1"
"2022","1","Córdoba","900","1"
"2022","1","Córdoba","100,1","196.442"
"2022","1","Córdoba","1024","2"
"2022","1","Córdoba","25,11","5"
"2022","1","Corrientes","1","118"
"2022","1","Corrientes","4","480"
"2022","1","Corrientes","6","1.558"
"2022","1","Corrientes","9","2.921"
"2022","1","Corrientes","1,2","3.911"
"2022","1","Corrientes","16","1.696"
"2022","1","Corrientes","17","1.108"
"2022","1","Corrientes","19","236"
"2022","1","Corrientes","2,2","2.959"
"2022","1","Corrientes","0,26","7.094"
"2022","1","Corrientes","31","9.204"
"2022","1","Corrientes","3,2","7.587"
"2022","1","Corrientes","34","1"
"2022","1","Corrientes","4,5","1.688"
"2022","1","Corrientes","0,51","10"
"2022","1","Corrientes","6,4","10.291"
"2022","1","Corrientes","0,75","57"
"2022","1","Corrientes","10,1","22.744"
"2022","1","Corrientes","12,3","187"
"2022","1","Corrientes","20,5","23.850"
"2022","1","Corrientes","25,1","1.262"
"2022","1","Corrientes","320","3.100"
"2022","1","Corrientes","50,1","20.296"
"2022","1","Corrientes","100,1","20.220"
"2022","1","Entre Ríos","1","113"
"2022","1","Entre Ríos","4","390"
"2022","1","Entre Ríos","6","5.015"
"2022","1","Entre Ríos","9","1.541"
"2022","1","Entre Ríos","10","3"
"2022","1","Entre Ríos","1,2","5.632"
"2022","1","Entre Ríos","16","3.669"
"2022","1","Entre Ríos","17","1"
"2022","1","Entre Ríos","19","839"
"2022","1","Entre Ríos","2,2","4.656"
"2022","1","Entre Ríos","0,26","16.750"
"2022","1","Entre Ríos","31","17.566"
"2022","1","Entre Ríos","3,2","11.535"
"2022","1","Entre Ríos","0,38","1"
"2022","1","Entre Ríos","4,5","2.393"
"2022","1","Entre Ríos","0,51","20"
"2022","1","Entre Ríos","6,4","26.086"
"2022","1","Entre Ríos","7,5","1.117"
"2022","1","Entre Ríos","0,75","86"
"2022","1","Entre Ríos","10,1","46.959"
"2022","1","Entre Ríos","12,3","4.369"
"2022","1","Entre Ríos","155","1"
"2022","1","Entre Ríos","20,5","33.416"
"2022","1","Entre Ríos","25,1","4.030"
"2022","1","Entre Ríos","320","4.140"
"2022","1","Entre Ríos","50,1","44.247"
"2022","1","Entre Ríos","100,1","33.351"
"2022","1","Formosa","6","2.959"
"2022","1","Formosa","9","88"
"2022","1","Formosa","1,2","448"
"2022","1","Formosa","16","572"
"2022","1","Formosa","19","228"
"2022","1","Formosa","2,2","1.951"
"2022","1","Formosa","0,26","588"
"2022","1","Formosa","31","324"
"2022","1","Formosa","3,2","10.028"
"2022","1","Formosa","36","5"
"2022","1","Formosa","41","8"
"2022","1","Formosa","4,5","3.291"
"2022","1","Formosa","0,51","49"
"2022","1","Formosa","6,4","5.884"
"2022","1","Formosa","7,5","26"
"2022","1","Formosa","0,75","48"
"2022","1","Formosa","10,1","6.831"
"2022","1","Formosa","12,3","331"
"2022","1","Formosa","20,5","5.482"
"2022","1","Formosa","25,1","396"
"2022","1","Formosa","320","914"
"2022","1","Formosa","50,1","7.268"
"2022","1","Formosa","100,1","6.829"
"2022","1","Jujuy","6","4.736"
"2022","1","Jujuy","9","999"
"2022","1","Jujuy","1,2","1.761"
"2022","1","Jujuy","16","526"
"2022","1","Jujuy","19","4"
"2022","1","Jujuy","2,2","3.996"
"2022","1","Jujuy","0,26","2.442"
"2022","1","Jujuy","27","26"
"2022","1","Jujuy","31","191"
"2022","1","Jujuy","3,2","5.432"
"2022","1","Jujuy","4,5","2.858"
"2022","1","Jujuy","0,51","26"
"2022","1","Jujuy","6,4","5.119"
"2022","1","Jujuy","7,5","10"
"2022","1","Jujuy","0,75","32"
"2022","1","Jujuy","86","1"
"2022","1","Jujuy","10,1","15.312"
"2022","1","Jujuy","12,3","23.223"
"2022","1","Jujuy","203","1"
"2022","1","Jujuy","20,5","14.170"
"2022","1","Jujuy","25,1","359"
"2022","1","Jujuy","320","502"
"2022","1","Jujuy","50,1","27.838"
"2022","1","Jujuy","520","200"
"2022","1","Jujuy","100,1","6.745"
"2022","1","La Pampa","1","476"
"2022","1","La Pampa","2","185"
"2022","1","La Pampa","4","2.460"
"2022","1","La Pampa","6","2.432"
"2022","1","La Pampa","9","1.751"
"2022","1","La Pampa","1,2","1.747"
"2022","1","La Pampa","16","7.002"
"2022","1","La Pampa","19","2"
"2022","1","La Pampa","2,2","3.700"
"2022","1","La Pampa","0,26","2.833"
"2022","1","La Pampa","31","5.135"
"2022","1","La Pampa","3,2","7.930"
"2022","1","La Pampa","0,38","1"
"2022","1","La Pampa","4,5","3.412"
"2022","1","La Pampa","0,51","239"
"2022","1","La Pampa","61","54"
"2022","1","La Pampa","6,4","42.693"
"2022","1","La Pampa","7,5","118"
"2022","1","La Pampa","0,75","61"
"2022","1","La Pampa","10,1","8.000"
"2022","1","La Pampa","120","3"
"2022","1","La Pampa","122","33"
"2022","1","La Pampa","12,3","14"
"2022","1","La Pampa","20,5","5.026"
"2022","1","La Pampa","25,1","121"
"2022","1","La Pampa","320","11"
"2022","1","La Pampa","50,1","12.719"
"2022","1","La Pampa","100,1","1.574"
"2022","1","La Rioja","6","162"
"2022","1","La Rioja","9","85"
"2022","1","La Rioja","12","22"
"2022","1","La Rioja","1,2","778"
"2022","1","La Rioja","16","525"
"2022","1","La Rioja","2,2","6"
"2022","1","La Rioja","25","873"
"2022","1","La Rioja","31","4.517"
"2022","1","La Rioja","3,2","958"
"2022","1","La Rioja","4,5","2"
"2022","1","La Rioja","0,51","9"
"2022","1","La Rioja","6,4","2.448"
"2022","1","La Rioja","0,75","9"
"2022","1","La Rioja","10,1","4.607"
"2022","1","La Rioja","12,3","15.379"
"2022","1","La Rioja","203","137"
"2022","1","La Rioja","20,5","7.698"
"2022","1","La Rioja","25,1","257"
"2022","1","La Rioja","320","358"
"2022","1","La Rioja","50,1","35.483"
"2022","1","La Rioja","100,1","9.990"
"2022","1","Mendoza","1","1.135"
"2022","1","Mendoza","2","1.348"
"2022","1","Mendoza","4","15.731"
"2022","1","Mendoza","6","903"
"2022","1","Mendoza","9","14.094"
"2022","1","Mendoza","10","1.736"
"2022","1","Mendoza","1,2","2.220"
"2022","1","Mendoza","16","22.543"
"2022","1","Mendoza","2,2","3.360"
"2022","1","Mendoza","25","13.898"
"2022","1","Mendoza","0,26","3.287"
"2022","1","Mendoza","31","45.551"
"2022","1","Mendoza","3,2","4.996"
"2022","1","Mendoza","37","82"
"2022","1","Mendoza","0,38","1"
"2022","1","Mendoza","41","39"
"2022","1","Mendoza","4,5","1.640"
"2022","1","Mendoza","46","1"
"2022","1","Mendoza","0,51","97"
"2022","1","Mendoza","61","2"
"2022","1","Mendoza","6,4","23.252"
"2022","1","Mendoza","71","2"
"2022","1","Mendoza","7,5","1.708"
"2022","1","Mendoza","0,75","16"
"2022","1","Mendoza","77","1"
"2022","1","Mendoza","91","1"
"2022","1","Mendoza","10,1","8.869"
"2022","1","Mendoza","12,3","44.057"
"2022","1","Mendoza","203","13"
"2022","1","Mendoza","20,5","7.578"
"2022","1","Mendoza","25,1","149"
"2022","1","Mendoza","320","1.548"
"2022","1","Mendoza","450","1"
"2022","1","Mendoza","50,1","41.347"
"2022","1","Mendoza","512","1"
"2022","1","Mendoza","100,1","13.976"
"2022","1","Mendoza","1024","2"
"2022","1","Misiones","4","4"
"2022","1","Misiones","6","4.944"
"2022","1","Misiones","9","48"
"2022","1","Misiones","10","6"
"2022","1","Misiones","12","4"
"2022","1","Misiones","1,2","3.873"
"2022","1","Misiones","15","1"
"2022","1","Misiones","16","2.355"
"2022","1","Misiones","17","1"
"2022","1","Misiones","19","299"
"2022","1","Misiones","2,2","11.079"
"2022","1","Misiones","0,26","8.349"
"2022","1","Misiones","31","14.541"
"2022","1","Misiones","3,2","5.627"
"2022","1","Misiones","41","71"
"2022","1","Misiones","4,5","1.622"
"2022","1","Misiones","46","68"
"2022","1","Misiones","0,51","47"
"2022","1","Misiones","61","19"
"2022","1","Misiones","6,4","12.379"
"2022","1","Misiones","7,5","366"
"2022","1","Misiones","0,75","4"
"2022","1","Misiones","10,1","21.841"
"2022","1","Misiones","12,3","202"
"2022","1","Misiones","203","3.852"
"2022","1","Misiones","20,5","23.993"
"2022","1","Misiones","25,1","1.332"
"2022","1","Misiones","320","2.947"
"2022","1","Misiones","50,1","27.132"
"2022","1","Misiones","100,1","24.502"
"2022","1","Neuquén","1","565"
"2022","1","Neuquén","4","11.122"
"2022","1","Neuquén","6","9.725"
"2022","1","Neuquén","9","7.998"
"2022","1","Neuquén","1,2","558"
"2022","1","Neuquén","15","1"
"2022","1","Neuquén","16","4.627"
"2022","1","Neuquén","19","887"
"2022","1","Neuquén","2,2","1.643"
"2022","1","Neuquén","0,26","7.885"
"2022","1","Neuquén","31","11.796"
"2022","1","Neuquén","3,2","6.957"
"2022","1","Neuquén","41","57"
"2022","1","Neuquén","4,5","1.463"
"2022","1","Neuquén","0,51","65"
"2022","1","Neuquén","6,4","8.946"
"2022","1","Neuquén","65","8"
"2022","1","Neuquén","7,5","276"
"2022","1","Neuquén","0,75","72"
"2022","1","Neuquén","10,1","7.349"
"2022","1","Neuquén","12,3","824"
"2022","1","Neuquén","203","52"
"2022","1","Neuquén","20,5","4.824"
"2022","1","Neuquén","25,1","2.156"
"2022","1","Neuquén","320","4.345"
"2022","1","Neuquén","50,1","33.440"
"2022","1","Neuquén","100,1","22.038"
"2022","1","Río Negro","1","642"
"2022","1","Río Negro","4","9.543"
"2022","1","Río Negro","6","1.901"
"2022","1","Río Negro","9","10.335"
"2022","1","Río Negro","10","7"
"2022","1","Río Negro","12","18"
"2022","1","Río Negro","1,2","741"
"2022","1","Río Negro","16","9.725"
"2022","1","Río Negro","19","668"
"2022","1","Río Negro","2,2","2.951"
"2022","1","Río Negro","0,26","22.652"
"2022","1","Río Negro","31","13.255"
"2022","1","Río Negro","3,2","6.822"
"2022","1","Río Negro","41","126"
"2022","1","Río Negro","4,5","2.944"
"2022","1","Río Negro","0,51","41"
"2022","1","Río Negro","61","104"
"2022","1","Río Negro","6,4","11.404"
"2022","1","Río Negro","0,75","75"
"2022","1","Río Negro","81","60"
"2022","1","Río Negro","10,1","8.517"
"2022","1","Río Negro","120","2"
"2022","1","Río Negro","122","77"
"2022","1","Río Negro","12,3","9.621"
"2022","1","Río Negro","125","34"
"2022","1","Río Negro","155","1"
"2022","1","Río Negro","203","34"
"2022","1","Río Negro","20,5","6.894"
"2022","1","Río Negro","25,1","3.182"
"2022","1","Río Negro","256","8"
"2022","1","Río Negro","320","1.689"
"2022","1","Río Negro","50,1","20.001"
"2022","1","Río Negro","512","4"
"2022","1","Río Negro","540","40"
"2022","1","Río Negro","945","110"
"2022","1","Río Negro","100,1","13.146"
"2022","1","Salta","1","1"
"2022","1","Salta","4","8"
"2022","1","Salta","6","4.422"
"2022","1","Salta","9","41"
"2022","1","Salta","1,2","1.724"
"2022","1","Salta","16","2.300"
"2022","1","Salta","19","7"
"2022","1","Salta","2,2","1.400"
"2022","1","Salta","0,26","6.489"
"2022","1","Salta","31","270"
"2022","1","Salta","3,2","9.484"
"2022","1","Salta","4,5","8.187"
"2022","1","Salta","0,51","41"
"2022","1","Salta","6,4","12.075"
"2022","1","Salta","7,5","323"
"2022","1","Salta","0,75","73"
"2022","1","Salta","10,1","67.882"
"2022","1","Salta","12,3","470"
"2022","1","Salta","20,5","3.536"
"2022","1","Salta","25,1","1.959"
"2022","1","Salta","320","3.603"
"2022","1","Salta","50,1","48.006"
"2022","1","Salta","100,1","25.214"
"2022","1","San Juan","1","965"
"2022","1","San Juan","4","13.672"
"2022","1","San Juan","6","1.653"
"2022","1","San Juan","9","9.999"
"2022","1","San Juan","10","69"
"2022","1","San Juan","1,2","1.304"
"2022","1","San Juan","16","10.443"
"2022","1","San Juan","2,2","1.484"
"2022","1","San Juan","25","960"
"2022","1","San Juan","0,26","2.465"
"2022","1","San Juan","31","10.047"
"2022","1","San Juan","3,2","11.495"
"2022","1","San Juan","41","3"
"2022","1","San Juan","4,5","910"
"2022","1","San Juan","0,51","23"
"2022","1","San Juan","61","1"
"2022","1","San Juan","6,4","3.142"
"2022","1","San Juan","7,5","1.187"
"2022","1","San Juan","0,75","3"
"2022","1","San Juan","10,1","659"
"2022","1","San Juan","12,3","14.270"
"2022","1","San Juan","20,5","431"
"2022","1","San Juan","25,1","811"
"2022","1","San Juan","320","13"
"2022","1","San Juan","50,1","1.771"
"2022","1","San Juan","100,1","398"
"2022","1","San Luis","1","222"
"2022","1","San Luis","4","1.833"
"2022","1","San Luis","6","110"
"2022","1","San Luis","9","2.147"
"2022","1","San Luis","10","1.544"
"2022","1","San Luis","1,2","421"
"2022","1","San Luis","16","1.849"
"2022","1","San Luis","2,2","664"
"2022","1","San Luis","0,26","28.589"
"2022","1","San Luis","31","5"
"2022","1","San Luis","3,2","968"
"2022","1","San Luis","41","1"
"2022","1","San Luis","4,5","310"
"2022","1","San Luis","47","6"
"2022","1","San Luis","0,51","60"
"2022","1","San Luis","6,4","4.402"
"2022","1","San Luis","7,5","127"
"2022","1","San Luis","0,75","1"
"2022","1","San Luis","10,1","19"
"2022","1","San Luis","12,3","7.860"
"2022","1","San Luis","20,5","93"
"2022","1","San Luis","25,1","68.612"
"2022","1","San Luis","100,1","1"
"2022","1","Santa Cruz","1","275"
"2022","1","Santa Cruz","4","2.230"
"2022","1","Santa Cruz","6","1.919"
"2022","1","Santa Cruz","9","2.422"
"2022","1","Santa Cruz","10","18"
"2022","1","Santa Cruz","1,2","6.623"
"2022","1","Santa Cruz","16","4.557"
"2022","1","Santa Cruz","19","940"
"2022","1","Santa Cruz","2,2","2.339"
"2022","1","Santa Cruz","25","450"
"2022","1","Santa Cruz","0,26","485"
"2022","1","Santa Cruz","31","324"
"2022","1","Santa Cruz","3,2","2.871"
"2022","1","Santa Cruz","36","427"
"2022","1","Santa Cruz","0,38","3"
"2022","1","Santa Cruz","41","34"
"2022","1","Santa Cruz","4,5","962"
"2022","1","Santa Cruz","0,51","25"
"2022","1","Santa Cruz","6,4","2.389"
"2022","1","Santa Cruz","7,5","21"
"2022","1","Santa Cruz","0,75","23"
"2022","1","Santa Cruz","77","104"
"2022","1","Santa Cruz","10,1","9.041"
"2022","1","Santa Cruz","12,3","6.567"
"2022","1","Santa Cruz","20,5","213"
"2022","1","Santa Cruz","25,1","1.865"
"2022","1","Santa Cruz","50,1","1.865"
"2022","1","Santa Cruz","100,1","110"
"2022","1","Santa Fe","1","6"
"2022","1","Santa Fe","4","174"
"2022","1","Santa Fe","6","22.022"
"2022","1","Santa Fe","9","12.599"
"2022","1","Santa Fe","10","754"
"2022","1","Santa Fe","1,2","12.429"
"2022","1","Santa Fe","14","135"
"2022","1","Santa Fe","16","16.270"
"2022","1","Santa Fe","17","61"
"2022","1","Santa Fe","19","2.047"
"2022","1","Santa Fe","2,2","9.857"
"2022","1","Santa Fe","25","39"
"2022","1","Santa Fe","0,26","18.444"
"2022","1","Santa Fe","31","30.880"
"2022","1","Santa Fe","3,2","41.360"
"2022","1","Santa Fe","36","9"
"2022","1","Santa Fe","37","18"
"2022","1","Santa Fe","0,38","32"
"2022","1","Santa Fe","39","4"
"2022","1","Santa Fe","41","1.763"
"2022","1","Santa Fe","4,5","4.424"
"2022","1","Santa Fe","46","103"
"2022","1","Santa Fe","0,51","335"
"2022","1","Santa Fe","61","438"
"2022","1","Santa Fe","6,4","65.959"
"2022","1","Santa Fe","7,5","5.762"
"2022","1","Santa Fe","0,75","101"
"2022","1","Santa Fe","81","1.605"
"2022","1","Santa Fe","97","1"
"2022","1","Santa Fe","10,1","189.246"
"2022","1","Santa Fe","122","84"
"2022","1","Santa Fe","12,3","7.886"
"2022","1","Santa Fe","155","768"
"2022","1","Santa Fe","203","116"
"2022","1","Santa Fe","20,5","58.388"
"2022","1","Santa Fe","25,1","27.250"
"2022","1","Santa Fe","320","14.542"
"2022","1","Santa Fe","473","1"
"2022","1","Santa Fe","50,1","198.721"
"2022","1","Santa Fe","768","1"
"2022","1","Santa Fe","100,1","125.845"
"2022","1","Santiago Del Estero","1","908"
"2022","1","Santiago Del Estero","2","307"
"2022","1","Santiago Del Estero","6","384"
"2022","1","Santiago Del Estero","9","12"
"2022","1","Santiago Del Estero","1,2","493"
"2022","1","Santiago Del Estero","16","655"
"2022","1","Santiago Del Estero","2,2","3.308"
"2022","1","Santiago Del Estero","0,26","792"
"2022","1","Santiago Del Estero","31","395"
"2022","1","Santiago Del Estero","3,2","8.448"
"2022","1","Santiago Del Estero","41","36"
"2022","1","Santiago Del Estero","4,5","1.267"
"2022","1","Santiago Del Estero","0,51","39"
"2022","1","Santiago Del Estero","6,4","16.506"
"2022","1","Santiago Del Estero","7,5","1.468"
"2022","1","Santiago Del Estero","0,75","139"
"2022","1","Santiago Del Estero","10,1","59.690"
"2022","1","Santiago Del Estero","12,3","10.211"
"2022","1","Santiago Del Estero","20,5","2.676"
"2022","1","Santiago Del Estero","25,1","454"
"2022","1","Santiago Del Estero","320","347"
"2022","1","Santiago Del Estero","50,1","3.553"
"2022","1","Santiago Del Estero","512","1"
"2022","1","Santiago Del Estero","100,1","4.372"
"2022","1","Tierra Del Fuego","1","381"
"2022","1","Tierra Del Fuego","4","3.980"
"2022","1","Tierra Del Fuego","6","403"
"2022","1","Tierra Del Fuego","9","9.445"
"2022","1","Tierra Del Fuego","10","26"
"2022","1","Tierra Del Fuego","1,2","513"
"2022","1","Tierra Del Fuego","16","6.942"
"2022","1","Tierra Del Fuego","19","227"
"2022","1","Tierra Del Fuego","2,2","1"
"2022","1","Tierra Del Fuego","25","67"
"2022","1","Tierra Del Fuego","0,26","2.421"
"2022","1","Tierra Del Fuego","31","117"
"2022","1","Tierra Del Fuego","3,2","8"
"2022","1","Tierra Del Fuego","36","2"
"2022","1","Tierra Del Fuego","41","10"
"2022","1","Tierra Del Fuego","4,5","2.207"
"2022","1","Tierra Del Fuego","0,51","13"
"2022","1","Tierra Del Fuego","61","47"
"2022","1","Tierra Del Fuego","6,4","6.250"
"2022","1","Tierra Del Fuego","0,75","11"
"2022","1","Tierra Del Fuego","10,1","6.169"
"2022","1","Tierra Del Fuego","12,3","10.791"
"2022","1","Tierra Del Fuego","155","28"
"2022","1","Tierra Del Fuego","203","1"
"2022","1","Tierra Del Fuego","20,5","74"
"2022","1","Tierra Del Fuego","25,1","1.613"
"2022","1","Tierra Del Fuego","50,1","833"
"2022","1","Tierra Del Fuego","100,1","30"
"2022","1","Tierra Del Fuego","1075","1"
"2022","1","Tucumán","4","2.273"
"2022","1","Tucumán","6","1.191"
"2022","1","Tucumán","9","323"
"2022","1","Tucumán","10","236"
"2022","1","Tucumán","1,2","2.212"
"2022","1","Tucumán","16","2.558"
"2022","1","Tucumán","20","1"
"2022","1","Tucumán","2,2","112"
"2022","1","Tucumán","25","38"
"2022","1","Tucumán","0,26","273"
"2022","1","Tucumán","27","10"
"2022","1","Tucumán","31","1.439"
"2022","1","Tucumán","3,2","9.208"
"2022","1","Tucumán","36","1"
"2022","1","Tucumán","4,5","350"
"2022","1","Tucumán","0,51","19"
"2022","1","Tucumán","56","1"
"2022","1","Tucumán","6,4","22.894"
"2022","1","Tucumán","71","1"
"2022","1","Tucumán","7,5","317"
"2022","1","Tucumán","0,75","20"
"2022","1","Tucumán","10,1","46.085"
"2022","1","Tucumán","12,3","3.077"
"2022","1","Tucumán","165","1"
"2022","1","Tucumán","203","3"
"2022","1","Tucumán","20,5","15.378"
"2022","1","Tucumán","25,1","3.724"
"2022","1","Tucumán","320","4.295"
"2022","1","Tucumán","50,1","76.585"
"2022","1","Tucumán","512","1"
"2022","1","Tucumán","700","1"
"2022","1","Tucumán","100,1","52.956"
"2022","1","Tucumán","1024","1"
"2021","4","Buenos Aires","1","6.898"
"2021","4","Buenos Aires","2","351"
"2021","4","Buenos Aires","4","57.526"
"2021","4","Buenos Aires","6","34.747"
"2021","4","Buenos Aires","8","241"
"2021","4","Buenos Aires","9","79.629"
"2021","4","Buenos Aires","10","265"
"2021","4","Buenos Aires","12","10"
"2021","4","Buenos Aires","1,2","26.151"
"2021","4","Buenos Aires","14","128"
"2021","4","Buenos Aires","15","33"
"2021","4","Buenos Aires","16","100.203"
"2021","4","Buenos Aires","17","292"
"2021","4","Buenos Aires","18","2"
"2021","4","Buenos Aires","19","23.212"
"2021","4","Buenos Aires","22","3"
"2021","4","Buenos Aires","2,2","24.945"
"2021","4","Buenos Aires","23","1"
"2021","4","Buenos Aires","24","18"
"2021","4","Buenos Aires","25","25"
"2021","4","Buenos Aires","0,26","22.958"
"2021","4","Buenos Aires","31","697.298"
"2021","4","Buenos Aires","32","149"
"2021","4","Buenos Aires","3,2","67.075"
"2021","4","Buenos Aires","35","1"
"2021","4","Buenos Aires","36","873"
"2021","4","Buenos Aires","0,38","18"
"2021","4","Buenos Aires","41","3.285"
"2021","4","Buenos Aires","45","9"
"2021","4","Buenos Aires","4,5","14.234"
"2021","4","Buenos Aires","50","1"
"2021","4","Buenos Aires","0,51","37.635"
"2021","4","Buenos Aires","54","2"
"2021","4","Buenos Aires","56","58"
"2021","4","Buenos Aires","59","1"
"2021","4","Buenos Aires","60","59"
"2021","4","Buenos Aires","61","402.417"
"2021","4","Buenos Aires","63","1"
"2021","4","Buenos Aires","6,4","132.018"
"2021","4","Buenos Aires","66","6"
"2021","4","Buenos Aires","6,7","31"
"2021","4","Buenos Aires","71","3.163"
"2021","4","Buenos Aires","7,5","11.447"
"2021","4","Buenos Aires","0,75","168"
"2021","4","Buenos Aires","77","98.523"
"2021","4","Buenos Aires","80","2"
"2021","4","Buenos Aires","81","61"
"2021","4","Buenos Aires","82","1"
"2021","4","Buenos Aires","90","14"
"2021","4","Buenos Aires","91","3"
"2021","4","Buenos Aires","95","3"
"2021","4","Buenos Aires","10,1","239.710"
"2021","4","Buenos Aires","122","17"
"2021","4","Buenos Aires","12,3","33.883"
"2021","4","Buenos Aires","126","2"
"2021","4","Buenos Aires","127","1"
"2021","4","Buenos Aires","155","92.146"
"2021","4","Buenos Aires","160","1"
"2021","4","Buenos Aires","164","6"
"2021","4","Buenos Aires","203","692"
"2021","4","Buenos Aires","20,5","139.533"
"2021","4","Buenos Aires","220","1"
"2021","4","Buenos Aires","246","2"
"2021","4","Buenos Aires","25,1","151.911"
"2021","4","Buenos Aires","256","8"
"2021","4","Buenos Aires","270","18"
"2021","4","Buenos Aires","320","120.728"
"2021","4","Buenos Aires","350","4"
"2021","4","Buenos Aires","50,1","1.008.985"
"2021","4","Buenos Aires","512","12.895"
"2021","4","Buenos Aires","520","54"
"2021","4","Buenos Aires","640","625"
"2021","4","Buenos Aires","100,1","850.606"
"2021","4","Buenos Aires","1024","11.135"
"2021","4","CABA","1","1.466"
"2021","4","CABA","4","14.576"
"2021","4","CABA","6","3.508"
"2021","4","CABA","9","19.225"
"2021","4","CABA","10","3"
"2021","4","CABA","12","5"
"2021","4","CABA","1,2","4.453"
"2021","4","CABA","16","33.732"
"2021","4","CABA","17","5"
"2021","4","CABA","19","17.519"
"2021","4","CABA","22","1"
"2021","4","CABA","2,2","323"
"2021","4","CABA","31","58.100"
"2021","4","CABA","3,2","5.914"
"2021","4","CABA","36","9"
"2021","4","CABA","0,38","31"
"2021","4","CABA","40","30"
"2021","4","CABA","41","117"
"2021","4","CABA","4,5","993"
"2021","4","CABA","0,51","496"
"2021","4","CABA","56","1"
"2021","4","CABA","61","95.368"
"2021","4","CABA","6,4","17.595"
"2021","4","CABA","67","1"
"2021","4","CABA","71","3"
"2021","4","CABA","7,5","6"
"2021","4","CABA","0,75","36"
"2021","4","CABA","77","31.751"
"2021","4","CABA","81","8"
"2021","4","CABA","10,1","62.665"
"2021","4","CABA","120","1"
"2021","4","CABA","122","5"
"2021","4","CABA","12,3","4.875"
"2021","4","CABA","126","3"
"2021","4","CABA","155","37.492"
"2021","4","CABA","164","5"
"2021","4","CABA","203","2.591"
"2021","4","CABA","20,5","9.999"
"2021","4","CABA","225","1"
"2021","4","CABA","234","1"
"2021","4","CABA","25,1","56.832"
"2021","4","CABA","256","1.399"
"2021","4","CABA","300","1"
"2021","4","CABA","320","83.686"
"2021","4","CABA","330","2"
"2021","4","CABA","450","3"
"2021","4","CABA","50,1","433.574"
"2021","4","CABA","512","4.128"
"2021","4","CABA","768","1"
"2021","4","CABA","850","1"
"2021","4","CABA","100,1","401.181"
"2021","4","CABA","1024","8.397"
"2021","4","CABA","1075","1"
"2021","4","Catamarca","6","20"
"2021","4","Catamarca","10","5"
"2021","4","Catamarca","1,2","457"
"2021","4","Catamarca","16","558"
"2021","4","Catamarca","2,2","145"
"2021","4","Catamarca","25","2.222"
"2021","4","Catamarca","0,26","2.233"
"2021","4","Catamarca","31","800"
"2021","4","Catamarca","3,2","1.749"
"2021","4","Catamarca","4,5","350"
"2021","4","Catamarca","0,51","34"
"2021","4","Catamarca","6,4","3.317"
"2021","4","Catamarca","7,5","2"
"2021","4","Catamarca","0,75","37"
"2021","4","Catamarca","10,1","7.848"
"2021","4","Catamarca","12,3","3.901"
"2021","4","Catamarca","203","42"
"2021","4","Catamarca","20,5","5.345"
"2021","4","Catamarca","25,1","240"
"2021","4","Catamarca","320","947"
"2021","4","Catamarca","50,1","17.813"
"2021","4","Catamarca","100,1","11.025"
"2021","4","Chaco","4","167"
"2021","4","Chaco","0,5","111"
"2021","4","Chaco","6","1.757"
"2021","4","Chaco","9","1.248"
"2021","4","Chaco","10","1"
"2021","4","Chaco","1,2","1.058"
"2021","4","Chaco","1,5","25"
"2021","4","Chaco","16","1.629"
"2021","4","Chaco","19","315"
"2021","4","Chaco","2,2","1.007"
"2021","4","Chaco","0,26","7.585"
"2021","4","Chaco","31","11.402"
"2021","4","Chaco","3,2","5.039"
"2021","4","Chaco","41","18"
"2021","4","Chaco","4,5","368"
"2021","4","Chaco","0,51","234"
"2021","4","Chaco","0,63","225"
"2021","4","Chaco","6,4","9.425"
"2021","4","Chaco","7,5","575"
"2021","4","Chaco","0,75","2"
"2021","4","Chaco","10,1","20.854"
"2021","4","Chaco","12,3","2.186"
"2021","4","Chaco","20,5","17.807"
"2021","4","Chaco","25,1","2.301"
"2021","4","Chaco","320","2.864"
"2021","4","Chaco","50,1","35.385"
"2021","4","Chaco","100,1","20.157"
"2021","4","Chubut","1","1.189"
"2021","4","Chubut","4","13.798"
"2021","4","Chubut","6","2.414"
"2021","4","Chubut","9","13.734"
"2021","4","Chubut","10","887"
"2021","4","Chubut","1,2","765"
"2021","4","Chubut","16","12.040"
"2021","4","Chubut","2,2","6.667"
"2021","4","Chubut","25","486"
"2021","4","Chubut","0,26","15.763"
"2021","4","Chubut","31","757"
"2021","4","Chubut","3,2","19.497"
"2021","4","Chubut","0,38","8"
"2021","4","Chubut","41","9"
"2021","4","Chubut","4,5","5.531"
"2021","4","Chubut","0,51","86"
"2021","4","Chubut","6,4","15.131"
"2021","4","Chubut","7,5","209"
"2021","4","Chubut","0,75","32"
"2021","4","Chubut","10,1","24.738"
"2021","4","Chubut","12,3","18.965"
"2021","4","Chubut","203","1"
"2021","4","Chubut","20,5","170"
"2021","4","Chubut","25,1","5.059"
"2021","4","Chubut","50,1","2.217"
"2021","4","Chubut","100,1","155"
"2021","4","Córdoba","1","93"
"2021","4","Córdoba","2","7"
"2021","4","Córdoba","4","5.026"
"2021","4","Córdoba","6","10.141"
"2021","4","Córdoba","7","13"
"2021","4","Córdoba","9","11.618"
"2021","4","Córdoba","10","2.196"
"2021","4","Córdoba","12","88"
"2021","4","Córdoba","1,2","13.654"
"2021","4","Córdoba","14","4"
"2021","4","Córdoba","15","10"
"2021","4","Córdoba","16","25.341"
"2021","4","Córdoba","17","134"
"2021","4","Córdoba","19","4.687"
"2021","4","Córdoba","2,2","9.748"
"2021","4","Córdoba","25","2"
"2021","4","Córdoba","2,5","26"
"2021","4","Córdoba","26","35"
"2021","4","Córdoba","0,26","12.607"
"2021","4","Córdoba","31","6.649"
"2021","4","Córdoba","3,2","46.194"
"2021","4","Córdoba","3,5","6"
"2021","4","Córdoba","36","8"
"2021","4","Córdoba","0,38","2"
"2021","4","Córdoba","41","474"
"2021","4","Córdoba","4,5","13.522"
"2021","4","Córdoba","0,51","88"
"2021","4","Córdoba","61","4.842"
"2021","4","Córdoba","6,4","87.823"
"2021","4","Córdoba","6,7","787"
"2021","4","Córdoba","71","2"
"2021","4","Córdoba","7,5","2.623"
"2021","4","Córdoba","0,75","10"
"2021","4","Córdoba","77","12"
"2021","4","Córdoba","10,1","114.442"
"2021","4","Córdoba","122","223"
"2021","4","Córdoba","12,3","16.151"
"2021","4","Córdoba","145","1"
"2021","4","Córdoba","155","16"
"2021","4","Córdoba","203","312"
"2021","4","Córdoba","20,5","29.831"
"2021","4","Córdoba","234","1"
"2021","4","Córdoba","25,1","34.641"
"2021","4","Córdoba","25,5","1"
"2021","4","Córdoba","320","21.088"
"2021","4","Córdoba","450","47"
"2021","4","Córdoba","50,1","343.465"
"2021","4","Córdoba","520","21"
"2021","4","Córdoba","768","1"
"2021","4","Córdoba","900","1"
"2021","4","Córdoba","100,1","168.050"
"2021","4","Córdoba","1024","1"
"2021","4","Córdoba","25,11","5"
"2021","4","Corrientes","1","118"
"2021","4","Corrientes","4","480"
"2021","4","Corrientes","6","1.558"
"2021","4","Corrientes","9","2.921"
"2021","4","Corrientes","1,2","3.976"
"2021","4","Corrientes","16","1.676"
"2021","4","Corrientes","17","1.108"
"2021","4","Corrientes","19","271"
"2021","4","Corrientes","2,2","3.029"
"2021","4","Corrientes","0,26","7.082"
"2021","4","Corrientes","31","7.986"
"2021","4","Corrientes","3,2","7.828"
"2021","4","Corrientes","34","1"
"2021","4","Corrientes","4,5","1.688"
"2021","4","Corrientes","0,51","10"
"2021","4","Corrientes","6,4","10.798"
"2021","4","Corrientes","0,75","57"
"2021","4","Corrientes","10,1","23.447"
"2021","4","Corrientes","12,3","215"
"2021","4","Corrientes","20,5","19.652"
"2021","4","Corrientes","25,1","2.115"
"2021","4","Corrientes","320","2.518"
"2021","4","Corrientes","50,1","19.859"
"2021","4","Corrientes","100,1","17.519"
"2021","4","Entre Ríos","1","113"
"2021","4","Entre Ríos","4","390"
"2021","4","Entre Ríos","6","4.293"
"2021","4","Entre Ríos","9","1.611"
"2021","4","Entre Ríos","10","3"
"2021","4","Entre Ríos","1,2","5.752"
"2021","4","Entre Ríos","16","3.728"
"2021","4","Entre Ríos","17","1"
"2021","4","Entre Ríos","19","936"
"2021","4","Entre Ríos","2,2","5.753"
"2021","4","Entre Ríos","0,26","16.583"
"2021","4","Entre Ríos","31","16.693"
"2021","4","Entre Ríos","3,2","12.811"
"2021","4","Entre Ríos","0,38","1"
"2021","4","Entre Ríos","4,5","2.493"
"2021","4","Entre Ríos","0,51","20"
"2021","4","Entre Ríos","6,4","27.462"
"2021","4","Entre Ríos","7,5","1.123"
"2021","4","Entre Ríos","0,75","86"
"2021","4","Entre Ríos","10,1","46.899"
"2021","4","Entre Ríos","12,3","5.387"
"2021","4","Entre Ríos","155","1"
"2021","4","Entre Ríos","20,5","28.243"
"2021","4","Entre Ríos","25,1","7.393"
"2021","4","Entre Ríos","320","3.382"
"2021","4","Entre Ríos","50,1","45.133"
"2021","4","Entre Ríos","100,1","28.756"
"2021","4","Formosa","6","2.932"
"2021","4","Formosa","9","17"
"2021","4","Formosa","1,2","491"
"2021","4","Formosa","16","527"
"2021","4","Formosa","19","257"
"2021","4","Formosa","2,2","1.131"
"2021","4","Formosa","0,26","1.967"
"2021","4","Formosa","31","322"
"2021","4","Formosa","3,2","10.237"
"2021","4","Formosa","36","7"
"2021","4","Formosa","41","19"
"2021","4","Formosa","4,5","2.977"
"2021","4","Formosa","0,51","49"
"2021","4","Formosa","6,4","5.140"
"2021","4","Formosa","7,5","2"
"2021","4","Formosa","0,75","35"
"2021","4","Formosa","10,1","6.964"
"2021","4","Formosa","12,3","320"
"2021","4","Formosa","20,5","5.707"
"2021","4","Formosa","25,1","817"
"2021","4","Formosa","320","729"
"2021","4","Formosa","50,1","7.119"
"2021","4","Formosa","100,1","5.897"
"2021","4","Jujuy","6","4.096"
"2021","4","Jujuy","9","999"
"2021","4","Jujuy","1,2","1.706"
"2021","4","Jujuy","16","528"
"2021","4","Jujuy","19","4"
"2021","4","Jujuy","2,2","3.270"
"2021","4","Jujuy","0,26","2.324"
"2021","4","Jujuy","31","207"
"2021","4","Jujuy","3,2","5.355"
"2021","4","Jujuy","4,5","2.858"
"2021","4","Jujuy","0,51","26"
"2021","4","Jujuy","54","1"
"2021","4","Jujuy","6,4","5.336"
"2021","4","Jujuy","68","1"
"2021","4","Jujuy","7,5","10"
"2021","4","Jujuy","0,75","32"
"2021","4","Jujuy","10,1","15.784"
"2021","4","Jujuy","12,3","23.224"
"2021","4","Jujuy","203","1"
"2021","4","Jujuy","20,5","14.378"
"2021","4","Jujuy","25,1","357"
"2021","4","Jujuy","320","432"
"2021","4","Jujuy","50,1","26.508"
"2021","4","Jujuy","520","200"
"2021","4","Jujuy","100,1","6.278"
"2021","4","La Pampa","1","493"
"2021","4","La Pampa","2","185"
"2021","4","La Pampa","4","2.575"
"2021","4","La Pampa","6","2.077"
"2021","4","La Pampa","9","1.802"
"2021","4","La Pampa","1,2","1.736"
"2021","4","La Pampa","16","7.035"
"2021","4","La Pampa","19","2"
"2021","4","La Pampa","2,2","3.322"
"2021","4","La Pampa","0,26","3.027"
"2021","4","La Pampa","31","4.674"
"2021","4","La Pampa","3,2","7.861"
"2021","4","La Pampa","0,38","1"
"2021","4","La Pampa","4,5","2.936"
"2021","4","La Pampa","0,51","239"
"2021","4","La Pampa","61","40"
"2021","4","La Pampa","6,4","44.148"
"2021","4","La Pampa","7,5","118"
"2021","4","La Pampa","0,75","61"
"2021","4","La Pampa","10,1","7.162"
"2021","4","La Pampa","120","3"
"2021","4","La Pampa","122","23"
"2021","4","La Pampa","12,3","14"
"2021","4","La Pampa","20,5","5.208"
"2021","4","La Pampa","25,1","153"
"2021","4","La Pampa","320","11"
"2021","4","La Pampa","50,1","10.959"
"2021","4","La Pampa","100,1","1.142"
"2021","4","La Rioja","6","162"
"2021","4","La Rioja","9","85"
"2021","4","La Rioja","12","22"
"2021","4","La Rioja","1,2","638"
"2021","4","La Rioja","16","459"
"2021","4","La Rioja","2,2","302"
"2021","4","La Rioja","25","893"
"2021","4","La Rioja","31","4.517"
"2021","4","La Rioja","3,2","1.038"
"2021","4","La Rioja","4,5","2"
"2021","4","La Rioja","0,51","9"
"2021","4","La Rioja","6,4","2.877"
"2021","4","La Rioja","0,75","9"
"2021","4","La Rioja","10,1","5.352"
"2021","4","La Rioja","12,3","15.342"
"2021","4","La Rioja","203","137"
"2021","4","La Rioja","20,5","7.736"
"2021","4","La Rioja","25,1","263"
"2021","4","La Rioja","320","298"
"2021","4","La Rioja","50,1","34.138"
"2021","4","La Rioja","100,1","8.849"
"2021","4","Mendoza","1","1.432"
"2021","4","Mendoza","2","1.348"
"2021","4","Mendoza","4","19.476"
"2021","4","Mendoza","6","879"
"2021","4","Mendoza","9","17.367"
"2021","4","Mendoza","10","1.544"
"2021","4","Mendoza","1,2","2.953"
"2021","4","Mendoza","16","24.069"
"2021","4","Mendoza","2,2","3.457"
"2021","4","Mendoza","25","12.238"
"2021","4","Mendoza","0,26","366"
"2021","4","Mendoza","31","38.840"
"2021","4","Mendoza","3,2","6.758"
"2021","4","Mendoza","37","94"
"2021","4","Mendoza","0,38","1"
"2021","4","Mendoza","41","36"
"2021","4","Mendoza","4,5","1.663"
"2021","4","Mendoza","46","1"
"2021","4","Mendoza","0,51","139"
"2021","4","Mendoza","61","1"
"2021","4","Mendoza","6,4","29.925"
"2021","4","Mendoza","71","2"
"2021","4","Mendoza","7,5","1.860"
"2021","4","Mendoza","0,75","16"
"2021","4","Mendoza","77","1"
"2021","4","Mendoza","91","1"
"2021","4","Mendoza","10,1","9.537"
"2021","4","Mendoza","12,3","45.845"
"2021","4","Mendoza","203","14"
"2021","4","Mendoza","20,5","5.300"
"2021","4","Mendoza","25,1","147"
"2021","4","Mendoza","320","1.246"
"2021","4","Mendoza","450","1"
"2021","4","Mendoza","50,1","31.693"
"2021","4","Mendoza","512","1"
"2021","4","Mendoza","100,1","9.333"
"2021","4","Mendoza","1024","2"
"2021","4","Mendoza","5125","1"
"2021","4","Misiones","4","4"
"2021","4","Misiones","6","5.943"
"2021","4","Misiones","9","312"
"2021","4","Misiones","10","6"
"2021","4","Misiones","12","4"
"2021","4","Misiones","1,2","4.154"
"2021","4","Misiones","15","1"
"2021","4","Misiones","16","2.411"
"2021","4","Misiones","17","1"
"2021","4","Misiones","19","339"
"2021","4","Misiones","2,2","12.191"
"2021","4","Misiones","0,26","8.335"
"2021","4","Misiones","31","14.173"
"2021","4","Misiones","3,2","5.536"
"2021","4","Misiones","41","71"
"2021","4","Misiones","4,5","604"
"2021","4","Misiones","46","68"
"2021","4","Misiones","0,51","47"
"2021","4","Misiones","61","19"
"2021","4","Misiones","6,4","13.489"
"2021","4","Misiones","7,5","366"
"2021","4","Misiones","0,75","4"
"2021","4","Misiones","10,1","22.870"
"2021","4","Misiones","120","1"
"2021","4","Misiones","12,3","223"
"2021","4","Misiones","203","3.848"
"2021","4","Misiones","205","1"
"2021","4","Misiones","20,5","23.742"
"2021","4","Misiones","25,1","1.800"
"2021","4","Misiones","275","1"
"2021","4","Misiones","320","2.253"
"2021","4","Misiones","480","1"
"2021","4","Misiones","50,1","26.692"
"2021","4","Misiones","950","1"
"2021","4","Misiones","100,1","21.621"
"2021","4","Neuquén","1","614"
"2021","4","Neuquén","4","11.324"
"2021","4","Neuquén","6","9.863"
"2021","4","Neuquén","9","7.937"
"2021","4","Neuquén","1,2","576"
"2021","4","Neuquén","15","1"
"2021","4","Neuquén","16","4.358"
"2021","4","Neuquén","19","1.000"
"2021","4","Neuquén","2,2","2.555"
"2021","4","Neuquén","0,26","7.767"
"2021","4","Neuquén","31","11.218"
"2021","4","Neuquén","3,2","7.643"
"2021","4","Neuquén","41","57"
"2021","4","Neuquén","4,5","1.472"
"2021","4","Neuquén","0,51","68"
"2021","4","Neuquén","6,4","9.206"
"2021","4","Neuquén","65","4"
"2021","4","Neuquén","7,5","304"
"2021","4","Neuquén","0,75","72"
"2021","4","Neuquén","10,1","5.023"
"2021","4","Neuquén","12,3","874"
"2021","4","Neuquén","203","45"
"2021","4","Neuquén","20,5","4.282"
"2021","4","Neuquén","25,1","3.143"
"2021","4","Neuquén","320","3.331"
"2021","4","Neuquén","50,1","35.451"
"2021","4","Neuquén","100,1","19.278"
"2021","4","Río Negro","1","744"
"2021","4","Río Negro","4","10.574"
"2021","4","Río Negro","6","3.037"
"2021","4","Río Negro","9","11.204"
"2021","4","Río Negro","10","11"
"2021","4","Río Negro","1,2","744"
"2021","4","Río Negro","16","10.477"
"2021","4","Río Negro","19","745"
"2021","4","Río Negro","2,2","3.008"
"2021","4","Río Negro","0,26","22.645"
"2021","4","Río Negro","31","1.974"
"2021","4","Río Negro","3,2","6.856"
"2021","4","Río Negro","41","121"
"2021","4","Río Negro","4,5","2.942"
"2021","4","Río Negro","0,51","50"
"2021","4","Río Negro","61","68"
"2021","4","Río Negro","6,4","11.642"
"2021","4","Río Negro","0,75","106"
"2021","4","Río Negro","81","60"
"2021","4","Río Negro","10,1","8.663"
"2021","4","Río Negro","120","1"
"2021","4","Río Negro","122","70"
"2021","4","Río Negro","12,3","9.339"
"2021","4","Río Negro","155","1"
"2021","4","Río Negro","203","33"
"2021","4","Río Negro","20,5","10.694"
"2021","4","Río Negro","25,1","3.810"
"2021","4","Río Negro","256","8"
"2021","4","Río Negro","320","1.112"
"2021","4","Río Negro","50,1","21.771"
"2021","4","Río Negro","100,1","11.243"
"2021","4","Salta","1","1"
"2021","4","Salta","4","8"
"2021","4","Salta","6","4.390"
"2021","4","Salta","9","41"
"2021","4","Salta","1,2","1.729"
"2021","4","Salta","16","2.332"
"2021","4","Salta","19","9"
"2021","4","Salta","2,2","1.401"
"2021","4","Salta","0,26","6.475"
"2021","4","Salta","31","294"
"2021","4","Salta","3,2","12.397"
"2021","4","Salta","4,5","8.154"
"2021","4","Salta","0,51","41"
"2021","4","Salta","6,4","12.613"
"2021","4","Salta","7,5","315"
"2021","4","Salta","0,75","73"
"2021","4","Salta","10,1","68.968"
"2021","4","Salta","12,3","510"
"2021","4","Salta","20,5","3.791"
"2021","4","Salta","25,1","3.256"
"2021","4","Salta","320","2.917"
"2021","4","Salta","50,1","47.350"
"2021","4","Salta","100,1","22.340"
"2021","4","San Juan","1","1.109"
"2021","4","San Juan","4","14.622"
"2021","4","San Juan","6","346"
"2021","4","San Juan","9","10.364"
"2021","4","San Juan","10","88"
"2021","4","San Juan","1,2","1.319"
"2021","4","San Juan","16","10.207"
"2021","4","San Juan","2,2","1.588"
"2021","4","San Juan","25","13"
"2021","4","San Juan","0,26","4.435"
"2021","4","San Juan","31","9.584"
"2021","4","San Juan","3,2","4.811"
"2021","4","San Juan","4,5","910"
"2021","4","San Juan","0,51","41"
"2021","4","San Juan","61","1"
"2021","4","San Juan","6,4","5.643"
"2021","4","San Juan","7,5","239"
"2021","4","San Juan","0,75","3"
"2021","4","San Juan","10,1","264"
"2021","4","San Juan","12,3","13.348"
"2021","4","San Juan","20,5","423"
"2021","4","San Juan","25,1","336"
"2021","4","San Juan","50,1","158"
"2021","4","San Juan","100,1","106"
"2021","4","San Luis","1","264"
"2021","4","San Luis","4","2.065"
"2021","4","San Luis","6","94"
"2021","4","San Luis","9","2.277"
"2021","4","San Luis","10","1.857"
"2021","4","San Luis","1,2","422"
"2021","4","San Luis","16","1.932"
"2021","4","San Luis","2,2","664"
"2021","4","San Luis","0,26","29.218"
"2021","4","San Luis","31","5"
"2021","4","San Luis","3,2","970"
"2021","4","San Luis","41","1"
"2021","4","San Luis","4,5","310"
"2021","4","San Luis","47","3"
"2021","4","San Luis","0,51","61"
"2021","4","San Luis","6,4","4.025"
"2021","4","San Luis","7,5","123"
"2021","4","San Luis","0,75","1"
"2021","4","San Luis","10,1","19"
"2021","4","San Luis","12,3","7.085"
"2021","4","San Luis","20,5","90"
"2021","4","San Luis","25,1","67.363"
"2021","4","Santa Cruz","1","297"
"2021","4","Santa Cruz","4","2.310"
"2021","4","Santa Cruz","6","1.918"
"2021","4","Santa Cruz","9","2.474"
"2021","4","Santa Cruz","10","24"
"2021","4","Santa Cruz","1,2","6.623"
"2021","4","Santa Cruz","14","1.281"
"2021","4","Santa Cruz","16","4.120"
"2021","4","Santa Cruz","19","1"
"2021","4","Santa Cruz","2,2","2.657"
"2021","4","Santa Cruz","25","654"
"2021","4","Santa Cruz","0,26","491"
"2021","4","Santa Cruz","31","150"
"2021","4","Santa Cruz","3,2","3.016"
"2021","4","Santa Cruz","36","216"
"2021","4","Santa Cruz","0,38","3"
"2021","4","Santa Cruz","41","10"
"2021","4","Santa Cruz","4,5","962"
"2021","4","Santa Cruz","0,51","26"
"2021","4","Santa Cruz","6,4","2.819"
"2021","4","Santa Cruz","7,5","24"
"2021","4","Santa Cruz","0,75","23"
"2021","4","Santa Cruz","77","49"
"2021","4","Santa Cruz","10,1","9.119"
"2021","4","Santa Cruz","12,3","7.509"
"2021","4","Santa Cruz","20,5","143"
"2021","4","Santa Cruz","25,1","980"
"2021","4","Santa Cruz","50,1","520"
"2021","4","Santa Cruz","100,1","67"
"2021","4","Santa Fe","1","7"
"2021","4","Santa Fe","4","174"
"2021","4","Santa Fe","6","22.416"
"2021","4","Santa Fe","9","12.141"
"2021","4","Santa Fe","10","753"
"2021","4","Santa Fe","1,2","13.203"
"2021","4","Santa Fe","14","69"
"2021","4","Santa Fe","16","14.501"
"2021","4","Santa Fe","17","61"
"2021","4","Santa Fe","19","2.351"
"2021","4","Santa Fe","2,2","11.322"
"2021","4","Santa Fe","0,26","18.777"
"2021","4","Santa Fe","31","29.302"
"2021","4","Santa Fe","3,2","46.645"
"2021","4","Santa Fe","36","9"
"2021","4","Santa Fe","0,38","32"
"2021","4","Santa Fe","39","2"
"2021","4","Santa Fe","41","1.763"
"2021","4","Santa Fe","4,5","5.144"
"2021","4","Santa Fe","46","105"
"2021","4","Santa Fe","0,51","335"
"2021","4","Santa Fe","61","438"
"2021","4","Santa Fe","6,4","71.376"
"2021","4","Santa Fe","7,5","3.765"
"2021","4","Santa Fe","0,75","100"
"2021","4","Santa Fe","81","1.605"
"2021","4","Santa Fe","97","1"
"2021","4","Santa Fe","10,1","190.197"
"2021","4","Santa Fe","122","84"
"2021","4","Santa Fe","12,3","8.108"
"2021","4","Santa Fe","155","775"
"2021","4","Santa Fe","20,5","60.600"
"2021","4","Santa Fe","25,1","33.198"
"2021","4","Santa Fe","320","10.926"
"2021","4","Santa Fe","473","1"
"2021","4","Santa Fe","50,1","195.292"
"2021","4","Santa Fe","768","1"
"2021","4","Santa Fe","100,1","110.862"
"2021","4","Santiago Del Estero","1","908"
"2021","4","Santiago Del Estero","2","307"
"2021","4","Santiago Del Estero","6","385"
"2021","4","Santiago Del Estero","9","12"
"2021","4","Santiago Del Estero","1,2","506"
"2021","4","Santiago Del Estero","16","670"
"2021","4","Santiago Del Estero","2,2","3.308"
"2021","4","Santiago Del Estero","0,26","793"
"2021","4","Santiago Del Estero","31","362"
"2021","4","Santiago Del Estero","3,2","8.743"
"2021","4","Santiago Del Estero","41","30"
"2021","4","Santiago Del Estero","4,5","1.267"
"2021","4","Santiago Del Estero","0,51","39"
"2021","4","Santiago Del Estero","6,4","17.400"
"2021","4","Santiago Del Estero","7,5","1.109"
"2021","4","Santiago Del Estero","0,75","139"
"2021","4","Santiago Del Estero","10,1","60.403"
"2021","4","Santiago Del Estero","12,3","9.254"
"2021","4","Santiago Del Estero","20,5","2.281"
"2021","4","Santiago Del Estero","25,1","438"
"2021","4","Santiago Del Estero","320","319"
"2021","4","Santiago Del Estero","50,1","3.397"
"2021","4","Santiago Del Estero","512","1"
"2021","4","Santiago Del Estero","100,1","3.790"
"2021","4","Tierra Del Fuego","1","385"
"2021","4","Tierra Del Fuego","4","4.074"
"2021","4","Tierra Del Fuego","6","406"
"2021","4","Tierra Del Fuego","9","9.720"
"2021","4","Tierra Del Fuego","10","30"
"2021","4","Tierra Del Fuego","16","6.583"
"2021","4","Tierra Del Fuego","19","255"
"2021","4","Tierra Del Fuego","2,2","1"
"2021","4","Tierra Del Fuego","25","43"
"2021","4","Tierra Del Fuego","0,26","2.580"
"2021","4","Tierra Del Fuego","31","120"
"2021","4","Tierra Del Fuego","3,2","8"
"2021","4","Tierra Del Fuego","36","2"
"2021","4","Tierra Del Fuego","41","10"
"2021","4","Tierra Del Fuego","4,5","2.280"
"2021","4","Tierra Del Fuego","0,51","15"
"2021","4","Tierra Del Fuego","61","41"
"2021","4","Tierra Del Fuego","6,4","6.736"
"2021","4","Tierra Del Fuego","0,75","11"
"2021","4","Tierra Del Fuego","10,1","6.784"
"2021","4","Tierra Del Fuego","12,3","9.653"
"2021","4","Tierra Del Fuego","155","23"
"2021","4","Tierra Del Fuego","203","1"
"2021","4","Tierra Del Fuego","20,5","71"
"2021","4","Tierra Del Fuego","25,1","1.622"
"2021","4","Tierra Del Fuego","50,1","863"
"2021","4","Tierra Del Fuego","100,1","39"
"2021","4","Tierra Del Fuego","1075","1"
"2021","4","Tucumán","4","2.273"
"2021","4","Tucumán","6","1.156"
"2021","4","Tucumán","9","324"
"2021","4","Tucumán","10","280"
"2021","4","Tucumán","12","2"
"2021","4","Tucumán","1,2","2.220"
"2021","4","Tucumán","16","2.568"
"2021","4","Tucumán","19","1"
"2021","4","Tucumán","2,2","128"
"2021","4","Tucumán","25","13"
"2021","4","Tucumán","0,26","240"
"2021","4","Tucumán","31","1.516"
"2021","4","Tucumán","3,2","8.165"
"2021","4","Tucumán","36","1"
"2021","4","Tucumán","4,5","348"
"2021","4","Tucumán","0,51","19"
"2021","4","Tucumán","6,4","23.128"
"2021","4","Tucumán","71","1"
"2021","4","Tucumán","7,5","321"
"2021","4","Tucumán","0,75","20"
"2021","4","Tucumán","86","1"
"2021","4","Tucumán","10,1","47.811"
"2021","4","Tucumán","12,3","2.149"
"2021","4","Tucumán","203","1"
"2021","4","Tucumán","20,5","16.303"
"2021","4","Tucumán","25,1","3.797"
"2021","4","Tucumán","320","3.782"
"2021","4","Tucumán","50,1","75.534"
"2021","4","Tucumán","512","1"
"2021","4","Tucumán","100,1","46.536"
"2021","3","Buenos Aires","0","4"
"2021","3","Buenos Aires","1","26.751"
"2021","3","Buenos Aires","2","422"
"2021","3","Buenos Aires","4","34.703"
"2021","3","Buenos Aires","6","32.406"
"2021","3","Buenos Aires","8","96"
"2021","3","Buenos Aires","9","26.604"
"2021","3","Buenos Aires","10","265"
"2021","3","Buenos Aires","12","8"
"2021","3","Buenos Aires","1,2","28.020"
"2021","3","Buenos Aires","14","154"
"2021","3","Buenos Aires","15","33"
"2021","3","Buenos Aires","16","26.730"
"2021","3","Buenos Aires","17","561"
"2021","3","Buenos Aires","18","2"
"2021","3","Buenos Aires","19","26.343"
"2021","3","Buenos Aires","22","3"
"2021","3","Buenos Aires","2,2","22.661"
"2021","3","Buenos Aires","23","1"
"2021","3","Buenos Aires","24","61"
"2021","3","Buenos Aires","25","26"
"2021","3","Buenos Aires","0,26","9.728"
"2021","3","Buenos Aires","31","32.257"
"2021","3","Buenos Aires","32","149"
"2021","3","Buenos Aires","3,2","82.744"
"2021","3","Buenos Aires","35","1"
"2021","3","Buenos Aires","36","538"
"2021","3","Buenos Aires","0,38","18"
"2021","3","Buenos Aires","41","2.181"
"2021","3","Buenos Aires","45","9"
"2021","3","Buenos Aires","4,5","19.725"
"2021","3","Buenos Aires","50","1"
"2021","3","Buenos Aires","0,51","37.007"
"2021","3","Buenos Aires","54","2"
"2021","3","Buenos Aires","56","24"
"2021","3","Buenos Aires","59","1"
"2021","3","Buenos Aires","60","59"
"2021","3","Buenos Aires","61","423.140"
"2021","3","Buenos Aires","63","1"
"2021","3","Buenos Aires","6,4","892.626"
"2021","3","Buenos Aires","66","6"
"2021","3","Buenos Aires","6,7","31"
"2021","3","Buenos Aires","71","1.044"
"2021","3","Buenos Aires","7,5","11.519"
"2021","3","Buenos Aires","0,75","168"
"2021","3","Buenos Aires","77","44.977"
"2021","3","Buenos Aires","80","2"
"2021","3","Buenos Aires","81","66"
"2021","3","Buenos Aires","82","1"
"2021","3","Buenos Aires","95","3"
"2021","3","Buenos Aires","10,1","209.669"
"2021","3","Buenos Aires","122","50"
"2021","3","Buenos Aires","12,3","35.668"
"2021","3","Buenos Aires","126","2"
"2021","3","Buenos Aires","127","1"
"2021","3","Buenos Aires","155","72.034"
"2021","3","Buenos Aires","160","1"
"2021","3","Buenos Aires","164","3"
"2021","3","Buenos Aires","203","625"
"2021","3","Buenos Aires","20,5","51.884"
"2021","3","Buenos Aires","220","1"
"2021","3","Buenos Aires","246","7"
"2021","3","Buenos Aires","25,1","161.513"
"2021","3","Buenos Aires","256","2"
"2021","3","Buenos Aires","270","5"
"2021","3","Buenos Aires","320","111.558"
"2021","3","Buenos Aires","350","4"
"2021","3","Buenos Aires","380","3"
"2021","3","Buenos Aires","450","12"
"2021","3","Buenos Aires","50,1","990.263"
"2021","3","Buenos Aires","512","12.073"
"2021","3","Buenos Aires","520","32"
"2021","3","Buenos Aires","640","596"
"2021","3","Buenos Aires","100,1","810.786"
"2021","3","Buenos Aires","1024","9.824"
"2021","3","Buenos Aires","1075","1"
"2021","3","Buenos Aires","1536","1"
"2021","3","Buenos Aires","2048","6"
"2021","3","Buenos Aires","2529","860"
"2021","3","Buenos Aires","4000","227"
"2021","3","Buenos Aires","5125","9"
"2021","3","Buenos Aires","8000","7"
"2021","3","CABA","1","374"
"2021","3","CABA","4","1.503"
"2021","3","CABA","6","3.776"
"2021","3","CABA","9","865"
"2021","3","CABA","10","3"
"2021","3","CABA","12","5"
"2021","3","CABA","1,2","4.567"
"2021","3","CABA","16","3.078"
"2021","3","CABA","17","5"
"2021","3","CABA","19","20.021"
"2021","3","CABA","22","1"
"2021","3","CABA","2,2","345"
"2021","3","CABA","31","11.864"
"2021","3","CABA","3,2","6.374"
"2021","3","CABA","36","9"
"2021","3","CABA","0,38","31"
"2021","3","CABA","40","30"
"2021","3","CABA","41","118"
"2021","3","CABA","4,5","2.419"
"2021","3","CABA","0,51","228"
"2021","3","CABA","56","1"
"2021","3","CABA","61","107.242"
"2021","3","CABA","6,4","138.223"
"2021","3","CABA","67","1"
"2021","3","CABA","71","3"
"2021","3","CABA","7,5","6"
"2021","3","CABA","0,75","36"
"2021","3","CABA","77","13.577"
"2021","3","CABA","81","8"
"2021","3","CABA","10,1","66.139"
"2021","3","CABA","120","1"
"2021","3","CABA","122","5"
"2021","3","CABA","12,3","5.448"
"2021","3","CABA","126","3"
"2021","3","CABA","155","30.829"
"2021","3","CABA","164","5"
"2021","3","CABA","203","2.685"
"2021","3","CABA","20,5","11.228"
"2021","3","CABA","225","1"
"2021","3","CABA","234","1"
"2021","3","CABA","25,1","62.915"
"2021","3","CABA","256","1.399"
"2021","3","CABA","300","1"
"2021","3","CABA","320","77.469"
"2021","3","CABA","330","2"
"2021","3","CABA","450","3"
"2021","3","CABA","50,1","451.342"
"2021","3","CABA","512","3.696"
"2021","3","CABA","768","1"
"2021","3","CABA","850","1"
"2021","3","CABA","100,1","378.251"
"2021","3","CABA","1024","7.266"
"2021","3","CABA","1075","1"
"2021","3","Catamarca","6","18"
"2021","3","Catamarca","10","7"
"2021","3","Catamarca","1,2","468"
"2021","3","Catamarca","16","590"
"2021","3","Catamarca","2,2","293"
"2021","3","Catamarca","25","734"
"2021","3","Catamarca","0,26","2.206"
"2021","3","Catamarca","31","671"
"2021","3","Catamarca","3,2","1.896"
"2021","3","Catamarca","4,5","350"
"2021","3","Catamarca","0,51","34"
"2021","3","Catamarca","6,4","3.730"
"2021","3","Catamarca","7,5","2"
"2021","3","Catamarca","0,75","37"
"2021","3","Catamarca","10,1","8.419"
"2021","3","Catamarca","12,3","4.252"
"2021","3","Catamarca","203","42"
"2021","3","Catamarca","20,5","5.675"
"2021","3","Catamarca","25,1","254"
"2021","3","Catamarca","320","726"
"2021","3","Catamarca","50,1","16.078"
"2021","3","Catamarca","100,1","9.770"
"2021","3","Catamarca","5000","2"
"2021","3","Chaco","4","1.186"
"2021","3","Chaco","0,5","111"
"2021","3","Chaco","6","2.381"
"2021","3","Chaco","9","990"
"2021","3","Chaco","10","1"
"2021","3","Chaco","1,2","1.130"
"2021","3","Chaco","1,5","25"
"2021","3","Chaco","16","1.667"
"2021","3","Chaco","19","388"
"2021","3","Chaco","2,2","1.007"
"2021","3","Chaco","0,26","7.958"
"2021","3","Chaco","31","11.956"
"2021","3","Chaco","3,2","7.347"
"2021","3","Chaco","4,5","385"
"2021","3","Chaco","0,51","69"
"2021","3","Chaco","0,63","225"
"2021","3","Chaco","6,4","9.085"
"2021","3","Chaco","7,5","624"
"2021","3","Chaco","0,75","7"
"2021","3","Chaco","10,1","19.371"
"2021","3","Chaco","12,3","2.228"
"2021","3","Chaco","20,5","19.569"
"2021","3","Chaco","25,1","2.467"
"2021","3","Chaco","320","2.379"
"2021","3","Chaco","50,1","31.733"
"2021","3","Chaco","512","7"
"2021","3","Chaco","100,1","15.557"
"2021","3","Chaco","8000","18"
"2021","3","Chubut","4","68"
"2021","3","Chubut","6","2.453"
"2021","3","Chubut","9","113"
"2021","3","Chubut","10","1.075"
"2021","3","Chubut","1,2","906"
"2021","3","Chubut","16","773"
"2021","3","Chubut","2,2","4.917"
"2021","3","Chubut","25","26"
"2021","3","Chubut","0,26","14.907"
"2021","3","Chubut","31","235"
"2021","3","Chubut","3,2","19.399"
"2021","3","Chubut","0,38","8"
"2021","3","Chubut","41","3"
"2021","3","Chubut","4,5","3.581"
"2021","3","Chubut","0,51","64"
"2021","3","Chubut","6,4","57.949"
"2021","3","Chubut","7,5","228"
"2021","3","Chubut","0,75","32"
"2021","3","Chubut","10,1","24.865"
"2021","3","Chubut","12,3","17.620"
"2021","3","Chubut","203","1"
"2021","3","Chubut","20,5","145"
"2021","3","Chubut","25,1","5.059"
"2021","3","Chubut","50,1","1.488"
"2021","3","Chubut","100,1","151"
"2021","3","Córdoba","1","66"
"2021","3","Córdoba","2","7"
"2021","3","Córdoba","4","4.709"
"2021","3","Córdoba","6","11.663"
"2021","3","Córdoba","7","14"
"2021","3","Córdoba","9","11.567"
"2021","3","Córdoba","10","2.190"
"2021","3","Córdoba","11","1"
"2021","3","Córdoba","12","69"
"2021","3","Córdoba","1,2","15.190"
"2021","3","Córdoba","14","4"
"2021","3","Córdoba","15","10"
"2021","3","Córdoba","16","16.393"
"2021","3","Córdoba","17","134"
"2021","3","Córdoba","19","5.520"
"2021","3","Córdoba","2,2","12.228"
"2021","3","Córdoba","25","2"
"2021","3","Córdoba","2,5","27"
"2021","3","Córdoba","26","25"
"2021","3","Córdoba","0,26","9.256"
"2021","3","Córdoba","31","4.965"
"2021","3","Córdoba","3,2","53.335"
"2021","3","Córdoba","3,5","6"
"2021","3","Córdoba","36","2"
"2021","3","Córdoba","0,38","2"
"2021","3","Córdoba","41","73"
"2021","3","Córdoba","4,5","14.756"
"2021","3","Córdoba","0,51","87"
"2021","3","Córdoba","61","13.644"
"2021","3","Córdoba","6,4","94.547"
"2021","3","Córdoba","6,7","907"
"2021","3","Córdoba","71","133"
"2021","3","Córdoba","7,5","4.132"
"2021","3","Córdoba","0,75","10"
"2021","3","Córdoba","10,1","123.382"
"2021","3","Córdoba","122","35"
"2021","3","Córdoba","12,3","11.585"
"2021","3","Córdoba","145","1"
"2021","3","Córdoba","155","16"
"2021","3","Córdoba","203","27"
"2021","3","Córdoba","20,5","31.334"
"2021","3","Córdoba","234","486"
"2021","3","Córdoba","25,1","42.337"
"2021","3","Córdoba","320","16.705"
"2021","3","Córdoba","450","2"
"2021","3","Córdoba","50,1","316.047"
"2021","3","Córdoba","520","21"
"2021","3","Córdoba","768","1"
"2021","3","Córdoba","900","1"
"2021","3","Córdoba","100,1","129.118"
"2021","3","Córdoba","1024","11"
"2021","3","Córdoba","2048","3"
"2021","3","Córdoba","25,11","2"
"2021","3","Corrientes","1","118"
"2021","3","Corrientes","4","480"
"2021","3","Corrientes","6","1.511"
"2021","3","Corrientes","9","5.507"
"2021","3","Corrientes","1,2","4.071"
"2021","3","Corrientes","16","1.681"
"2021","3","Corrientes","17","1.470"
"2021","3","Corrientes","19","322"
"2021","3","Corrientes","2,2","2.949"
"2021","3","Corrientes","25","68"
"2021","3","Corrientes","0,26","5.053"
"2021","3","Corrientes","31","7.309"
"2021","3","Corrientes","3,2","8.098"
"2021","3","Corrientes","34","1"
"2021","3","Corrientes","4,5","1.706"
"2021","3","Corrientes","0,51","10"
"2021","3","Corrientes","6,4","11.341"
"2021","3","Corrientes","7,5","1.343"
"2021","3","Corrientes","0,75","57"
"2021","3","Corrientes","10,1","21.628"
"2021","3","Corrientes","12,3","442"
"2021","3","Corrientes","20,5","20.877"
"2021","3","Corrientes","25,1","2.324"
"2021","3","Corrientes","320","2.170"
"2021","3","Corrientes","50,1","19.652"
"2021","3","Corrientes","100,1","13.630"
"2021","3","Corrientes","1075","1"
"2021","3","Entre Ríos","1","113"
"2021","3","Entre Ríos","4","390"
"2021","3","Entre Ríos","6","3.734"
"2021","3","Entre Ríos","9","1.627"
"2021","3","Entre Ríos","1,2","5.840"
"2021","3","Entre Ríos","16","3.894"
"2021","3","Entre Ríos","17","1"
"2021","3","Entre Ríos","19","1.040"
"2021","3","Entre Ríos","2,2","5.710"
"2021","3","Entre Ríos","0,26","12.755"
"2021","3","Entre Ríos","31","11.211"
"2021","3","Entre Ríos","3,2","13.635"
"2021","3","Entre Ríos","0,38","1"
"2021","3","Entre Ríos","41","1"
"2021","3","Entre Ríos","4,5","1.490"
"2021","3","Entre Ríos","0,51","20"
"2021","3","Entre Ríos","6,4","33.466"
"2021","3","Entre Ríos","7,5","6.239"
"2021","3","Entre Ríos","0,75","86"
"2021","3","Entre Ríos","10,1","51.910"
"2021","3","Entre Ríos","12,3","5.204"
"2021","3","Entre Ríos","155","1"
"2021","3","Entre Ríos","20,5","28.975"
"2021","3","Entre Ríos","25,1","5.091"
"2021","3","Entre Ríos","320","2.815"
"2021","3","Entre Ríos","50,1","41.662"
"2021","3","Entre Ríos","512","6"
"2021","3","Entre Ríos","640","2"
"2021","3","Entre Ríos","850","1"
"2021","3","Entre Ríos","100,1","23.449"
"2021","3","Entre Ríos","1024","3"
"2021","3","Entre Ríos","2000","1"
"2021","3","Entre Ríos","2048","1"
"2021","3","Entre Ríos","2529","1"
"2021","3","Formosa","6","2.554"
"2021","3","Formosa","9","17"
"2021","3","Formosa","1,2","540"
"2021","3","Formosa","16","468"
"2021","3","Formosa","19","277"
"2021","3","Formosa","2,2","1.190"
"2021","3","Formosa","0,26","1.617"
"2021","3","Formosa","31","338"
"2021","3","Formosa","3,2","10.750"
"2021","3","Formosa","36","7"
"2021","3","Formosa","41","3"
"2021","3","Formosa","4,5","2.977"
"2021","3","Formosa","0,51","49"
"2021","3","Formosa","6,4","4.767"
"2021","3","Formosa","7,5","2"
"2021","3","Formosa","0,75","332"
"2021","3","Formosa","10,1","7.123"
"2021","3","Formosa","12,3","323"
"2021","3","Formosa","20,5","5.910"
"2021","3","Formosa","25,1","858"
"2021","3","Formosa","320","599"
"2021","3","Formosa","50,1","6.985"
"2021","3","Formosa","100,1","5.109"
"2021","3","Jujuy","6","4.311"
"2021","3","Jujuy","9","169"
"2021","3","Jujuy","1,2","1.699"
"2021","3","Jujuy","16","567"
"2021","3","Jujuy","19","4"
"2021","3","Jujuy","2,2","3.288"
"2021","3","Jujuy","0,26","2.401"
"2021","3","Jujuy","31","199"
"2021","3","Jujuy","3,2","5.841"
"2021","3","Jujuy","4,5","2.860"
"2021","3","Jujuy","0,51","26"
"2021","3","Jujuy","54","1"
"2021","3","Jujuy","6,4","6.060"
"2021","3","Jujuy","68","1"
"2021","3","Jujuy","7,5","10"
"2021","3","Jujuy","0,75","22"
"2021","3","Jujuy","81","1"
"2021","3","Jujuy","10,1","16.238"
"2021","3","Jujuy","12,3","22.759"
"2021","3","Jujuy","203","1"
"2021","3","Jujuy","20,5","14.425"
"2021","3","Jujuy","25,1","362"
"2021","3","Jujuy","320","292"
"2021","3","Jujuy","50,1","24.126"
"2021","3","Jujuy","520","200"
"2021","3","Jujuy","100,1","5.287"
"2021","3","Jujuy","8000","8"
"2021","3","La Pampa","1","313"
"2021","3","La Pampa","2","185"
"2021","3","La Pampa","4","1"
"2021","3","La Pampa","6","1.534"
"2021","3","La Pampa","9","230"
"2021","3","La Pampa","1,2","1.969"
"2021","3","La Pampa","16","3.280"
"2021","3","La Pampa","17","30"
"2021","3","La Pampa","19","35"
"2021","3","La Pampa","2,2","3.928"
"2021","3","La Pampa","24","46"
"2021","3","La Pampa","0,26","4.152"
"2021","3","La Pampa","29","53"
"2021","3","La Pampa","31","3.757"
"2021","3","La Pampa","3,2","8.297"
"2021","3","La Pampa","0,38","1"
"2021","3","La Pampa","4,5","2.785"
"2021","3","La Pampa","0,51","236"
"2021","3","La Pampa","64","148"
"2021","3","La Pampa","6,4","46.364"
"2021","3","La Pampa","7,5","5"
"2021","3","La Pampa","0,75","61"
"2021","3","La Pampa","10,1","7.160"
"2021","3","La Pampa","12,3","13"
"2021","3","La Pampa","20,5","5.379"
"2021","3","La Pampa","25,1","167"
"2021","3","La Pampa","320","8"
"2021","3","La Pampa","50,1","9.570"
"2021","3","La Pampa","100,1","780"
"2021","3","La Rioja","6","162"
"2021","3","La Rioja","9","85"
"2021","3","La Rioja","12","22"
"2021","3","La Rioja","1,2","672"
"2021","3","La Rioja","16","496"
"2021","3","La Rioja","2,2","303"
"2021","3","La Rioja","25","43"
"2021","3","La Rioja","31","4.515"
"2021","3","La Rioja","3,2","1.107"
"2021","3","La Rioja","4,5","2"
"2021","3","La Rioja","0,51","9"
"2021","3","La Rioja","6,4","3.121"
"2021","3","La Rioja","0,75","9"
"2021","3","La Rioja","10,1","5.894"
"2021","3","La Rioja","12,3","15.046"
"2021","3","La Rioja","203","138"
"2021","3","La Rioja","20,5","7.751"
"2021","3","La Rioja","25,1","312"
"2021","3","La Rioja","320","247"
"2021","3","La Rioja","50,1","34.157"
"2021","3","La Rioja","100,1","8.069"
"2021","3","Mendoza","2","1.348"
"2021","3","Mendoza","4","13"
"2021","3","Mendoza","6","728"
"2021","3","Mendoza","9","872"
"2021","3","Mendoza","10","1.706"
"2021","3","Mendoza","1,2","1.708"
"2021","3","Mendoza","16","1.670"
"2021","3","Mendoza","2,2","2.808"
"2021","3","Mendoza","25","3.224"
"2021","3","Mendoza","0,26","50"
"2021","3","Mendoza","31","4.241"
"2021","3","Mendoza","3,2","5.662"
"2021","3","Mendoza","37","103"
"2021","3","Mendoza","0,38","1"
"2021","3","Mendoza","41","22"
"2021","3","Mendoza","4,5","2.283"
"2021","3","Mendoza","0,51","19"
"2021","3","Mendoza","61","2"
"2021","3","Mendoza","6,4","137.352"
"2021","3","Mendoza","71","2"
"2021","3","Mendoza","7,5","2.426"
"2021","3","Mendoza","0,75","16"
"2021","3","Mendoza","77","1"
"2021","3","Mendoza","91","1"
"2021","3","Mendoza","10,1","7.636"
"2021","3","Mendoza","12,3","55.998"
"2021","3","Mendoza","203","15"
"2021","3","Mendoza","20,5","4.960"
"2021","3","Mendoza","25,1","144"
"2021","3","Mendoza","320","530"
"2021","3","Mendoza","450","1"
"2021","3","Mendoza","50,1","15.674"
"2021","3","Mendoza","512","2"
"2021","3","Mendoza","640","23"
"2021","3","Mendoza","100,1","4.697"
"2021","3","Mendoza","1024","1"
"2021","3","Misiones","4","4"
"2021","3","Misiones","6","5.917"
"2021","3","Misiones","9","309"
"2021","3","Misiones","10","3"
"2021","3","Misiones","12","4"
"2021","3","Misiones","1,2","4.371"
"2021","3","Misiones","15","1"
"2021","3","Misiones","16","2.451"
"2021","3","Misiones","17","1"
"2021","3","Misiones","19","389"
"2021","3","Misiones","22","37"
"2021","3","Misiones","2,2","12.204"
"2021","3","Misiones","0,26","8.279"
"2021","3","Misiones","31","12.784"
"2021","3","Misiones","3,2","5.452"
"2021","3","Misiones","41","71"
"2021","3","Misiones","4,5","596"
"2021","3","Misiones","46","68"
"2021","3","Misiones","0,51","47"
"2021","3","Misiones","61","19"
"2021","3","Misiones","6,4","13.393"
"2021","3","Misiones","7,5","359"
"2021","3","Misiones","0,75","4"
"2021","3","Misiones","10,1","24.428"
"2021","3","Misiones","120","1"
"2021","3","Misiones","12,3","267"
"2021","3","Misiones","205","1"
"2021","3","Misiones","20,5","22.966"
"2021","3","Misiones","25,1","1.990"
"2021","3","Misiones","275","1"
"2021","3","Misiones","320","1.830"
"2021","3","Misiones","480","1"
"2021","3","Misiones","50,1","26.147"
"2021","3","Misiones","512","20"
"2021","3","Misiones","950","1"
"2021","3","Misiones","100,1","14.109"
"2021","3","Misiones","2048","3"
"2021","3","Neuquén","1","1"
"2021","3","Neuquén","4","6.942"
"2021","3","Neuquén","6","9.733"
"2021","3","Neuquén","9","4.021"
"2021","3","Neuquén","1,2","623"
"2021","3","Neuquén","15","1"
"2021","3","Neuquén","16","316"
"2021","3","Neuquén","19","1.169"
"2021","3","Neuquén","2,2","2.581"
"2021","3","Neuquén","0,26","5.579"
"2021","3","Neuquén","31","201"
"2021","3","Neuquén","3,2","7.704"
"2021","3","Neuquén","41","57"
"2021","3","Neuquén","4,5","433"
"2021","3","Neuquén","0,51","40"
"2021","3","Neuquén","6,4","29.751"
"2021","3","Neuquén","65","4"
"2021","3","Neuquén","7,5","304"
"2021","3","Neuquén","0,75","72"
"2021","3","Neuquén","10,1","4.241"
"2021","3","Neuquén","12,3","957"
"2021","3","Neuquén","203","11"
"2021","3","Neuquén","20,5","3.791"
"2021","3","Neuquén","25,1","3.468"
"2021","3","Neuquén","320","3.075"
"2021","3","Neuquén","50,1","36.469"
"2021","3","Neuquén","512","12"
"2021","3","Neuquén","100,1","18.253"
"2021","3","Río Negro","1","1"
"2021","3","Río Negro","4","6"
"2021","3","Río Negro","6","5.582"
"2021","3","Río Negro","9","268"
"2021","3","Río Negro","10","15"
"2021","3","Río Negro","1,2","1.188"
"2021","3","Río Negro","16","1"
"2021","3","Río Negro","19","853"
"2021","3","Río Negro","2,2","3.465"
"2021","3","Río Negro","0,26","20.009"
"2021","3","Río Negro","31","186"
"2021","3","Río Negro","3,2","6.464"
"2021","3","Río Negro","41","34"
"2021","3","Río Negro","4,5","2.669"
"2021","3","Río Negro","0,51","19"
"2021","3","Río Negro","6,4","50.173"
"2021","3","Río Negro","0,75","106"
"2021","3","Río Negro","10,1","3.447"
"2021","3","Río Negro","120","1"
"2021","3","Río Negro","12,3","6.593"
"2021","3","Río Negro","155","1"
"2021","3","Río Negro","20,5","7.433"
"2021","3","Río Negro","25,1","2.109"
"2021","3","Río Negro","320","960"
"2021","3","Río Negro","450","1"
"2021","3","Río Negro","50,1","22.626"
"2021","3","Río Negro","100,1","10.375"
"2021","3","Salta","1","1"
"2021","3","Salta","4","8"
"2021","3","Salta","6","4.252"
"2021","3","Salta","9","53"
"2021","3","Salta","1,2","1.790"
"2021","3","Salta","16","2.252"
"2021","3","Salta","19","13"
"2021","3","Salta","2,2","1.726"
"2021","3","Salta","0,26","6.327"
"2021","3","Salta","31","331"
"2021","3","Salta","3,2","12.261"
"2021","3","Salta","4,5","8.133"
"2021","3","Salta","0,51","41"
"2021","3","Salta","6,4","13.280"
"2021","3","Salta","7,5","119"
"2021","3","Salta","0,75","60"
"2021","3","Salta","10,1","69.932"
"2021","3","Salta","12,3","502"
"2021","3","Salta","20,5","4.195"
"2021","3","Salta","25,1","3.562"
"2021","3","Salta","320","2.305"
"2021","3","Salta","50,1","46.903"
"2021","3","Salta","100,1","17.787"
"2021","3","San Juan","6","342"
"2021","3","San Juan","9","250"
"2021","3","San Juan","10","102"
"2021","3","San Juan","1,2","1.333"
"2021","3","San Juan","16","69"
"2021","3","San Juan","2,2","1.626"
"2021","3","San Juan","0,26","4.641"
"2021","3","San Juan","31","5"
"2021","3","San Juan","3,2","4.811"
"2021","3","San Juan","41","1"
"2021","3","San Juan","4,5","910"
"2021","3","San Juan","0,51","15"
"2021","3","San Juan","61","1"
"2021","3","San Juan","6,4","51.184"
"2021","3","San Juan","7,5","254"
"2021","3","San Juan","0,75","3"
"2021","3","San Juan","10,1","146"
"2021","3","San Juan","12,3","13.054"
"2021","3","San Juan","203","10"
"2021","3","San Juan","20,5","127"
"2021","3","San Juan","25,1","335"
"2021","3","San Juan","50,1","158"
"2021","3","San Juan","100,1","106"
"2021","3","San Luis","4","2"
"2021","3","San Luis","6","86"
"2021","3","San Luis","9","149"
"2021","3","San Luis","10","2.133"
"2021","3","San Luis","1,2","439"
"2021","3","San Luis","2,2","667"
"2021","3","San Luis","0,26","29.392"
"2021","3","San Luis","31","2"
"2021","3","San Luis","3,2","963"
"2021","3","San Luis","4,5","310"
"2021","3","San Luis","47","3"
"2021","3","San Luis","0,51","59"
"2021","3","San Luis","6,4","9.085"
"2021","3","San Luis","7,5","122"
"2021","3","San Luis","0,75","1"
"2021","3","San Luis","10,1","1"
"2021","3","San Luis","12,3","6.409"
"2021","3","San Luis","203","1"
"2021","3","San Luis","20,5","82"
"2021","3","San Luis","25,1","67.942"
"2021","3","San Luis","100,1","1"
"2021","3","San Luis","5000","15"
"2021","3","Santa Cruz","6","1.899"
"2021","3","Santa Cruz","9","2"
"2021","3","Santa Cruz","10","35"
"2021","3","Santa Cruz","1,2","6.656"
"2021","3","Santa Cruz","14","1.281"
"2021","3","Santa Cruz","16","850"
"2021","3","Santa Cruz","19","1"
"2021","3","Santa Cruz","2,2","2.661"
"2021","3","Santa Cruz","25","675"
"2021","3","Santa Cruz","0,26","735"
"2021","3","Santa Cruz","31","133"
"2021","3","Santa Cruz","3,2","5.910"
"2021","3","Santa Cruz","36","216"
"2021","3","Santa Cruz","0,38","3"
"2021","3","Santa Cruz","41","5"
"2021","3","Santa Cruz","4,5","962"
"2021","3","Santa Cruz","0,51","24"
"2021","3","Santa Cruz","6,4","12.473"
"2021","3","Santa Cruz","7,5","29"
"2021","3","Santa Cruz","0,75","23"
"2021","3","Santa Cruz","77","49"
"2021","3","Santa Cruz","10,1","8.299"
"2021","3","Santa Cruz","12,3","4.561"
"2021","3","Santa Cruz","20,5","106"
"2021","3","Santa Cruz","25,1","980"
"2021","3","Santa Cruz","320","14"
"2021","3","Santa Cruz","50,1","327"
"2021","3","Santa Cruz","100,1","67"
"2021","3","Santa Fe","1","5"
"2021","3","Santa Fe","4","171"
"2021","3","Santa Fe","6","28.391"
"2021","3","Santa Fe","9","9.511"
"2021","3","Santa Fe","10","738"
"2021","3","Santa Fe","1,2","14.023"
"2021","3","Santa Fe","14","68"
"2021","3","Santa Fe","16","12.728"
"2021","3","Santa Fe","17","137"
"2021","3","Santa Fe","19","2.774"
"2021","3","Santa Fe","2,2","11.579"
"2021","3","Santa Fe","0,26","16.267"
"2021","3","Santa Fe","31","27.810"
"2021","3","Santa Fe","3,2","51.512"
"2021","3","Santa Fe","36","4"
"2021","3","Santa Fe","0,38","32"
"2021","3","Santa Fe","39","2"
"2021","3","Santa Fe","41","224"
"2021","3","Santa Fe","4,5","5.380"
"2021","3","Santa Fe","46","109"
"2021","3","Santa Fe","0,51","335"
"2021","3","Santa Fe","61","43"
"2021","3","Santa Fe","6,4","82.399"
"2021","3","Santa Fe","7,5","6.887"
"2021","3","Santa Fe","0,75","100"
"2021","3","Santa Fe","81","1.605"
"2021","3","Santa Fe","97","1"
"2021","3","Santa Fe","10,1","184.114"
"2021","3","Santa Fe","122","9"
"2021","3","Santa Fe","12,3","7.779"
"2021","3","Santa Fe","1,25","326"
"2021","3","Santa Fe","155","775"
"2021","3","Santa Fe","203","6"
"2021","3","Santa Fe","20,5","60.455"
"2021","3","Santa Fe","25,1","27.421"
"2021","3","Santa Fe","320","8.428"
"2021","3","Santa Fe","450","14"
"2021","3","Santa Fe","473","1"
"2021","3","Santa Fe","50,1","186.560"
"2021","3","Santa Fe","640","24"
"2021","3","Santa Fe","768","1"
"2021","3","Santa Fe","100,1","92.822"
"2021","3","Santa Fe","1024","3"
"2021","3","Santa Fe","2048","9"
"2021","3","Santa Fe","6000","1"
"2021","3","Santa Fe","7000","1"
"2021","3","Santiago Del Estero","1","908"
"2021","3","Santiago Del Estero","2","307"
"2021","3","Santiago Del Estero","6","387"
"2021","3","Santiago Del Estero","9","12"
"2021","3","Santiago Del Estero","1,2","555"
"2021","3","Santiago Del Estero","16","680"
"2021","3","Santiago Del Estero","2,2","3.310"
"2021","3","Santiago Del Estero","0,26","898"
"2021","3","Santiago Del Estero","31","351"
"2021","3","Santiago Del Estero","3,2","8.927"
"2021","3","Santiago Del Estero","41","30"
"2021","3","Santiago Del Estero","4,5","1.372"
"2021","3","Santiago Del Estero","0,51","39"
"2021","3","Santiago Del Estero","6,4","17.895"
"2021","3","Santiago Del Estero","7,5","1.113"
"2021","3","Santiago Del Estero","0,75","84"
"2021","3","Santiago Del Estero","10,1","60.713"
"2021","3","Santiago Del Estero","12,3","8.299"
"2021","3","Santiago Del Estero","20,5","2.295"
"2021","3","Santiago Del Estero","25,1","450"
"2021","3","Santiago Del Estero","320","239"
"2021","3","Santiago Del Estero","50,1","3.225"
"2021","3","Santiago Del Estero","512","1"
"2021","3","Santiago Del Estero","100,1","3.366"
"2021","3","Santiago Del Estero","10000","2"
"2021","3","Tierra Del Fuego","6","412"
"2021","3","Tierra Del Fuego","9","5.886"
"2021","3","Tierra Del Fuego","10","36"
"2021","3","Tierra Del Fuego","1,2","83"
"2021","3","Tierra Del Fuego","16","992"
"2021","3","Tierra Del Fuego","19","203"
"2021","3","Tierra Del Fuego","2,2","5"
"2021","3","Tierra Del Fuego","0,26","895"
"2021","3","Tierra Del Fuego","31","78"
"2021","3","Tierra Del Fuego","3,2","525"
"2021","3","Tierra Del Fuego","36","2"
"2021","3","Tierra Del Fuego","41","9"
"2021","3","Tierra Del Fuego","4,5","2.354"
"2021","3","Tierra Del Fuego","0,51","6"
"2021","3","Tierra Del Fuego","61","34"
"2021","3","Tierra Del Fuego","6,4","20.344"
"2021","3","Tierra Del Fuego","0,75","11"
"2021","3","Tierra Del Fuego","10,1","7.475"
"2021","3","Tierra Del Fuego","12,3","8.516"
"2021","3","Tierra Del Fuego","155","17"
"2021","3","Tierra Del Fuego","203","1"
"2021","3","Tierra Del Fuego","20,5","71"
"2021","3","Tierra Del Fuego","25,1","1.355"
"2021","3","Tierra Del Fuego","50,1","871"
"2021","3","Tierra Del Fuego","100,1","41"
"2021","3","Tierra Del Fuego","1075","1"
"2021","3","Tucumán","4","2.890"
"2021","3","Tucumán","6","745"
"2021","3","Tucumán","9","163"
"2021","3","Tucumán","10","320"
"2021","3","Tucumán","12","2"
"2021","3","Tucumán","1,2","2.356"
"2021","3","Tucumán","16","2.551"
"2021","3","Tucumán","19","1"
"2021","3","Tucumán","2,2","42"
"2021","3","Tucumán","25","2"
"2021","3","Tucumán","0,26","164"
"2021","3","Tucumán","31","1.193"
"2021","3","Tucumán","3,2","8.626"
"2021","3","Tucumán","36","1"
"2021","3","Tucumán","4,5","253"
"2021","3","Tucumán","0,51","19"
"2021","3","Tucumán","6,4","24.631"
"2021","3","Tucumán","71","1"
"2021","3","Tucumán","7,5","295"
"2021","3","Tucumán","0,75","13"
"2021","3","Tucumán","86","1"
"2021","3","Tucumán","10,1","49.515"
"2021","3","Tucumán","12,3","1.734"
"2021","3","Tucumán","203","1"
"2021","3","Tucumán","20,5","17.698"
"2021","3","Tucumán","25,1","4.105"
"2021","3","Tucumán","320","2.843"
"2021","3","Tucumán","50,1","71.122"
"2021","3","Tucumán","512","1"
"2021","3","Tucumán","100,1","41.176"
"2021","3","Tucumán","1024","7"
"2021","3","Tucumán","2529","1"
"2021","2","Buenos Aires","0","4"
"2021","2","Buenos Aires","1","26.751"
"2021","2","Buenos Aires","2","422"
"2021","2","Buenos Aires","4","34.703"
"2021","2","Buenos Aires","6","32.130"
"2021","2","Buenos Aires","8","96"
"2021","2","Buenos Aires","9","26.037"
"2021","2","Buenos Aires","10","265"
"2021","2","Buenos Aires","12","8"
"2021","2","Buenos Aires","1,2","29.714"
"2021","2","Buenos Aires","14","154"
"2021","2","Buenos Aires","15","33"
"2021","2","Buenos Aires","16","25.403"
"2021","2","Buenos Aires","17","561"
"2021","2","Buenos Aires","18","2"
"2021","2","Buenos Aires","19","30.098"
"2021","2","Buenos Aires","22","3"
"2021","2","Buenos Aires","2,2","23.173"
"2021","2","Buenos Aires","24","61"
"2021","2","Buenos Aires","25","26"
"2021","2","Buenos Aires","0,26","9.108"
"2021","2","Buenos Aires","31","27.662"
"2021","2","Buenos Aires","3,2","85.693"
"2021","2","Buenos Aires","35","1"
"2021","2","Buenos Aires","36","538"
"2021","2","Buenos Aires","0,38","18"
"2021","2","Buenos Aires","41","2.218"
"2021","2","Buenos Aires","45","9"
"2021","2","Buenos Aires","4,5","19.619"
"2021","2","Buenos Aires","50","1"
"2021","2","Buenos Aires","0,51","37.007"
"2021","2","Buenos Aires","55","54"
"2021","2","Buenos Aires","56","24"
"2021","2","Buenos Aires","59","1"
"2021","2","Buenos Aires","60","59"
"2021","2","Buenos Aires","61","47.163"
"2021","2","Buenos Aires","63","1"
"2021","2","Buenos Aires","6,4","874.991"
"2021","2","Buenos Aires","66","2"
"2021","2","Buenos Aires","6,7","31"
"2021","2","Buenos Aires","71","5.161"
"2021","2","Buenos Aires","7,5","11.419"
"2021","2","Buenos Aires","0,75","167"
"2021","2","Buenos Aires","77","13.595"
"2021","2","Buenos Aires","80","2"
"2021","2","Buenos Aires","81","64"
"2021","2","Buenos Aires","82","1"
"2021","2","Buenos Aires","95","3"
"2021","2","Buenos Aires","10,1","206.184"
"2021","2","Buenos Aires","122","52"
"2021","2","Buenos Aires","12,3","36.992"
"2021","2","Buenos Aires","126","2"
"2021","2","Buenos Aires","127","1"
"2021","2","Buenos Aires","155","13.715"
"2021","2","Buenos Aires","160","1"
"2021","2","Buenos Aires","164","3"
"2021","2","Buenos Aires","203","358"
"2021","2","Buenos Aires","20,5","47.071"
"2021","2","Buenos Aires","220","1"
"2021","2","Buenos Aires","246","7"
"2021","2","Buenos Aires","25,1","210.209"
"2021","2","Buenos Aires","256","2"
"2021","2","Buenos Aires","270","5"
"2021","2","Buenos Aires","320","114.449"
"2021","2","Buenos Aires","350","4"
"2021","2","Buenos Aires","380","3"
"2021","2","Buenos Aires","450","12"
"2021","2","Buenos Aires","50,1","1.273.506"
"2021","2","Buenos Aires","512","2.339"
"2021","2","Buenos Aires","520","32"
"2021","2","Buenos Aires","640","528"
"2021","2","Buenos Aires","100,1","854.807"
"2021","2","Buenos Aires","1024","6.701"
"2021","2","Buenos Aires","1075","1"
"2021","2","Buenos Aires","1536","1"
"2021","2","Buenos Aires","2048","6"
"2021","2","Buenos Aires","2529","860"
"2021","2","Buenos Aires","4000","227"
"2021","2","Buenos Aires","5125","9"
"2021","2","Buenos Aires","8000","7"
"2021","2","CABA","1","374"
"2021","2","CABA","4","1.503"
"2021","2","CABA","6","2.583"
"2021","2","CABA","9","864"
"2021","2","CABA","10","3"
"2021","2","CABA","12","5"
"2021","2","CABA","1,2","4.760"
"2021","2","CABA","16","3.269"
"2021","2","CABA","17","5"
"2021","2","CABA","19","22.593"
"2021","2","CABA","22","1"
"2021","2","CABA","2,2","338"
"2021","2","CABA","0,26","66"
"2021","2","CABA","31","11.509"
"2021","2","CABA","3,2","6.756"
"2021","2","CABA","36","9"
"2021","2","CABA","0,38","31"
"2021","2","CABA","40","30"
"2021","2","CABA","41","121"
"2021","2","CABA","4,5","2.286"
"2021","2","CABA","0,51","228"
"2021","2","CABA","56","1"
"2021","2","CABA","61","11.745"
"2021","2","CABA","6,4","139.561"
"2021","2","CABA","67","1"
"2021","2","CABA","71","3"
"2021","2","CABA","7,5","6"
"2021","2","CABA","0,75","35"
"2021","2","CABA","77","4.666"
"2021","2","CABA","81","7"
"2021","2","CABA","91","34"
"2021","2","CABA","10,1","72.695"
"2021","2","CABA","120","1"
"2021","2","CABA","122","5"
"2021","2","CABA","12,3","6.206"
"2021","2","CABA","126","3"
"2021","2","CABA","155","11.436"
"2021","2","CABA","164","5"
"2021","2","CABA","203","2.686"
"2021","2","CABA","20,5","11.781"
"2021","2","CABA","225","1"
"2021","2","CABA","234","1"
"2021","2","CABA","25,1","76.423"
"2021","2","CABA","256","1.399"
"2021","2","CABA","300","1"
"2021","2","CABA","320","75.639"
"2021","2","CABA","330","2"
"2021","2","CABA","450","2"
"2021","2","CABA","50,1","546.744"
"2021","2","CABA","512","929"
"2021","2","CABA","768","1"
"2021","2","CABA","850","1"
"2021","2","CABA","100,1","375.497"
"2021","2","CABA","1024","5.504"
"2021","2","Catamarca","10","11"
"2021","2","Catamarca","1,2","503"
"2021","2","Catamarca","16","589"
"2021","2","Catamarca","2,2","278"
"2021","2","Catamarca","25","4.026"
"2021","2","Catamarca","0,26","2.206"
"2021","2","Catamarca","31","701"
"2021","2","Catamarca","3,2","1.936"
"2021","2","Catamarca","4,5","350"
"2021","2","Catamarca","49","447"
"2021","2","Catamarca","0,51","34"
"2021","2","Catamarca","6,4","4.152"
"2021","2","Catamarca","7,5","3"
"2021","2","Catamarca","0,75","37"
"2021","2","Catamarca","10,1","9.077"
"2021","2","Catamarca","12,3","22"
"2021","2","Catamarca","203","42"
"2021","2","Catamarca","20,5","6.217"
"2021","2","Catamarca","25,1","214"
"2021","2","Catamarca","320","688"
"2021","2","Catamarca","50,1","15.744"
"2021","2","Catamarca","100,1","8.465"
"2021","2","Catamarca","5000","2"
"2021","2","Chaco","4","1.186"
"2021","2","Chaco","0,5","111"
"2021","2","Chaco","6","2.385"
"2021","2","Chaco","9","990"
"2021","2","Chaco","10","1"
"2021","2","Chaco","1,2","1.226"
"2021","2","Chaco","1,5","25"
"2021","2","Chaco","16","1.621"
"2021","2","Chaco","19","451"
"2021","2","Chaco","2,2","1.008"
"2021","2","Chaco","0,26","7.958"
"2021","2","Chaco","31","11.999"
"2021","2","Chaco","3,2","7.547"
"2021","2","Chaco","4,5","385"
"2021","2","Chaco","0,51","69"
"2021","2","Chaco","0,63","225"
"2021","2","Chaco","6,4","9.683"
"2021","2","Chaco","7,5","624"
"2021","2","Chaco","0,75","7"
"2021","2","Chaco","10,1","19.959"
"2021","2","Chaco","12,3","2.270"
"2021","2","Chaco","20,5","19.690"
"2021","2","Chaco","25,1","4.081"
"2021","2","Chaco","320","2.287"
"2021","2","Chaco","50,1","31.423"
"2021","2","Chaco","512","7"
"2021","2","Chaco","100,1","13.493"
"2021","2","Chaco","8000","18"
"2021","2","Chubut","4","68"
"2021","2","Chubut","6","778"
"2021","2","Chubut","9","113"
"2021","2","Chubut","10","1.312"
"2021","2","Chubut","1,2","929"
"2021","2","Chubut","16","802"
"2021","2","Chubut","2,2","4.916"
"2021","2","Chubut","0,26","5.172"
"2021","2","Chubut","31","234"
"2021","2","Chubut","3,2","20.964"
"2021","2","Chubut","0,38","8"
"2021","2","Chubut","41","3"
"2021","2","Chubut","4,5","3.581"
"2021","2","Chubut","0,51","64"
"2021","2","Chubut","6,4","58.508"
"2021","2","Chubut","7,5","243"
"2021","2","Chubut","0,75","32"
"2021","2","Chubut","10,1","20.937"
"2021","2","Chubut","12,3","15.699"
"2021","2","Chubut","203","1"
"2021","2","Chubut","20,5","103"
"2021","2","Chubut","25,1","3.662"
"2021","2","Chubut","50,1","999"
"2021","2","Chubut","100,1","109"
"2021","2","Córdoba","1","66"
"2021","2","Córdoba","2","7"
"2021","2","Córdoba","4","5.074"
"2021","2","Córdoba","6","11.913"
"2021","2","Córdoba","7","14"
"2021","2","Córdoba","9","10.100"
"2021","2","Córdoba","10","2.059"
"2021","2","Córdoba","11","1"
"2021","2","Córdoba","12","7"
"2021","2","Córdoba","1,2","15.625"
"2021","2","Córdoba","14","4"
"2021","2","Córdoba","15","9"
"2021","2","Córdoba","16","16.475"
"2021","2","Córdoba","17","100"
"2021","2","Córdoba","19","6.577"
"2021","2","Córdoba","2,2","12.735"
"2021","2","Córdoba","25","2"
"2021","2","Córdoba","2,5","27"
"2021","2","Córdoba","26","25"
"2021","2","Córdoba","0,26","9.925"
"2021","2","Córdoba","31","5.135"
"2021","2","Córdoba","3,2","54.071"
"2021","2","Córdoba","3,5","6"
"2021","2","Córdoba","36","2"
"2021","2","Córdoba","0,38","2"
"2021","2","Córdoba","41","72"
"2021","2","Córdoba","4,5","12.287"
"2021","2","Córdoba","0,51","87"
"2021","2","Córdoba","61","13.442"
"2021","2","Córdoba","6,4","91.491"
"2021","2","Córdoba","6,7","907"
"2021","2","Córdoba","71","133"
"2021","2","Córdoba","7,5","3.928"
"2021","2","Córdoba","0,75","10"
"2021","2","Córdoba","10,1","120.415"
"2021","2","Córdoba","122","35"
"2021","2","Córdoba","12,3","12.329"
"2021","2","Córdoba","145","1"
"2021","2","Córdoba","155","16"
"2021","2","Córdoba","203","27"
"2021","2","Córdoba","20,5","31.448"
"2021","2","Córdoba","234","486"
"2021","2","Córdoba","25,1","65.793"
"2021","2","Córdoba","320","14.790"
"2021","2","Córdoba","450","2"
"2021","2","Córdoba","50,1","308.436"
"2021","2","Córdoba","520","21"
"2021","2","Córdoba","768","1"
"2021","2","Córdoba","900","1"
"2021","2","Córdoba","100,1","104.744"
"2021","2","Córdoba","1024","12"
"2021","2","Córdoba","2048","3"
"2021","2","Córdoba","25,11","2"
"2021","2","Corrientes","1","118"
"2021","2","Corrientes","4","480"
"2021","2","Corrientes","6","1.513"
"2021","2","Corrientes","9","3.516"
"2021","2","Corrientes","1,2","4.211"
"2021","2","Corrientes","16","1.647"
"2021","2","Corrientes","17","1.093"
"2021","2","Corrientes","19","381"
"2021","2","Corrientes","2,2","1.721"
"2021","2","Corrientes","0,26","5.053"
"2021","2","Corrientes","31","7.327"
"2021","2","Corrientes","3,2","8.443"
"2021","2","Corrientes","4,5","1.665"
"2021","2","Corrientes","0,51","10"
"2021","2","Corrientes","6,4","11.913"
"2021","2","Corrientes","7,5","1.343"
"2021","2","Corrientes","0,75","57"
"2021","2","Corrientes","10,1","22.178"
"2021","2","Corrientes","12,3","281"
"2021","2","Corrientes","20,5","21.122"
"2021","2","Corrientes","25,1","2.746"
"2021","2","Corrientes","320","1.914"
"2021","2","Corrientes","50,1","20.318"
"2021","2","Corrientes","100,1","10.450"
"2021","2","Corrientes","1075","1"
"2021","2","Entre Ríos","1","113"
"2021","2","Entre Ríos","4","390"
"2021","2","Entre Ríos","6","3.447"
"2021","2","Entre Ríos","9","1.627"
"2021","2","Entre Ríos","1,2","5.962"
"2021","2","Entre Ríos","16","3.861"
"2021","2","Entre Ríos","17","3"
"2021","2","Entre Ríos","19","1.224"
"2021","2","Entre Ríos","2,2","6.387"
"2021","2","Entre Ríos","0,26","16.077"
"2021","2","Entre Ríos","31","11.226"
"2021","2","Entre Ríos","3,2","14.166"
"2021","2","Entre Ríos","0,38","1"
"2021","2","Entre Ríos","41","1"
"2021","2","Entre Ríos","4,5","1.221"
"2021","2","Entre Ríos","0,51","20"
"2021","2","Entre Ríos","6,4","34.856"
"2021","2","Entre Ríos","7,5","6.239"
"2021","2","Entre Ríos","0,75","86"
"2021","2","Entre Ríos","10,1","47.483"
"2021","2","Entre Ríos","12,3","5.270"
"2021","2","Entre Ríos","155","1"
"2021","2","Entre Ríos","20,5","29.110"
"2021","2","Entre Ríos","25,1","7.276"
"2021","2","Entre Ríos","320","2.440"
"2021","2","Entre Ríos","50,1","41.138"
"2021","2","Entre Ríos","512","6"
"2021","2","Entre Ríos","640","2"
"2021","2","Entre Ríos","850","1"
"2021","2","Entre Ríos","100,1","17.992"
"2021","2","Entre Ríos","1024","3"
"2021","2","Entre Ríos","2000","1"
"2021","2","Entre Ríos","2048","1"
"2021","2","Entre Ríos","2529","1"
"2021","2","Formosa","6","2.162"
"2021","2","Formosa","9","1"
"2021","2","Formosa","1,2","570"
"2021","2","Formosa","16","454"
"2021","2","Formosa","19","324"
"2021","2","Formosa","2,2","1.250"
"2021","2","Formosa","0,26","1.618"
"2021","2","Formosa","31","366"
"2021","2","Formosa","3,2","10.370"
"2021","2","Formosa","41","3"
"2021","2","Formosa","4,5","2.979"
"2021","2","Formosa","0,51","49"
"2021","2","Formosa","6,4","5.033"
"2021","2","Formosa","7,5","2"
"2021","2","Formosa","0,75","332"
"2021","2","Formosa","10,1","7.307"
"2021","2","Formosa","12,3","336"
"2021","2","Formosa","20,5","6.346"
"2021","2","Formosa","25,1","979"
"2021","2","Formosa","320","463"
"2021","2","Formosa","50,1","6.849"
"2021","2","Formosa","100,1","3.758"
"2021","2","Jujuy","6","4.090"
"2021","2","Jujuy","9","169"
"2021","2","Jujuy","1,2","1.722"
"2021","2","Jujuy","16","558"
"2021","2","Jujuy","19","4"
"2021","2","Jujuy","2,2","3.288"
"2021","2","Jujuy","0,26","2.401"
"2021","2","Jujuy","31","222"
"2021","2","Jujuy","3,2","5.924"
"2021","2","Jujuy","4,5","2.860"
"2021","2","Jujuy","0,51","26"
"2021","2","Jujuy","54","1"
"2021","2","Jujuy","6,4","6.473"
"2021","2","Jujuy","68","1"
"2021","2","Jujuy","7,5","10"
"2021","2","Jujuy","0,75","22"
"2021","2","Jujuy","81","1"
"2021","2","Jujuy","10,1","16.398"
"2021","2","Jujuy","12,3","22.759"
"2021","2","Jujuy","203","1"
"2021","2","Jujuy","20,5","14.587"
"2021","2","Jujuy","25,1","385"
"2021","2","Jujuy","320","278"
"2021","2","Jujuy","50,1","24.298"
"2021","2","Jujuy","520","200"
"2021","2","Jujuy","100,1","5.162"
"2021","2","Jujuy","8000","8"
"2021","2","La Pampa","1","313"
"2021","2","La Pampa","4","1"
"2021","2","La Pampa","6","1.421"
"2021","2","La Pampa","9","222"
"2021","2","La Pampa","1,2","2.177"
"2021","2","La Pampa","16","3.399"
"2021","2","La Pampa","17","30"
"2021","2","La Pampa","19","38"
"2021","2","La Pampa","2,2","4.306"
"2021","2","La Pampa","24","46"
"2021","2","La Pampa","0,26","4.062"
"2021","2","La Pampa","29","53"
"2021","2","La Pampa","31","3.025"
"2021","2","La Pampa","3,2","8.030"
"2021","2","La Pampa","0,38","1"
"2021","2","La Pampa","4,5","2.804"
"2021","2","La Pampa","0,51","236"
"2021","2","La Pampa","64","148"
"2021","2","La Pampa","6,4","45.648"
"2021","2","La Pampa","7,5","5"
"2021","2","La Pampa","0,75","61"
"2021","2","La Pampa","10,1","7.542"
"2021","2","La Pampa","12,3","15"
"2021","2","La Pampa","20,5","4.646"
"2021","2","La Pampa","25,1","275"
"2021","2","La Pampa","320","5"
"2021","2","La Pampa","50,1","8.547"
"2021","2","La Pampa","100,1","611"
"2021","2","La Rioja","6","5"
"2021","2","La Rioja","1,2","691"
"2021","2","La Rioja","16","482"
"2021","2","La Rioja","2,2","303"
"2021","2","La Rioja","0,26","19"
"2021","2","La Rioja","31","4.510"
"2021","2","La Rioja","3,2","1.051"
"2021","2","La Rioja","4,5","3"
"2021","2","La Rioja","0,51","9"
"2021","2","La Rioja","6,4","3.260"
"2021","2","La Rioja","0,75","9"
"2021","2","La Rioja","10,1","5.971"
"2021","2","La Rioja","12,3","15.046"
"2021","2","La Rioja","203","138"
"2021","2","La Rioja","20,5","7.770"
"2021","2","La Rioja","25,1","317"
"2021","2","La Rioja","320","224"
"2021","2","La Rioja","50,1","34.132"
"2021","2","La Rioja","100,1","7.662"
"2021","2","Mendoza","2","1.348"
"2021","2","Mendoza","4","13"
"2021","2","Mendoza","6","1.059"
"2021","2","Mendoza","9","871"
"2021","2","Mendoza","10","1.962"
"2021","2","Mendoza","1,2","1.729"
"2021","2","Mendoza","16","1.071"
"2021","2","Mendoza","2,2","2.810"
"2021","2","Mendoza","25","1.634"
"2021","2","Mendoza","0,26","50"
"2021","2","Mendoza","31","2.637"
"2021","2","Mendoza","3,2","5.563"
"2021","2","Mendoza","37","99"
"2021","2","Mendoza","0,38","1"
"2021","2","Mendoza","41","18"
"2021","2","Mendoza","4,5","2.291"
"2021","2","Mendoza","0,51","19"
"2021","2","Mendoza","61","2"
"2021","2","Mendoza","6,4","122.680"
"2021","2","Mendoza","71","2"
"2021","2","Mendoza","7,5","2.460"
"2021","2","Mendoza","0,75","16"
"2021","2","Mendoza","77","1"
"2021","2","Mendoza","91","1"
"2021","2","Mendoza","10,1","5.593"
"2021","2","Mendoza","12,3","52.495"
"2021","2","Mendoza","203","13"
"2021","2","Mendoza","20,5","2.551"
"2021","2","Mendoza","25,1","145"
"2021","2","Mendoza","320","520"
"2021","2","Mendoza","50,1","15.609"
"2021","2","Mendoza","512","2"
"2021","2","Mendoza","640","23"
"2021","2","Mendoza","100,1","4.381"
"2021","2","Mendoza","1024","2"
"2021","2","Misiones","4","4"
"2021","2","Misiones","6","4.596"
"2021","2","Misiones","9","309"
"2021","2","Misiones","10","3"
"2021","2","Misiones","12","4"
"2021","2","Misiones","1,2","4.411"
"2021","2","Misiones","15","1"
"2021","2","Misiones","16","2.051"
"2021","2","Misiones","17","1"
"2021","2","Misiones","19","448"
"2021","2","Misiones","22","37"
"2021","2","Misiones","2,2","11.898"
"2021","2","Misiones","0,26","8.279"
"2021","2","Misiones","31","12.659"
"2021","2","Misiones","3,2","5.968"
"2021","2","Misiones","41","71"
"2021","2","Misiones","4,5","596"
"2021","2","Misiones","46","28"
"2021","2","Misiones","0,51","47"
"2021","2","Misiones","61","19"
"2021","2","Misiones","6,4","14.175"
"2021","2","Misiones","7,5","317"
"2021","2","Misiones","0,75","4"
"2021","2","Misiones","10,1","25.278"
"2021","2","Misiones","120","1"
"2021","2","Misiones","12,3","298"
"2021","2","Misiones","205","1"
"2021","2","Misiones","20,5","23.008"
"2021","2","Misiones","25,1","3.495"
"2021","2","Misiones","275","1"
"2021","2","Misiones","320","1.565"
"2021","2","Misiones","480","1"
"2021","2","Misiones","50,1","25.863"
"2021","2","Misiones","512","20"
"2021","2","Misiones","950","1"
"2021","2","Misiones","100,1","10.715"
"2021","2","Misiones","2048","3"
"2021","2","Neuquén","1","1"
"2021","2","Neuquén","4","6.942"
"2021","2","Neuquén","6","9.870"
"2021","2","Neuquén","9","4.082"
"2021","2","Neuquén","1,2","647"
"2021","2","Neuquén","15","1"
"2021","2","Neuquén","16","316"
"2021","2","Neuquén","19","1.348"
"2021","2","Neuquén","2,2","2.584"
"2021","2","Neuquén","0,26","5.645"
"2021","2","Neuquén","31","213"
"2021","2","Neuquén","3,2","7.768"
"2021","2","Neuquén","41","57"
"2021","2","Neuquén","4,5","433"
"2021","2","Neuquén","0,51","40"
"2021","2","Neuquén","6,4","29.795"
"2021","2","Neuquén","65","4"
"2021","2","Neuquén","7,5","304"
"2021","2","Neuquén","0,75","72"
"2021","2","Neuquén","10,1","4.245"
"2021","2","Neuquén","12,3","1.068"
"2021","2","Neuquén","20,5","3.138"
"2021","2","Neuquén","25,1","5.768"
"2021","2","Neuquén","320","2.741"
"2021","2","Neuquén","50,1","35.477"
"2021","2","Neuquén","512","12"
"2021","2","Neuquén","100,1","15.679"
"2021","2","Río Negro","1","1"
"2021","2","Río Negro","4","6"
"2021","2","Río Negro","6","5.587"
"2021","2","Río Negro","9","268"
"2021","2","Río Negro","10","19"
"2021","2","Río Negro","1,2","1.210"
"2021","2","Río Negro","16","1"
"2021","2","Río Negro","19","976"
"2021","2","Río Negro","2,2","3.466"
"2021","2","Río Negro","0,26","20.009"
"2021","2","Río Negro","31","187"
"2021","2","Río Negro","3,2","6.525"
"2021","2","Río Negro","41","33"
"2021","2","Río Negro","4,5","2.669"
"2021","2","Río Negro","0,51","19"
"2021","2","Río Negro","6,4","50.449"
"2021","2","Río Negro","0,75","106"
"2021","2","Río Negro","10,1","3.376"
"2021","2","Río Negro","120","1"
"2021","2","Río Negro","12,3","6.629"
"2021","2","Río Negro","155","1"
"2021","2","Río Negro","203","1"
"2021","2","Río Negro","20,5","7.413"
"2021","2","Río Negro","25,1","3.693"
"2021","2","Río Negro","320","755"
"2021","2","Río Negro","450","1"
"2021","2","Río Negro","50,1","21.978"
"2021","2","Río Negro","100,1","8.705"
"2021","2","Salta","1","1"
"2021","2","Salta","4","8"
"2021","2","Salta","6","4.255"
"2021","2","Salta","9","53"
"2021","2","Salta","1,2","1.819"
"2021","2","Salta","16","2.210"
"2021","2","Salta","19","17"
"2021","2","Salta","2,2","1.727"
"2021","2","Salta","0,26","6.328"
"2021","2","Salta","31","352"
"2021","2","Salta","3,2","12.452"
"2021","2","Salta","4,5","8.133"
"2021","2","Salta","0,51","41"
"2021","2","Salta","6,4","14.168"
"2021","2","Salta","7,5","119"
"2021","2","Salta","0,75","60"
"2021","2","Salta","10,1","66.840"
"2021","2","Salta","12,3","536"
"2021","2","Salta","20,5","4.336"
"2021","2","Salta","25,1","9.317"
"2021","2","Salta","320","2.081"
"2021","2","Salta","50,1","42.116"
"2021","2","Salta","100,1","14.670"
"2021","2","San Juan","6","337"
"2021","2","San Juan","9","250"
"2021","2","San Juan","10","132"
"2021","2","San Juan","1,2","1.333"
"2021","2","San Juan","16","69"
"2021","2","San Juan","2,2","1.634"
"2021","2","San Juan","0,26","4.641"
"2021","2","San Juan","31","7"
"2021","2","San Juan","3,2","4.811"
"2021","2","San Juan","41","1"
"2021","2","San Juan","4,5","910"
"2021","2","San Juan","0,51","15"
"2021","2","San Juan","61","1"
"2021","2","San Juan","6,4","51.297"
"2021","2","San Juan","7,5","258"
"2021","2","San Juan","0,75","3"
"2021","2","San Juan","10,1","144"
"2021","2","San Juan","12,3","12.361"
"2021","2","San Juan","203","10"
"2021","2","San Juan","20,5","120"
"2021","2","San Juan","25,1","335"
"2021","2","San Juan","50,1","158"
"2021","2","San Juan","100,1","106"
"2021","2","San Luis","4","2"
"2021","2","San Luis","6","68"
"2021","2","San Luis","9","149"
"2021","2","San Luis","10","2.438"
"2021","2","San Luis","1,2","439"
"2021","2","San Luis","2,2","667"
"2021","2","San Luis","0,26","36.917"
"2021","2","San Luis","31","2"
"2021","2","San Luis","3,2","963"
"2021","2","San Luis","4,5","310"
"2021","2","San Luis","47","3"
"2021","2","San Luis","0,51","59"
"2021","2","San Luis","6,4","9.303"
"2021","2","San Luis","7,5","115"
"2021","2","San Luis","0,75","1"
"2021","2","San Luis","10,1","1"
"2021","2","San Luis","12,3","5.347"
"2021","2","San Luis","203","1"
"2021","2","San Luis","20,5","71"
"2021","2","San Luis","25,1","65.946"
"2021","2","San Luis","100,1","1"
"2021","2","San Luis","5000","15"
"2021","2","Santa Cruz","6","1.900"
"2021","2","Santa Cruz","9","2"
"2021","2","Santa Cruz","10","57"
"2021","2","Santa Cruz","1,2","6.656"
"2021","2","Santa Cruz","14","1.281"
"2021","2","Santa Cruz","16","850"
"2021","2","Santa Cruz","19","1"
"2021","2","Santa Cruz","2,2","2.661"
"2021","2","Santa Cruz","25","463"
"2021","2","Santa Cruz","0,26","735"
"2021","2","Santa Cruz","31","132"
"2021","2","Santa Cruz","3,2","5.910"
"2021","2","Santa Cruz","36","216"
"2021","2","Santa Cruz","0,38","3"
"2021","2","Santa Cruz","41","5"
"2021","2","Santa Cruz","4,5","962"
"2021","2","Santa Cruz","0,51","24"
"2021","2","Santa Cruz","6,4","12.506"
"2021","2","Santa Cruz","7,5","33"
"2021","2","Santa Cruz","0,75","23"
"2021","2","Santa Cruz","77","49"
"2021","2","Santa Cruz","10,1","8.371"
"2021","2","Santa Cruz","12,3","4.647"
"2021","2","Santa Cruz","20,5","109"
"2021","2","Santa Cruz","25,1","980"
"2021","2","Santa Cruz","320","14"
"2021","2","Santa Cruz","50,1","325"
"2021","2","Santa Cruz","100,1","67"
"2021","2","Santa Fe","1","5"
"2021","2","Santa Fe","4","171"
"2021","2","Santa Fe","6","31.578"
"2021","2","Santa Fe","9","9.580"
"2021","2","Santa Fe","10","732"
"2021","2","Santa Fe","1,2","13.666"
"2021","2","Santa Fe","14","68"
"2021","2","Santa Fe","16","12.792"
"2021","2","Santa Fe","17","137"
"2021","2","Santa Fe","19","3.348"
"2021","2","Santa Fe","2,2","12.057"
"2021","2","Santa Fe","0,26","15.371"
"2021","2","Santa Fe","31","27.695"
"2021","2","Santa Fe","3,2","52.108"
"2021","2","Santa Fe","36","4"
"2021","2","Santa Fe","0,38","32"
"2021","2","Santa Fe","39","2"
"2021","2","Santa Fe","41","231"
"2021","2","Santa Fe","4,5","5.830"
"2021","2","Santa Fe","46","116"
"2021","2","Santa Fe","0,51","335"
"2021","2","Santa Fe","61","43"
"2021","2","Santa Fe","6,4","87.173"
"2021","2","Santa Fe","7,5","7.515"
"2021","2","Santa Fe","0,75","100"
"2021","2","Santa Fe","81","1.605"
"2021","2","Santa Fe","97","1"
"2021","2","Santa Fe","10,1","186.250"
"2021","2","Santa Fe","122","9"
"2021","2","Santa Fe","12,3","8.489"
"2021","2","Santa Fe","1,25","326"
"2021","2","Santa Fe","155","775"
"2021","2","Santa Fe","203","6"
"2021","2","Santa Fe","20,5","55.618"
"2021","2","Santa Fe","25,1","47.651"
"2021","2","Santa Fe","320","7.315"
"2021","2","Santa Fe","450","14"
"2021","2","Santa Fe","473","1"
"2021","2","Santa Fe","50,1","174.933"
"2021","2","Santa Fe","640","24"
"2021","2","Santa Fe","768","1"
"2021","2","Santa Fe","100,1","76.879"
"2021","2","Santa Fe","1024","3"
"2021","2","Santa Fe","2048","9"
"2021","2","Santa Fe","6000","1"
"2021","2","Santa Fe","7000","1"
"2021","2","Santiago Del Estero","1","908"
"2021","2","Santiago Del Estero","2","307"
"2021","2","Santiago Del Estero","6","389"
"2021","2","Santiago Del Estero","9","12"
"2021","2","Santiago Del Estero","1,2","603"
"2021","2","Santiago Del Estero","16","652"
"2021","2","Santiago Del Estero","2,2","3.313"
"2021","2","Santiago Del Estero","0,26","1.566"
"2021","2","Santiago Del Estero","31","353"
"2021","2","Santiago Del Estero","3,2","8.309"
"2021","2","Santiago Del Estero","41","30"
"2021","2","Santiago Del Estero","4,5","1.372"
"2021","2","Santiago Del Estero","0,51","39"
"2021","2","Santiago Del Estero","6,4","17.742"
"2021","2","Santiago Del Estero","7,5","1.089"
"2021","2","Santiago Del Estero","0,75","84"
"2021","2","Santiago Del Estero","10,1","61.123"
"2021","2","Santiago Del Estero","12,3","7.373"
"2021","2","Santiago Del Estero","20,5","2.334"
"2021","2","Santiago Del Estero","25,1","458"
"2021","2","Santiago Del Estero","320","193"
"2021","2","Santiago Del Estero","50,1","3.228"
"2021","2","Santiago Del Estero","512","1"
"2021","2","Santiago Del Estero","100,1","2.610"
"2021","2","Santiago Del Estero","10000","2"
"2021","2","Tierra Del Fuego","6","342"
"2021","2","Tierra Del Fuego","9","5.518"
"2021","2","Tierra Del Fuego","10","44"
"2021","2","Tierra Del Fuego","1,2","87"
"2021","2","Tierra Del Fuego","16","149"
"2021","2","Tierra Del Fuego","19","40"
"2021","2","Tierra Del Fuego","2,2","5"
"2021","2","Tierra Del Fuego","0,26","1.483"
"2021","2","Tierra Del Fuego","31","46"
"2021","2","Tierra Del Fuego","3,2","545"
"2021","2","Tierra Del Fuego","36","2"
"2021","2","Tierra Del Fuego","41","10"
"2021","2","Tierra Del Fuego","4,5","2.273"
"2021","2","Tierra Del Fuego","0,51","6"
"2021","2","Tierra Del Fuego","61","9"
"2021","2","Tierra Del Fuego","6,4","18.083"
"2021","2","Tierra Del Fuego","0,75","11"
"2021","2","Tierra Del Fuego","10,1","1.351"
"2021","2","Tierra Del Fuego","12,3","4.325"
"2021","2","Tierra Del Fuego","203","1"
"2021","2","Tierra Del Fuego","20,5","66"
"2021","2","Tierra Del Fuego","25,1","430"
"2021","2","Tierra Del Fuego","50,1","846"
"2021","2","Tierra Del Fuego","100,1","20"
"2021","2","Tierra Del Fuego","1075","1"
"2021","2","Tucumán","4","2.890"
"2021","2","Tucumán","6","212"
"2021","2","Tucumán","9","163"
"2021","2","Tucumán","10","376"
"2021","2","Tucumán","12","2"
"2021","2","Tucumán","1,2","2.890"
"2021","2","Tucumán","16","2.358"
"2021","2","Tucumán","19","1"
"2021","2","Tucumán","2,2","28"
"2021","2","Tucumán","0,26","2.680"
"2021","2","Tucumán","31","1.021"
"2021","2","Tucumán","3,2","8.888"
"2021","2","Tucumán","3,3","65"
"2021","2","Tucumán","36","1"
"2021","2","Tucumán","4,5","253"
"2021","2","Tucumán","0,51","19"
"2021","2","Tucumán","6,4","24.982"
"2021","2","Tucumán","6,7","113"
"2021","2","Tucumán","7,5","153"
"2021","2","Tucumán","0,75","13"
"2021","2","Tucumán","86","1"
"2021","2","Tucumán","10,1","50.956"
"2021","2","Tucumán","12,3","1.291"
"2021","2","Tucumán","20,5","20.080"
"2021","2","Tucumán","25,1","4.001"
"2021","2","Tucumán","320","2.598"
"2021","2","Tucumán","50,1","69.804"
"2021","2","Tucumán","100,1","37.208"
"2021","2","Tucumán","1024","3"
"2021","2","Tucumán","2529","1"
"2021","1","Buenos Aires","0","4"
"2021","1","Buenos Aires","1","26.560"
"2021","1","Buenos Aires","2","422"
"2021","1","Buenos Aires","4","34.867"
"2021","1","Buenos Aires","6","39.503"
"2021","1","Buenos Aires","8","96"
"2021","1","Buenos Aires","9","23.194"
"2021","1","Buenos Aires","10","264"
"2021","1","Buenos Aires","12","4"
"2021","1","Buenos Aires","1,2","30.497"
"2021","1","Buenos Aires","14","1"
"2021","1","Buenos Aires","15","30"
"2021","1","Buenos Aires","16","21.894"
"2021","1","Buenos Aires","17","558"
"2021","1","Buenos Aires","19","43.339"
"2021","1","Buenos Aires","22","2"
"2021","1","Buenos Aires","2,2","23.811"
"2021","1","Buenos Aires","23","1"
"2021","1","Buenos Aires","25","26"
"2021","1","Buenos Aires","0,26","10.867"
"2021","1","Buenos Aires","30","917"
"2021","1","Buenos Aires","31","23.965"
"2021","1","Buenos Aires","3,2","86.423"
"2021","1","Buenos Aires","35","1"
"2021","1","Buenos Aires","36","230"
"2021","1","Buenos Aires","0,38","17"
"2021","1","Buenos Aires","41","2.216"
"2021","1","Buenos Aires","45","9"
"2021","1","Buenos Aires","4,5","20.736"
"2021","1","Buenos Aires","50","1"
"2021","1","Buenos Aires","0,51","36.822"
"2021","1","Buenos Aires","55","54"
"2021","1","Buenos Aires","56","15"
"2021","1","Buenos Aires","59","1"
"2021","1","Buenos Aires","61","46.395"
"2021","1","Buenos Aires","63","1"
"2021","1","Buenos Aires","6,4","876.701"
"2021","1","Buenos Aires","66","2"
"2021","1","Buenos Aires","6,7","35"
"2021","1","Buenos Aires","71","1.044"
"2021","1","Buenos Aires","7,5","9.996"
"2021","1","Buenos Aires","0,75","100"
"2021","1","Buenos Aires","77","13.595"
"2021","1","Buenos Aires","80","2"
"2021","1","Buenos Aires","81","56"
"2021","1","Buenos Aires","82","1"
"2021","1","Buenos Aires","83","1"
"2021","1","Buenos Aires","95","3"
"2021","1","Buenos Aires","10,1","206.970"
"2021","1","Buenos Aires","122","50"
"2021","1","Buenos Aires","12,3","48.426"
"2021","1","Buenos Aires","126","2"
"2021","1","Buenos Aires","127","1"
"2021","1","Buenos Aires","155","13.674"
"2021","1","Buenos Aires","160","1"
"2021","1","Buenos Aires","164","3"
"2021","1","Buenos Aires","203","359"
"2021","1","Buenos Aires","20,5","49.495"
"2021","1","Buenos Aires","220","1"
"2021","1","Buenos Aires","246","7"
"2021","1","Buenos Aires","25,1","197.184"
"2021","1","Buenos Aires","256","3"
"2021","1","Buenos Aires","320","101.580"
"2021","1","Buenos Aires","350","4"
"2021","1","Buenos Aires","450","12"
"2021","1","Buenos Aires","50,1","1.272.373"
"2021","1","Buenos Aires","512","3.129"
"2021","1","Buenos Aires","640","519"
"2021","1","Buenos Aires","100,1","784.011"
"2021","1","Buenos Aires","1024","5.808"
"2021","1","Buenos Aires","1075","1"
"2021","1","Buenos Aires","1536","1"
"2021","1","Buenos Aires","2048","6"
"2021","1","Buenos Aires","2529","860"
"2021","1","Buenos Aires","4000","227"
"2021","1","Buenos Aires","5125","9"
"2021","1","Buenos Aires","8000","7"
"2021","1","CABA","1","15"
"2021","1","CABA","4","70"
"2021","1","CABA","6","2.600"
"2021","1","CABA","9","22"
"2021","1","CABA","10","3"
"2021","1","CABA","12","5"
"2021","1","CABA","1,2","5.052"
"2021","1","CABA","16","2.882"
"2021","1","CABA","17","5"
"2021","1","CABA","19","31.236"
"2021","1","CABA","22","1"
"2021","1","CABA","2,2","336"
"2021","1","CABA","0,26","126"
"2021","1","CABA","31","10.810"
"2021","1","CABA","3,2","7.405"
"2021","1","CABA","36","9"
"2021","1","CABA","0,38","31"
"2021","1","CABA","40","30"
"2021","1","CABA","41","121"
"2021","1","CABA","4,5","2.288"
"2021","1","CABA","0,51","74"
"2021","1","CABA","56","1"
"2021","1","CABA","61","11.745"
"2021","1","CABA","6,4","142.140"
"2021","1","CABA","67","1"
"2021","1","CABA","71","3"
"2021","1","CABA","7,5","6"
"2021","1","CABA","0,75","30"
"2021","1","CABA","77","4.666"
"2021","1","CABA","81","7"
"2021","1","CABA","91","34"
"2021","1","CABA","10,1","76.722"
"2021","1","CABA","120","1"
"2021","1","CABA","122","5"
"2021","1","CABA","12,3","8.934"
"2021","1","CABA","126","3"
"2021","1","CABA","155","11.436"
"2021","1","CABA","164","5"
"2021","1","CABA","203","2.686"
"2021","1","CABA","20,5","13.395"
"2021","1","CABA","225","1"
"2021","1","CABA","234","1"
"2021","1","CABA","25,1","72.450"
"2021","1","CABA","256","1.399"
"2021","1","CABA","300","1"
"2021","1","CABA","320","65.802"
"2021","1","CABA","330","2"
"2021","1","CABA","450","2"
"2021","1","CABA","50,1","567.488"
"2021","1","CABA","512","979"
"2021","1","CABA","768","1"
"2021","1","CABA","850","1"
"2021","1","CABA","100,1","332.733"
"2021","1","CABA","1024","3.872"
"2021","1","Catamarca","6","12"
"2021","1","Catamarca","10","12"
"2021","1","Catamarca","1,2","612"
"2021","1","Catamarca","16","566"
"2021","1","Catamarca","2,2","278"
"2021","1","Catamarca","25","349"
"2021","1","Catamarca","0,26","2.196"
"2021","1","Catamarca","31","363"
"2021","1","Catamarca","3,2","2.113"
"2021","1","Catamarca","0,51","34"
"2021","1","Catamarca","6,4","4.408"
"2021","1","Catamarca","7,5","3"
"2021","1","Catamarca","0,75","37"
"2021","1","Catamarca","10,1","8.440"
"2021","1","Catamarca","12,3","3.494"
"2021","1","Catamarca","20,5","6.055"
"2021","1","Catamarca","320","543"
"2021","1","Catamarca","50,1","14.899"
"2021","1","Catamarca","512","22"
"2021","1","Catamarca","100,1","7.530"
"2021","1","Catamarca","5000","2"
"2021","1","Chaco","4","1.184"
"2021","1","Chaco","0,5","111"
"2021","1","Chaco","6","1.008"
"2021","1","Chaco","9","510"
"2021","1","Chaco","10","1"
"2021","1","Chaco","1,2","2.267"
"2021","1","Chaco","1,5","25"
"2021","1","Chaco","16","1.584"
"2021","1","Chaco","19","655"
"2021","1","Chaco","2,2","1.150"
"2021","1","Chaco","0,26","8.384"
"2021","1","Chaco","31","10.779"
"2021","1","Chaco","3,2","7.904"
"2021","1","Chaco","4,5","385"
"2021","1","Chaco","0,51","69"
"2021","1","Chaco","0,63","225"
"2021","1","Chaco","6,4","10.435"
"2021","1","Chaco","7,5","624"
"2021","1","Chaco","0,75","7"
"2021","1","Chaco","10,1","20.967"
"2021","1","Chaco","12,3","19.542"
"2021","1","Chaco","20,5","5.775"
"2021","1","Chaco","25,1","3.717"
"2021","1","Chaco","320","1.895"
"2021","1","Chaco","50,1","29.360"
"2021","1","Chaco","512","37"
"2021","1","Chaco","100,1","11.152"
"2021","1","Chaco","8000","18"
"2021","1","Chubut","1","4"
"2021","1","Chubut","4","73"
"2021","1","Chubut","6","773"
"2021","1","Chubut","9","113"
"2021","1","Chubut","10","1.590"
"2021","1","Chubut","1,2","930"
"2021","1","Chubut","16","853"
"2021","1","Chubut","2,2","4.716"
"2021","1","Chubut","0,26","4.390"
"2021","1","Chubut","31","235"
"2021","1","Chubut","3,2","22.102"
"2021","1","Chubut","0,38","8"
"2021","1","Chubut","41","3"
"2021","1","Chubut","4,5","614"
"2021","1","Chubut","0,51","66"
"2021","1","Chubut","6,4","57.883"
"2021","1","Chubut","7,5","200"
"2021","1","Chubut","0,75","32"
"2021","1","Chubut","10,1","19.498"
"2021","1","Chubut","12,3","14.444"
"2021","1","Chubut","203","1"
"2021","1","Chubut","20,5","95"
"2021","1","Chubut","25,1","2.609"
"2021","1","Chubut","50,1","999"
"2021","1","Chubut","100,1","109"
"2021","1","Córdoba","2","7"
"2021","1","Córdoba","4","5.026"
"2021","1","Córdoba","6","13.496"
"2021","1","Córdoba","7","14"
"2021","1","Córdoba","9","9.978"
"2021","1","Córdoba","10","2.059"
"2021","1","Córdoba","11","1"
"2021","1","Córdoba","12","7"
"2021","1","Córdoba","1,2","16.049"
"2021","1","Córdoba","14","4"
"2021","1","Córdoba","15","9"
"2021","1","Córdoba","16","16.046"
"2021","1","Córdoba","17","100"
"2021","1","Córdoba","19","9.742"
"2021","1","Córdoba","2,2","13.025"
"2021","1","Córdoba","25","2"
"2021","1","Córdoba","2,5","27"
"2021","1","Córdoba","26","25"
"2021","1","Córdoba","0,26","12.677"
"2021","1","Córdoba","31","11.543"
"2021","1","Córdoba","3,2","55.151"
"2021","1","Córdoba","3,5","6"
"2021","1","Córdoba","36","2"
"2021","1","Córdoba","0,38","2"
"2021","1","Córdoba","41","68"
"2021","1","Córdoba","4,5","12.513"
"2021","1","Córdoba","0,51","81"
"2021","1","Córdoba","61","4.642"
"2021","1","Córdoba","6,4","97.978"
"2021","1","Córdoba","6,7","907"
"2021","1","Córdoba","71","133"
"2021","1","Córdoba","7,5","2.148"
"2021","1","Córdoba","0,75","10"
"2021","1","Córdoba","10,1","120.893"
"2021","1","Córdoba","122","35"
"2021","1","Córdoba","12,3","15.887"
"2021","1","Córdoba","145","1"
"2021","1","Córdoba","155","16"
"2021","1","Córdoba","203","27"
"2021","1","Córdoba","20,5","32.863"
"2021","1","Córdoba","234","486"
"2021","1","Córdoba","25,1","60.420"
"2021","1","Córdoba","320","9.979"
"2021","1","Córdoba","450","2"
"2021","1","Córdoba","50,1","307.401"
"2021","1","Córdoba","512","915"
"2021","1","Córdoba","520","21"
"2021","1","Córdoba","768","1"
"2021","1","Córdoba","900","1"
"2021","1","Córdoba","100,1","78.438"
"2021","1","Córdoba","1024","12"
"2021","1","Córdoba","2048","3"
"2021","1","Córdoba","25,11","2"
"2021","1","Corrientes","6","1.513"
"2021","1","Corrientes","9","3.513"
"2021","1","Corrientes","1,2","4.395"
"2021","1","Corrientes","16","1.674"
"2021","1","Corrientes","17","1.093"
"2021","1","Corrientes","19","572"
"2021","1","Corrientes","2,2","1.637"
"2021","1","Corrientes","0,26","5.453"
"2021","1","Corrientes","31","6.485"
"2021","1","Corrientes","3,2","8.773"
"2021","1","Corrientes","4,5","1.665"
"2021","1","Corrientes","0,51","10"
"2021","1","Corrientes","6,4","14.088"
"2021","1","Corrientes","0,75","57"
"2021","1","Corrientes","10,1","22.710"
"2021","1","Corrientes","12,3","17.434"
"2021","1","Corrientes","20,5","5.396"
"2021","1","Corrientes","25,1","2.516"
"2021","1","Corrientes","320","1.484"
"2021","1","Corrientes","50,1","18.572"
"2021","1","Corrientes","100,1","7.584"
"2021","1","Corrientes","1075","1"
"2021","1","Entre Ríos","6","3.297"
"2021","1","Entre Ríos","9","1.566"
"2021","1","Entre Ríos","1,2","6.549"
"2021","1","Entre Ríos","16","4.002"
"2021","1","Entre Ríos","17","3"
"2021","1","Entre Ríos","19","1.888"
"2021","1","Entre Ríos","2,2","5.124"
"2021","1","Entre Ríos","0,26","12.826"
"2021","1","Entre Ríos","31","9.655"
"2021","1","Entre Ríos","3,2","13.731"
"2021","1","Entre Ríos","0,38","1"
"2021","1","Entre Ríos","41","1"
"2021","1","Entre Ríos","4,5","1.221"
"2021","1","Entre Ríos","0,51","18"
"2021","1","Entre Ríos","6,4","40.244"
"2021","1","Entre Ríos","7,5","2.106"
"2021","1","Entre Ríos","0,75","86"
"2021","1","Entre Ríos","10,1","52.388"
"2021","1","Entre Ríos","12,3","32.156"
"2021","1","Entre Ríos","155","1"
"2021","1","Entre Ríos","20,5","4.383"
"2021","1","Entre Ríos","25,1","6.119"
"2021","1","Entre Ríos","320","1.769"
"2021","1","Entre Ríos","50,1","39.974"
"2021","1","Entre Ríos","512","6"
"2021","1","Entre Ríos","640","2"
"2021","1","Entre Ríos","850","1"
"2021","1","Entre Ríos","100,1","12.841"
"2021","1","Entre Ríos","1024","2"
"2021","1","Entre Ríos","2000","1"
"2021","1","Entre Ríos","2048","1"
"2021","1","Entre Ríos","2529","1"
"2021","1","Formosa","6","2.101"
"2021","1","Formosa","1,2","656"
"2021","1","Formosa","16","486"
"2021","1","Formosa","19","535"
"2021","1","Formosa","2,2","1.878"
"2021","1","Formosa","0,26","1.942"
"2021","1","Formosa","31","396"
"2021","1","Formosa","3,2","10.453"
"2021","1","Formosa","41","3"
"2021","1","Formosa","4,5","2.978"
"2021","1","Formosa","0,51","49"
"2021","1","Formosa","6,4","4.343"
"2021","1","Formosa","7,5","2"
"2021","1","Formosa","0,75","7"
"2021","1","Formosa","10,1","7.567"
"2021","1","Formosa","12,3","361"
"2021","1","Formosa","20,5","6.534"
"2021","1","Formosa","25,1","819"
"2021","1","Formosa","320","286"
"2021","1","Formosa","50,1","6.730"
"2021","1","Formosa","100,1","2.560"
"2021","1","Jujuy","6","4.090"
"2021","1","Jujuy","9","169"
"2021","1","Jujuy","1,2","1.395"
"2021","1","Jujuy","16","555"
"2021","1","Jujuy","19","4"
"2021","1","Jujuy","2,2","2.954"
"2021","1","Jujuy","0,26","2.378"
"2021","1","Jujuy","31","552"
"2021","1","Jujuy","3,2","5.706"
"2021","1","Jujuy","4,5","2.764"
"2021","1","Jujuy","0,51","27"
"2021","1","Jujuy","54","1"
"2021","1","Jujuy","6,4","7.001"
"2021","1","Jujuy","68","1"
"2021","1","Jujuy","7,5","10"
"2021","1","Jujuy","0,75","22"
"2021","1","Jujuy","81","1"
"2021","1","Jujuy","10,1","17.114"
"2021","1","Jujuy","12,3","22.759"
"2021","1","Jujuy","20,5","17.331"
"2021","1","Jujuy","25,1","16"
"2021","1","Jujuy","320","164"
"2021","1","Jujuy","50,1","19.866"
"2021","1","Jujuy","512","40"
"2021","1","Jujuy","520","745"
"2021","1","Jujuy","100,1","4.783"
"2021","1","Jujuy","8000","8"
"2021","1","La Pampa","1","313"
"2021","1","La Pampa","6","1.403"
"2021","1","La Pampa","9","2"
"2021","1","La Pampa","1,2","2.636"
"2021","1","La Pampa","16","4.006"
"2021","1","La Pampa","17","30"
"2021","1","La Pampa","19","39"
"2021","1","La Pampa","2,2","4.764"
"2021","1","La Pampa","24","46"
"2021","1","La Pampa","0,26","2.424"
"2021","1","La Pampa","29","53"
"2021","1","La Pampa","31","2.421"
"2021","1","La Pampa","3,2","11.152"
"2021","1","La Pampa","0,38","1"
"2021","1","La Pampa","4,5","2.470"
"2021","1","La Pampa","0,51","236"
"2021","1","La Pampa","64","148"
"2021","1","La Pampa","6,4","46.016"
"2021","1","La Pampa","7,5","5"
"2021","1","La Pampa","0,75","61"
"2021","1","La Pampa","10,1","7.857"
"2021","1","La Pampa","12,3","46"
"2021","1","La Pampa","20,5","3.490"
"2021","1","La Pampa","25,1","266"
"2021","1","La Pampa","320","1"
"2021","1","La Pampa","50,1","6.936"
"2021","1","La Pampa","100,1","283"
"2021","1","La Rioja","4","31.588"
"2021","1","La Rioja","1,2","670"
"2021","1","La Rioja","16","4.097"
"2021","1","La Rioja","2,2","1"
"2021","1","La Rioja","31","215"
"2021","1","La Rioja","3,2","1.182"
"2021","1","La Rioja","4,5","1"
"2021","1","La Rioja","0,51","9"
"2021","1","La Rioja","6,4","3.307"
"2021","1","La Rioja","0,75","9"
"2021","1","La Rioja","10,1","5.968"
"2021","1","La Rioja","203","1"
"2021","1","La Rioja","20,5","507"
"2021","1","La Rioja","320","56"
"2021","1","La Rioja","50,1","2.456"
"2021","1","La Rioja","100,1","2.561"
"2021","1","Mendoza","1","9"
"2021","1","Mendoza","4","14"
"2021","1","Mendoza","6","1.011"
"2021","1","Mendoza","9","872"
"2021","1","Mendoza","10","2.454"
"2021","1","Mendoza","1,2","1.716"
"2021","1","Mendoza","16","1.073"
"2021","1","Mendoza","2,2","2.756"
"2021","1","Mendoza","25","1.350"
"2021","1","Mendoza","0,26","44"
"2021","1","Mendoza","31","2.588"
"2021","1","Mendoza","3,2","4.451"
"2021","1","Mendoza","37","87"
"2021","1","Mendoza","0,38","1"
"2021","1","Mendoza","41","16"
"2021","1","Mendoza","4,5","1.625"
"2021","1","Mendoza","0,51","20"
"2021","1","Mendoza","6,4","122.844"
"2021","1","Mendoza","71","1"
"2021","1","Mendoza","7,5","2.463"
"2021","1","Mendoza","0,75","7"
"2021","1","Mendoza","77","1"
"2021","1","Mendoza","10,1","5.427"
"2021","1","Mendoza","12,3","49.373"
"2021","1","Mendoza","203","14"
"2021","1","Mendoza","20,5","2.087"
"2021","1","Mendoza","25,1","133"
"2021","1","Mendoza","320","317"
"2021","1","Mendoza","450","1"
"2021","1","Mendoza","50,1","12.558"
"2021","1","Mendoza","512","50"
"2021","1","Mendoza","640","23"
"2021","1","Mendoza","850","1"
"2021","1","Mendoza","100,1","3.535"
"2021","1","Mendoza","1024","1"
"2021","1","Misiones","6","4.308"
"2021","1","Misiones","9","224"
"2021","1","Misiones","10","3"
"2021","1","Misiones","12","4"
"2021","1","Misiones","1,2","4.882"
"2021","1","Misiones","15","1"
"2021","1","Misiones","16","1.940"
"2021","1","Misiones","17","1"
"2021","1","Misiones","19","731"
"2021","1","Misiones","22","37"
"2021","1","Misiones","2,2","8.857"
"2021","1","Misiones","0,26","8.256"
"2021","1","Misiones","31","10.807"
"2021","1","Misiones","3,2","7.414"
"2021","1","Misiones","41","71"
"2021","1","Misiones","4,5","596"
"2021","1","Misiones","46","28"
"2021","1","Misiones","0,51","47"
"2021","1","Misiones","61","19"
"2021","1","Misiones","6,4","15.416"
"2021","1","Misiones","7,5","305"
"2021","1","Misiones","0,75","4"
"2021","1","Misiones","10,1","24.971"
"2021","1","Misiones","120","1"
"2021","1","Misiones","12,3","17.115"
"2021","1","Misiones","205","1"
"2021","1","Misiones","20,5","7.309"
"2021","1","Misiones","25,1","3.206"
"2021","1","Misiones","275","1"
"2021","1","Misiones","320","1.109"
"2021","1","Misiones","480","1"
"2021","1","Misiones","50,1","24.012"
"2021","1","Misiones","512","20"
"2021","1","Misiones","950","1"
"2021","1","Misiones","100,1","7.686"
"2021","1","Misiones","2048","3"
"2021","1","Neuquén","1","1"
"2021","1","Neuquén","4","6.938"
"2021","1","Neuquén","6","10.029"
"2021","1","Neuquén","9","3.974"
"2021","1","Neuquén","1,2","525"
"2021","1","Neuquén","16","163"
"2021","1","Neuquén","19","1.958"
"2021","1","Neuquén","2,2","2.220"
"2021","1","Neuquén","0,26","5.758"
"2021","1","Neuquén","31","181"
"2021","1","Neuquén","3,2","6.864"
"2021","1","Neuquén","4,5","357"
"2021","1","Neuquén","0,51","45"
"2021","1","Neuquén","6,4","29.564"
"2021","1","Neuquén","65","4"
"2021","1","Neuquén","7,5","304"
"2021","1","Neuquén","0,75","71"
"2021","1","Neuquén","10,1","4.165"
"2021","1","Neuquén","12,3","1.390"
"2021","1","Neuquén","20,5","2.392"
"2021","1","Neuquén","25,1","5.504"
"2021","1","Neuquén","320","2.276"
"2021","1","Neuquén","50,1","35.562"
"2021","1","Neuquén","512","12"
"2021","1","Neuquén","100,1","12.978"
"2021","1","Río Negro","4","2"
"2021","1","Río Negro","6","4.952"
"2021","1","Río Negro","9","268"
"2021","1","Río Negro","10","25"
"2021","1","Río Negro","1,2","1.134"
"2021","1","Río Negro","16","1"
"2021","1","Río Negro","19","1.398"
"2021","1","Río Negro","2,2","3.367"
"2021","1","Río Negro","0,26","20.103"
"2021","1","Río Negro","31","174"
"2021","1","Río Negro","3,2","6.286"
"2021","1","Río Negro","41","33"
"2021","1","Río Negro","4,5","1.334"
"2021","1","Río Negro","0,51","19"
"2021","1","Río Negro","6,4","53.402"
"2021","1","Río Negro","0,75","106"
"2021","1","Río Negro","10,1","3.894"
"2021","1","Río Negro","120","1"
"2021","1","Río Negro","12,3","6.790"
"2021","1","Río Negro","155","1"
"2021","1","Río Negro","20,5","4.856"
"2021","1","Río Negro","25,1","3.473"
"2021","1","Río Negro","320","432"
"2021","1","Río Negro","450","1"
"2021","1","Río Negro","50,1","22.068"
"2021","1","Río Negro","100,1","7.048"
"2021","1","Salta","1","1"
"2021","1","Salta","4","1"
"2021","1","Salta","6","1.419"
"2021","1","Salta","9","50"
"2021","1","Salta","1,2","2.559"
"2021","1","Salta","16","2.209"
"2021","1","Salta","19","38"
"2021","1","Salta","2,2","1.341"
"2021","1","Salta","0,26","6.319"
"2021","1","Salta","31","413"
"2021","1","Salta","3,2","15.226"
"2021","1","Salta","4,5","4.827"
"2021","1","Salta","0,51","49"
"2021","1","Salta","6,4","15.431"
"2021","1","Salta","0,75","60"
"2021","1","Salta","10,1","68.099"
"2021","1","Salta","12,3","2.085"
"2021","1","Salta","20,5","4.832"
"2021","1","Salta","25,1","7.726"
"2021","1","Salta","320","1.505"
"2021","1","Salta","50,1","41.684"
"2021","1","Salta","512","84"
"2021","1","Salta","100,1","11.616"
"2021","1","San Juan","1","1"
"2021","1","San Juan","6","284"
"2021","1","San Juan","9","250"
"2021","1","San Juan","10","197"
"2021","1","San Juan","1,2","1.191"
"2021","1","San Juan","16","69"
"2021","1","San Juan","2,2","1.937"
"2021","1","San Juan","0,26","4.641"
"2021","1","San Juan","31","5"
"2021","1","San Juan","3,2","4.821"
"2021","1","San Juan","41","1"
"2021","1","San Juan","4,5","910"
"2021","1","San Juan","0,51","22"
"2021","1","San Juan","61","1"
"2021","1","San Juan","6,4","51.489"
"2021","1","San Juan","7,5","268"
"2021","1","San Juan","0,75","3"
"2021","1","San Juan","10,1","143"
"2021","1","San Juan","12,3","11.314"
"2021","1","San Juan","203","10"
"2021","1","San Juan","20,5","111"
"2021","1","San Juan","25,1","335"
"2021","1","San Juan","50,1","158"
"2021","1","San Juan","100,1","106"
"2021","1","San Luis","4","2"
"2021","1","San Luis","6","48"
"2021","1","San Luis","9","149"
"2021","1","San Luis","10","2.660"
"2021","1","San Luis","1,2","439"
"2021","1","San Luis","2,2","667"
"2021","1","San Luis","0,26","36.917"
"2021","1","San Luis","31","2"
"2021","1","San Luis","3,2","969"
"2021","1","San Luis","4,5","310"
"2021","1","San Luis","47","3"
"2021","1","San Luis","0,51","57"
"2021","1","San Luis","6,4","9.454"
"2021","1","San Luis","7,5","116"
"2021","1","San Luis","0,75","1"
"2021","1","San Luis","10,1","1"
"2021","1","San Luis","12,3","4.365"
"2021","1","San Luis","203","1"
"2021","1","San Luis","20,5","64"
"2021","1","San Luis","25,1","62.913"
"2021","1","San Luis","100,1","1"
"2021","1","San Luis","5000","15"
"2021","1","Santa Cruz","6","1.895"
"2021","1","Santa Cruz","9","2"
"2021","1","Santa Cruz","10","70"
"2021","1","Santa Cruz","1,2","6.688"
"2021","1","Santa Cruz","14","1.281"
"2021","1","Santa Cruz","16","850"
"2021","1","Santa Cruz","19","1"
"2021","1","Santa Cruz","2,2","2.661"
"2021","1","Santa Cruz","25","331"
"2021","1","Santa Cruz","31","26"
"2021","1","Santa Cruz","3,2","5.910"
"2021","1","Santa Cruz","36","216"
"2021","1","Santa Cruz","0,38","3"
"2021","1","Santa Cruz","41","5"
"2021","1","Santa Cruz","4,5","962"
"2021","1","Santa Cruz","0,51","24"
"2021","1","Santa Cruz","6,4","10.594"
"2021","1","Santa Cruz","7,5","39"
"2021","1","Santa Cruz","0,75","23"
"2021","1","Santa Cruz","77","49"
"2021","1","Santa Cruz","10,1","8.223"
"2021","1","Santa Cruz","12,3","4.744"
"2021","1","Santa Cruz","20,5","111"
"2021","1","Santa Cruz","25,1","980"
"2021","1","Santa Cruz","320","14"
"2021","1","Santa Cruz","50,1","301"
"2021","1","Santa Cruz","100,1","62"
"2021","1","Santa Fe","2","334"
"2021","1","Santa Fe","4","65"
"2021","1","Santa Fe","6","27.045"
"2021","1","Santa Fe","9","8.329"
"2021","1","Santa Fe","10","732"
"2021","1","Santa Fe","1,2","14.129"
"2021","1","Santa Fe","14","68"
"2021","1","Santa Fe","16","13.124"
"2021","1","Santa Fe","17","137"
"2021","1","Santa Fe","19","4.767"
"2021","1","Santa Fe","2,2","8.827"
"2021","1","Santa Fe","0,26","24.382"
"2021","1","Santa Fe","31","22.355"
"2021","1","Santa Fe","3,2","50.996"
"2021","1","Santa Fe","36","4"
"2021","1","Santa Fe","0,38","51"
"2021","1","Santa Fe","39","2"
"2021","1","Santa Fe","41","231"
"2021","1","Santa Fe","4,5","5.554"
"2021","1","Santa Fe","46","119"
"2021","1","Santa Fe","0,51","321"
"2021","1","Santa Fe","61","43"
"2021","1","Santa Fe","6,4","95.247"
"2021","1","Santa Fe","7,5","4.158"
"2021","1","Santa Fe","0,75","146"
"2021","1","Santa Fe","97","1"
"2021","1","Santa Fe","10,1","191.239"
"2021","1","Santa Fe","122","9"
"2021","1","Santa Fe","12,3","27.018"
"2021","1","Santa Fe","1,25","326"
"2021","1","Santa Fe","155","516"
"2021","1","Santa Fe","203","6"
"2021","1","Santa Fe","20,5","46.732"
"2021","1","Santa Fe","25,1","43.129"
"2021","1","Santa Fe","320","5.396"
"2021","1","Santa Fe","450","14"
"2021","1","Santa Fe","473","1"
"2021","1","Santa Fe","50,1","170.952"
"2021","1","Santa Fe","512","138"
"2021","1","Santa Fe","640","24"
"2021","1","Santa Fe","768","1"
"2021","1","Santa Fe","100,1","59.445"
"2021","1","Santa Fe","1024","3"
"2021","1","Santa Fe","2048","9"
"2021","1","Santa Fe","6000","1"
"2021","1","Santa Fe","7000","1"
"2021","1","Santiago Del Estero","1","908"
"2021","1","Santiago Del Estero","2","307"
"2021","1","Santiago Del Estero","6","49"
"2021","1","Santiago Del Estero","1,2","915"
"2021","1","Santiago Del Estero","16","620"
"2021","1","Santiago Del Estero","2,2","4.571"
"2021","1","Santiago Del Estero","0,26","4.144"
"2021","1","Santiago Del Estero","31","700"
"2021","1","Santiago Del Estero","3,2","9.418"
"2021","1","Santiago Del Estero","41","30"
"2021","1","Santiago Del Estero","4,5","845"
"2021","1","Santiago Del Estero","0,51","39"
"2021","1","Santiago Del Estero","6,4","17.780"
"2021","1","Santiago Del Estero","7,5","996"
"2021","1","Santiago Del Estero","0,75","84"
"2021","1","Santiago Del Estero","10,1","57.468"
"2021","1","Santiago Del Estero","12,3","5.586"
"2021","1","Santiago Del Estero","20,5","2.343"
"2021","1","Santiago Del Estero","320","80"
"2021","1","Santiago Del Estero","50,1","2.952"
"2021","1","Santiago Del Estero","512","1"
"2021","1","Santiago Del Estero","100,1","1.803"
"2021","1","Santiago Del Estero","10000","2"
"2021","1","Tierra Del Fuego","6","2"
"2021","1","Tierra Del Fuego","9","14"
"2021","1","Tierra Del Fuego","10","48"
"2021","1","Tierra Del Fuego","1,2","94"
"2021","1","Tierra Del Fuego","16","156"
"2021","1","Tierra Del Fuego","19","44"
"2021","1","Tierra Del Fuego","2,2","5"
"2021","1","Tierra Del Fuego","0,26","11.836"
"2021","1","Tierra Del Fuego","31","43"
"2021","1","Tierra Del Fuego","3,2","578"
"2021","1","Tierra Del Fuego","36","4"
"2021","1","Tierra Del Fuego","41","10"
"2021","1","Tierra Del Fuego","4,5","2.377"
"2021","1","Tierra Del Fuego","0,51","6"
"2021","1","Tierra Del Fuego","61","9"
"2021","1","Tierra Del Fuego","6,4","18.323"
"2021","1","Tierra Del Fuego","0,75","11"
"2021","1","Tierra Del Fuego","10,1","1.406"
"2021","1","Tierra Del Fuego","12,3","4.046"
"2021","1","Tierra Del Fuego","203","1"
"2021","1","Tierra Del Fuego","20,5","71"
"2021","1","Tierra Del Fuego","25,1","443"
"2021","1","Tierra Del Fuego","50,1","878"
"2021","1","Tierra Del Fuego","100,1","16"
"2021","1","Tierra Del Fuego","2000","1"
"2021","1","Tucumán","4","2.890"
"2021","1","Tucumán","6","212"
"2021","1","Tucumán","9","163"
"2021","1","Tucumán","10","417"
"2021","1","Tucumán","12","2"
"2021","1","Tucumán","1,2","3.157"
"2021","1","Tucumán","16","2.261"
"2021","1","Tucumán","19","1"
"2021","1","Tucumán","2,2","28"
"2021","1","Tucumán","0,26","2.680"
"2021","1","Tucumán","31","4.070"
"2021","1","Tucumán","3,2","9.521"
"2021","1","Tucumán","3,3","65"
"2021","1","Tucumán","36","1"
"2021","1","Tucumán","4,5","253"
"2021","1","Tucumán","0,51","16"
"2021","1","Tucumán","6,4","26.668"
"2021","1","Tucumán","6,7","113"
"2021","1","Tucumán","7,5","153"
"2021","1","Tucumán","0,75","13"
"2021","1","Tucumán","86","1"
"2021","1","Tucumán","10,1","52.683"
"2021","1","Tucumán","12,3","1.160"
"2021","1","Tucumán","20,5","21.831"
"2021","1","Tucumán","25,1","118"
"2021","1","Tucumán","320","1.817"
"2021","1","Tucumán","50,1","67.892"
"2021","1","Tucumán","512","112"
"2021","1","Tucumán","100,1","33.613"
"2021","1","Tucumán","2529","1"
"2020","4","Buenos Aires","0","4"
"2020","4","Buenos Aires","1","26.560"
"2020","4","Buenos Aires","2","422"
"2020","4","Buenos Aires","4","34.867"
"2020","4","Buenos Aires","6","40.469"
"2020","4","Buenos Aires","8","96"
"2020","4","Buenos Aires","9","23.127"
"2020","4","Buenos Aires","10","264"
"2020","4","Buenos Aires","12","4"
"2020","4","Buenos Aires","1,2","31.669"
"2020","4","Buenos Aires","14","1"
"2020","4","Buenos Aires","15","30"
"2020","4","Buenos Aires","16","22.064"
"2020","4","Buenos Aires","17","558"
"2020","4","Buenos Aires","19","46.692"
"2020","4","Buenos Aires","22","2"
"2020","4","Buenos Aires","2,2","23.678"
"2020","4","Buenos Aires","23","1"
"2020","4","Buenos Aires","25","26"
"2020","4","Buenos Aires","0,26","9.016"
"2020","4","Buenos Aires","30","917"
"2020","4","Buenos Aires","31","22.166"
"2020","4","Buenos Aires","3,2","86.552"
"2020","4","Buenos Aires","35","1"
"2020","4","Buenos Aires","36","230"
"2020","4","Buenos Aires","0,38","17"
"2020","4","Buenos Aires","41","2.201"
"2020","4","Buenos Aires","45","9"
"2020","4","Buenos Aires","4,5","20.237"
"2020","4","Buenos Aires","50","1"
"2020","4","Buenos Aires","0,51","36.822"
"2020","4","Buenos Aires","55","54"
"2020","4","Buenos Aires","56","15"
"2020","4","Buenos Aires","59","1"
"2020","4","Buenos Aires","61","46.323"
"2020","4","Buenos Aires","63","1"
"2020","4","Buenos Aires","6,4","876.573"
"2020","4","Buenos Aires","66","1"
"2020","4","Buenos Aires","6,7","35"
"2020","4","Buenos Aires","71","1.044"
"2020","4","Buenos Aires","7,5","6.873"
"2020","4","Buenos Aires","0,75","100"
"2020","4","Buenos Aires","77","13.593"
"2020","4","Buenos Aires","80","2"
"2020","4","Buenos Aires","81","53"
"2020","4","Buenos Aires","82","1"
"2020","4","Buenos Aires","83","1"
"2020","4","Buenos Aires","95","3"
"2020","4","Buenos Aires","10,1","211.883"
"2020","4","Buenos Aires","122","48"
"2020","4","Buenos Aires","12,3","50.305"
"2020","4","Buenos Aires","127","1"
"2020","4","Buenos Aires","155","13.674"
"2020","4","Buenos Aires","160","1"
"2020","4","Buenos Aires","164","3"
"2020","4","Buenos Aires","203","361"
"2020","4","Buenos Aires","20,5","94.517"
"2020","4","Buenos Aires","220","1"
"2020","4","Buenos Aires","246","7"
"2020","4","Buenos Aires","25,1","190.510"
"2020","4","Buenos Aires","256","3"
"2020","4","Buenos Aires","320","99.391"
"2020","4","Buenos Aires","350","4"
"2020","4","Buenos Aires","450","12"
"2020","4","Buenos Aires","50,1","1.219.329"
"2020","4","Buenos Aires","512","3.079"
"2020","4","Buenos Aires","640","505"
"2020","4","Buenos Aires","100,1","769.737"
"2020","4","Buenos Aires","1024","5.403"
"2020","4","Buenos Aires","1075","1"
"2020","4","Buenos Aires","1536","1"
"2020","4","Buenos Aires","2048","6"
"2020","4","Buenos Aires","2529","860"
"2020","4","Buenos Aires","4000","227"
"2020","4","Buenos Aires","5125","9"
"2020","4","Buenos Aires","7000","7"
"2020","4","CABA","1","15"
"2020","4","CABA","4","70"
"2020","4","CABA","6","2.606"
"2020","4","CABA","9","22"
"2020","4","CABA","10","3"
"2020","4","CABA","12","5"
"2020","4","CABA","1,2","5.178"
"2020","4","CABA","16","2.998"
"2020","4","CABA","17","5"
"2020","4","CABA","19","33.676"
"2020","4","CABA","22","1"
"2020","4","CABA","2,2","337"
"2020","4","CABA","0,26","268"
"2020","4","CABA","31","10.915"
"2020","4","CABA","3,2","7.591"
"2020","4","CABA","36","9"
"2020","4","CABA","0,38","30"
"2020","4","CABA","40","30"
"2020","4","CABA","41","121"
"2020","4","CABA","4,5","1.544"
"2020","4","CABA","0,51","75"
"2020","4","CABA","56","1"
"2020","4","CABA","61","11.745"
"2020","4","CABA","6,4","143.113"
"2020","4","CABA","67","1"
"2020","4","CABA","71","3"
"2020","4","CABA","7,5","6"
"2020","4","CABA","0,75","30"
"2020","4","CABA","77","4.666"
"2020","4","CABA","81","7"
"2020","4","CABA","91","34"
"2020","4","CABA","10,1","78.092"
"2020","4","CABA","120","1"
"2020","4","CABA","122","5"
"2020","4","CABA","12,3","9.496"
"2020","4","CABA","126","3"
"2020","4","CABA","155","11.436"
"2020","4","CABA","164","5"
"2020","4","CABA","203","2.686"
"2020","4","CABA","20,5","14.028"
"2020","4","CABA","225","1"
"2020","4","CABA","234","1"
"2020","4","CABA","25,1","69.359"
"2020","4","CABA","256","1.399"
"2020","4","CABA","300","1"
"2020","4","CABA","320","64.399"
"2020","4","CABA","330","2"
"2020","4","CABA","450","2"
"2020","4","CABA","50,1","573.217"
"2020","4","CABA","512","968"
"2020","4","CABA","768","1"
"2020","4","CABA","850","1"
"2020","4","CABA","100,1","326.034"
"2020","4","CABA","1024","3.281"
"2020","4","CABA","7000","7"
"2020","4","Catamarca","6","1"
"2020","4","Catamarca","10","95"
"2020","4","Catamarca","1,2","635"
"2020","4","Catamarca","16","570"
"2020","4","Catamarca","2,2","278"
"2020","4","Catamarca","25","232"
"2020","4","Catamarca","0,26","2.309"
"2020","4","Catamarca","31","359"
"2020","4","Catamarca","3,2","2.819"
"2020","4","Catamarca","4,5","11"
"2020","4","Catamarca","0,51","34"
"2020","4","Catamarca","6,4","5.099"
"2020","4","Catamarca","0,75","37"
"2020","4","Catamarca","10,1","8.645"
"2020","4","Catamarca","12,3","3.070"
"2020","4","Catamarca","20,5","7.796"
"2020","4","Catamarca","320","542"
"2020","4","Catamarca","50,1","12.502"
"2020","4","Catamarca","512","22"
"2020","4","Catamarca","100,1","7.338"
"2020","4","Catamarca","5000","2"
"2020","4","Chaco","4","1.184"
"2020","4","Chaco","0,5","111"
"2020","4","Chaco","6","957"
"2020","4","Chaco","9","510"
"2020","4","Chaco","10","1"
"2020","4","Chaco","1,2","2.319"
"2020","4","Chaco","1,5","25"
"2020","4","Chaco","16","1.612"
"2020","4","Chaco","19","715"
"2020","4","Chaco","2,2","1.150"
"2020","4","Chaco","0,26","7.965"
"2020","4","Chaco","31","12.056"
"2020","4","Chaco","3,2","7.956"
"2020","4","Chaco","4,5","385"
"2020","4","Chaco","0,51","69"
"2020","4","Chaco","0,63","225"
"2020","4","Chaco","6,4","10.807"
"2020","4","Chaco","7,5","624"
"2020","4","Chaco","0,75","7"
"2020","4","Chaco","10,1","21.344"
"2020","4","Chaco","12,3","18.252"
"2020","4","Chaco","20,5","6.223"
"2020","4","Chaco","25,1","3.645"
"2020","4","Chaco","320","1.822"
"2020","4","Chaco","50,1","28.481"
"2020","4","Chaco","512","34"
"2020","4","Chaco","100,1","10.604"
"2020","4","Chaco","7000","8"
"2020","4","Chubut","1","4"
"2020","4","Chubut","4","73"
"2020","4","Chubut","6","470"
"2020","4","Chubut","9","94"
"2020","4","Chubut","10","2.170"
"2020","4","Chubut","1,2","880"
"2020","4","Chubut","16","1.007"
"2020","4","Chubut","2,2","5.175"
"2020","4","Chubut","0,26","4.402"
"2020","4","Chubut","31","232"
"2020","4","Chubut","3,2","22.554"
"2020","4","Chubut","0,38","8"
"2020","4","Chubut","41","3"
"2020","4","Chubut","4,5","550"
"2020","4","Chubut","0,51","66"
"2020","4","Chubut","6,4","58.560"
"2020","4","Chubut","0,75","32"
"2020","4","Chubut","10,1","19.560"
"2020","4","Chubut","12,3","11.015"
"2020","4","Chubut","203","1"
"2020","4","Chubut","20,5","24"
"2020","4","Chubut","25,1","2.586"
"2020","4","Chubut","50,1","999"
"2020","4","Chubut","100,1","109"
"2020","4","Córdoba","2","7"
"2020","4","Córdoba","4","5.026"
"2020","4","Córdoba","6","13.426"
"2020","4","Córdoba","7","14"
"2020","4","Córdoba","9","10.069"
"2020","4","Córdoba","10","2.038"
"2020","4","Córdoba","11","1"
"2020","4","Córdoba","12","1"
"2020","4","Córdoba","1,2","16.318"
"2020","4","Córdoba","14","4"
"2020","4","Córdoba","15","9"
"2020","4","Córdoba","16","16.658"
"2020","4","Córdoba","17","100"
"2020","4","Córdoba","19","10.547"
"2020","4","Córdoba","2,2","13.229"
"2020","4","Córdoba","25","2"
"2020","4","Córdoba","2,5","27"
"2020","4","Córdoba","26","25"
"2020","4","Córdoba","0,26","13.568"
"2020","4","Córdoba","31","11.683"
"2020","4","Córdoba","3,2","54.708"
"2020","4","Córdoba","3,5","6"
"2020","4","Córdoba","36","2"
"2020","4","Córdoba","0,38","2"
"2020","4","Córdoba","41","68"
"2020","4","Córdoba","4,5","14.254"
"2020","4","Córdoba","0,51","81"
"2020","4","Córdoba","61","4.638"
"2020","4","Córdoba","6,4","99.441"
"2020","4","Córdoba","6,7","907"
"2020","4","Córdoba","71","134"
"2020","4","Córdoba","7,5","2.081"
"2020","4","Córdoba","0,75","36"
"2020","4","Córdoba","77","1"
"2020","4","Córdoba","10,1","121.060"
"2020","4","Córdoba","122","35"
"2020","4","Córdoba","12,3","16.202"
"2020","4","Córdoba","145","1"
"2020","4","Córdoba","155","16"
"2020","4","Córdoba","203","22"
"2020","4","Córdoba","20,5","38.699"
"2020","4","Córdoba","234","486"
"2020","4","Córdoba","25,1","58.309"
"2020","4","Córdoba","320","9.451"
"2020","4","Córdoba","450","2"
"2020","4","Córdoba","50,1","295.730"
"2020","4","Córdoba","512","818"
"2020","4","Córdoba","768","1"
"2020","4","Córdoba","900","1"
"2020","4","Córdoba","100,1","72.740"
"2020","4","Córdoba","1024","12"
"2020","4","Córdoba","2048","3"
"2020","4","Córdoba","25,11","2"
"2020","4","Corrientes","6","1.193"
"2020","4","Corrientes","9","3.513"
"2020","4","Corrientes","1,2","4.230"
"2020","4","Corrientes","16","1.712"
"2020","4","Corrientes","17","1.093"
"2020","4","Corrientes","19","629"
"2020","4","Corrientes","2,2","1.796"
"2020","4","Corrientes","0,26","4.985"
"2020","4","Corrientes","31","7.002"
"2020","4","Corrientes","3,2","8.983"
"2020","4","Corrientes","4,5","1.665"
"2020","4","Corrientes","0,51","10"
"2020","4","Corrientes","6,4","14.560"
"2020","4","Corrientes","0,75","57"
"2020","4","Corrientes","10,1","22.808"
"2020","4","Corrientes","12,3","16.816"
"2020","4","Corrientes","20,5","5.437"
"2020","4","Corrientes","25,1","2.381"
"2020","4","Corrientes","320","1.375"
"2020","4","Corrientes","50,1","18.193"
"2020","4","Corrientes","100,1","7.220"
"2020","4","Corrientes","1075","1"
"2020","4","Entre Ríos","6","3.311"
"2020","4","Entre Ríos","9","1.566"
"2020","4","Entre Ríos","1,2","6.681"
"2020","4","Entre Ríos","16","4.151"
"2020","4","Entre Ríos","17","3"
"2020","4","Entre Ríos","19","2.016"
"2020","4","Entre Ríos","2,2","5.185"
"2020","4","Entre Ríos","0,26","14.654"
"2020","4","Entre Ríos","31","10.736"
"2020","4","Entre Ríos","3,2","12.614"
"2020","4","Entre Ríos","0,38","1"
"2020","4","Entre Ríos","41","1"
"2020","4","Entre Ríos","4,5","1.117"
"2020","4","Entre Ríos","0,51","18"
"2020","4","Entre Ríos","6,4","39.662"
"2020","4","Entre Ríos","7,5","2.106"
"2020","4","Entre Ríos","0,75","86"
"2020","4","Entre Ríos","10,1","49.884"
"2020","4","Entre Ríos","12,3","30.230"
"2020","4","Entre Ríos","155","1"
"2020","4","Entre Ríos","20,5","4.355"
"2020","4","Entre Ríos","25,1","5.864"
"2020","4","Entre Ríos","320","1.654"
"2020","4","Entre Ríos","50,1","39.279"
"2020","4","Entre Ríos","512","6"
"2020","4","Entre Ríos","640","2"
"2020","4","Entre Ríos","850","1"
"2020","4","Entre Ríos","100,1","12.171"
"2020","4","Entre Ríos","1024","2"
"2020","4","Entre Ríos","2000","1"
"2020","4","Entre Ríos","2048","1"
"2020","4","Entre Ríos","2529","1"
"2020","4","Entre Ríos","3072","20"
"2020","4","Entre Ríos","50,25","1"
"2020","4","Formosa","6","2.092"
"2020","4","Formosa","1,2","704"
"2020","4","Formosa","16","487"
"2020","4","Formosa","19","573"
"2020","4","Formosa","2,2","1.925"
"2020","4","Formosa","0,26","1.680"
"2020","4","Formosa","31","413"
"2020","4","Formosa","3,2","10.503"
"2020","4","Formosa","41","3"
"2020","4","Formosa","4,5","2.979"
"2020","4","Formosa","0,51","49"
"2020","4","Formosa","6,4","5.337"
"2020","4","Formosa","7,5","2"
"2020","4","Formosa","0,75","7"
"2020","4","Formosa","10,1","7.604"
"2020","4","Formosa","12,3","370"
"2020","4","Formosa","20,5","5.751"
"2020","4","Formosa","25,1","784"
"2020","4","Formosa","320","221"
"2020","4","Formosa","50,1","6.367"
"2020","4","Formosa","100,1","2.355"
"2020","4","Jujuy","6","4.090"
"2020","4","Jujuy","9","1"
"2020","4","Jujuy","1,2","1.443"
"2020","4","Jujuy","16","563"
"2020","4","Jujuy","19","4"
"2020","4","Jujuy","2,2","2.954"
"2020","4","Jujuy","0,26","2.811"
"2020","4","Jujuy","31","440"
"2020","4","Jujuy","3,2","5.745"
"2020","4","Jujuy","4,5","2.289"
"2020","4","Jujuy","0,51","27"
"2020","4","Jujuy","54","1"
"2020","4","Jujuy","6,4","7.433"
"2020","4","Jujuy","68","1"
"2020","4","Jujuy","7,5","10"
"2020","4","Jujuy","0,75","22"
"2020","4","Jujuy","81","1"
"2020","4","Jujuy","10,1","14.368"
"2020","4","Jujuy","12,3","22.759"
"2020","4","Jujuy","155","1"
"2020","4","Jujuy","20,5","21.604"
"2020","4","Jujuy","25,1","6"
"2020","4","Jujuy","320","137"
"2020","4","Jujuy","50,1","13.929"
"2020","4","Jujuy","512","36"
"2020","4","Jujuy","520","745"
"2020","4","Jujuy","100,1","4.423"
"2020","4","Jujuy","7000","8"
"2020","4","La Pampa","1","313"
"2020","4","La Pampa","6","1.402"
"2020","4","La Pampa","9","2"
"2020","4","La Pampa","1,2","2.641"
"2020","4","La Pampa","16","3.962"
"2020","4","La Pampa","17","30"
"2020","4","La Pampa","19","35"
"2020","4","La Pampa","2,2","4.786"
"2020","4","La Pampa","24","46"
"2020","4","La Pampa","0,26","2.520"
"2020","4","La Pampa","29","53"
"2020","4","La Pampa","31","2.031"
"2020","4","La Pampa","3,2","11.236"
"2020","4","La Pampa","0,38","1"
"2020","4","La Pampa","4,5","3.110"
"2020","4","La Pampa","0,51","236"
"2020","4","La Pampa","64","148"
"2020","4","La Pampa","6,4","47.250"
"2020","4","La Pampa","7,5","5"
"2020","4","La Pampa","0,75","61"
"2020","4","La Pampa","10,1","8.117"
"2020","4","La Pampa","12,3","44"
"2020","4","La Pampa","20,5","2.491"
"2020","4","La Pampa","25,1","266"
"2020","4","La Pampa","50,1","5.994"
"2020","4","La Pampa","100,1","115"
"2020","4","La Rioja","4","31.589"
"2020","4","La Rioja","1,2","688"
"2020","4","La Rioja","16","4.104"
"2020","4","La Rioja","31","181"
"2020","4","La Rioja","3,2","1.214"
"2020","4","La Rioja","4,5","1"
"2020","4","La Rioja","0,51","9"
"2020","4","La Rioja","6,4","3.415"
"2020","4","La Rioja","0,75","9"
"2020","4","La Rioja","10,1","6.060"
"2020","4","La Rioja","203","1"
"2020","4","La Rioja","20,5","529"
"2020","4","La Rioja","320","48"
"2020","4","La Rioja","50,1","2.392"
"2020","4","La Rioja","100,1","2.538"
"2020","4","Mendoza","1","9"
"2020","4","Mendoza","4","14"
"2020","4","Mendoza","6","2.864"
"2020","4","Mendoza","9","871"
"2020","4","Mendoza","10","4.143"
"2020","4","Mendoza","1,2","1.825"
"2020","4","Mendoza","16","1.073"
"2020","4","Mendoza","2,2","2.761"
"2020","4","Mendoza","25","930"
"2020","4","Mendoza","0,26","2.570"
"2020","4","Mendoza","31","2.448"
"2020","4","Mendoza","3,2","8.268"
"2020","4","Mendoza","37","59"
"2020","4","Mendoza","0,38","1"
"2020","4","Mendoza","41","10"
"2020","4","Mendoza","4,5","3.560"
"2020","4","Mendoza","0,51","20"
"2020","4","Mendoza","61","1"
"2020","4","Mendoza","6,4","127.051"
"2020","4","Mendoza","7,5","689"
"2020","4","Mendoza","0,75","7"
"2020","4","Mendoza","10,1","5.469"
"2020","4","Mendoza","12,3","35.582"
"2020","4","Mendoza","203","11"
"2020","4","Mendoza","20,5","3.741"
"2020","4","Mendoza","25,1","10"
"2020","4","Mendoza","320","266"
"2020","4","Mendoza","450","1"
"2020","4","Mendoza","50,1","8.272"
"2020","4","Mendoza","512","45"
"2020","4","Mendoza","640","23"
"2020","4","Mendoza","100,1","2.859"
"2020","4","Misiones","6","4.263"
"2020","4","Misiones","9","201"
"2020","4","Misiones","10","3"
"2020","4","Misiones","12","4"
"2020","4","Misiones","1,2","3.956"
"2020","4","Misiones","15","1"
"2020","4","Misiones","16","1.975"
"2020","4","Misiones","17","1"
"2020","4","Misiones","19","785"
"2020","4","Misiones","22","37"
"2020","4","Misiones","2,2","7.903"
"2020","4","Misiones","0,26","7.001"
"2020","4","Misiones","31","11.654"
"2020","4","Misiones","3,2","7.751"
"2020","4","Misiones","4,5","496"
"2020","4","Misiones","46","28"
"2020","4","Misiones","0,51","47"
"2020","4","Misiones","6,4","16.143"
"2020","4","Misiones","7,5","305"
"2020","4","Misiones","0,75","4"
"2020","4","Misiones","10,1","25.569"
"2020","4","Misiones","120","1"
"2020","4","Misiones","12,3","16.485"
"2020","4","Misiones","205","1"
"2020","4","Misiones","20,5","7.194"
"2020","4","Misiones","25,1","3.119"
"2020","4","Misiones","275","1"
"2020","4","Misiones","320","1.057"
"2020","4","Misiones","480","1"
"2020","4","Misiones","50,1","23.802"
"2020","4","Misiones","512","20"
"2020","4","Misiones","950","1"
"2020","4","Misiones","100,1","7.349"
"2020","4","Misiones","2048","3"
"2020","4","Neuquén","1","1"
"2020","4","Neuquén","4","6.938"
"2020","4","Neuquén","6","10.216"
"2020","4","Neuquén","9","4.010"
"2020","4","Neuquén","1,2","556"
"2020","4","Neuquén","16","163"
"2020","4","Neuquén","19","2.120"
"2020","4","Neuquén","2,2","2.220"
"2020","4","Neuquén","0,26","5.720"
"2020","4","Neuquén","31","181"
"2020","4","Neuquén","3,2","6.889"
"2020","4","Neuquén","41","1"
"2020","4","Neuquén","4,5","357"
"2020","4","Neuquén","0,51","45"
"2020","4","Neuquén","6,4","29.584"
"2020","4","Neuquén","65","4"
"2020","4","Neuquén","7,5","294"
"2020","4","Neuquén","0,75","71"
"2020","4","Neuquén","10,1","4.174"
"2020","4","Neuquén","12,3","1.477"
"2020","4","Neuquén","20,5","2.031"
"2020","4","Neuquén","25,1","5.320"
"2020","4","Neuquén","320","2.172"
"2020","4","Neuquén","50,1","35.774"
"2020","4","Neuquén","512","12"
"2020","4","Neuquén","100,1","12.805"
"2020","4","Río Negro","4","2"
"2020","4","Río Negro","6","4.962"
"2020","4","Río Negro","9","268"
"2020","4","Río Negro","10","30"
"2020","4","Río Negro","1,2","1.141"
"2020","4","Río Negro","16","1"
"2020","4","Río Negro","19","1.497"
"2020","4","Río Negro","2,2","3.367"
"2020","4","Río Negro","0,26","20.146"
"2020","4","Río Negro","31","171"
"2020","4","Río Negro","3,2","6.327"
"2020","4","Río Negro","41","32"
"2020","4","Río Negro","4,5","1.334"
"2020","4","Río Negro","0,51","19"
"2020","4","Río Negro","6,4","53.638"
"2020","4","Río Negro","0,75","106"
"2020","4","Río Negro","10,1","3.855"
"2020","4","Río Negro","120","1"
"2020","4","Río Negro","12,3","6.791"
"2020","4","Río Negro","155","1"
"2020","4","Río Negro","20,5","4.842"
"2020","4","Río Negro","25,1","3.346"
"2020","4","Río Negro","320","391"
"2020","4","Río Negro","450","1"
"2020","4","Río Negro","50,1","22.157"
"2020","4","Río Negro","100,1","6.784"
"2020","4","Salta","1","1"
"2020","4","Salta","4","1"
"2020","4","Salta","6","1.385"
"2020","4","Salta","9","47"
"2020","4","Salta","1,2","2.871"
"2020","4","Salta","16","2.241"
"2020","4","Salta","19","35"
"2020","4","Salta","2,2","1.341"
"2020","4","Salta","0,26","6.319"
"2020","4","Salta","31","675"
"2020","4","Salta","3,2","15.653"
"2020","4","Salta","4,5","4.827"
"2020","4","Salta","0,51","49"
"2020","4","Salta","6,4","15.878"
"2020","4","Salta","0,75","60"
"2020","4","Salta","10,1","68.782"
"2020","4","Salta","12,3","2.243"
"2020","4","Salta","20,5","10.669"
"2020","4","Salta","25,1","7.616"
"2020","4","Salta","320","1.300"
"2020","4","Salta","50,1","34.472"
"2020","4","Salta","512","79"
"2020","4","Salta","100,1","10.846"
"2020","4","San Juan","1","1"
"2020","4","San Juan","6","214"
"2020","4","San Juan","9","23"
"2020","4","San Juan","10","488"
"2020","4","San Juan","1,2","1.459"
"2020","4","San Juan","16","43"
"2020","4","San Juan","2,2","1.568"
"2020","4","San Juan","0,26","4.588"
"2020","4","San Juan","31","5"
"2020","4","San Juan","3,2","5.164"
"2020","4","San Juan","41","1"
"2020","4","San Juan","4,5","716"
"2020","4","San Juan","0,51","22"
"2020","4","San Juan","61","1"
"2020","4","San Juan","6,4","52.388"
"2020","4","San Juan","7,5","86"
"2020","4","San Juan","0,75","3"
"2020","4","San Juan","10,1","143"
"2020","4","San Juan","12,3","5.003"
"2020","4","San Juan","203","10"
"2020","4","San Juan","20,5","80"
"2020","4","San Juan","25,1","327"
"2020","4","San Juan","50,1","157"
"2020","4","San Juan","100,1","106"
"2020","4","San Luis","4","2"
"2020","4","San Luis","6","278"
"2020","4","San Luis","9","149"
"2020","4","San Luis","10","3.340"
"2020","4","San Luis","1,2","451"
"2020","4","San Luis","2,2","667"
"2020","4","San Luis","0,26","36.918"
"2020","4","San Luis","31","2"
"2020","4","San Luis","3,2","1.442"
"2020","4","San Luis","4,5","439"
"2020","4","San Luis","47","3"
"2020","4","San Luis","0,51","57"
"2020","4","San Luis","6,4","10.741"
"2020","4","San Luis","0,75","1"
"2020","4","San Luis","10,1","1"
"2020","4","San Luis","12,3","2.688"
"2020","4","San Luis","203","1"
"2020","4","San Luis","25,1","62.239"
"2020","4","San Luis","100,1","1"
"2020","4","San Luis","5000","15"
"2020","4","Santa Cruz","6","2.362"
"2020","4","Santa Cruz","9","2"
"2020","4","Santa Cruz","10","121"
"2020","4","Santa Cruz","1,2","5.375"
"2020","4","Santa Cruz","14","1.281"
"2020","4","Santa Cruz","16","849"
"2020","4","Santa Cruz","19","1"
"2020","4","Santa Cruz","2,2","1.646"
"2020","4","Santa Cruz","25","53"
"2020","4","Santa Cruz","0,26","758"
"2020","4","Santa Cruz","31","21"
"2020","4","Santa Cruz","3,2","6.184"
"2020","4","Santa Cruz","36","216"
"2020","4","Santa Cruz","0,38","3"
"2020","4","Santa Cruz","41","5"
"2020","4","Santa Cruz","4,5","70"
"2020","4","Santa Cruz","0,51","24"
"2020","4","Santa Cruz","6,4","11.536"
"2020","4","Santa Cruz","0,75","20"
"2020","4","Santa Cruz","77","49"
"2020","4","Santa Cruz","10,1","4.259"
"2020","4","Santa Cruz","12,3","4.427"
"2020","4","Santa Cruz","20,5","76"
"2020","4","Santa Cruz","25,1","959"
"2020","4","Santa Cruz","320","14"
"2020","4","Santa Cruz","50,1","301"
"2020","4","Santa Cruz","100,1","62"
"2020","4","Santa Fe","2","334"
"2020","4","Santa Fe","4","65"
"2020","4","Santa Fe","6","26.742"
"2020","4","Santa Fe","9","7.198"
"2020","4","Santa Fe","10","653"
"2020","4","Santa Fe","1,2","15.208"
"2020","4","Santa Fe","14","3"
"2020","4","Santa Fe","16","13.053"
"2020","4","Santa Fe","17","130"
"2020","4","Santa Fe","19","5.253"
"2020","4","Santa Fe","2,2","9.026"
"2020","4","Santa Fe","0,26","23.602"
"2020","4","Santa Fe","31","23.608"
"2020","4","Santa Fe","3,2","53.290"
"2020","4","Santa Fe","36","4"
"2020","4","Santa Fe","0,38","51"
"2020","4","Santa Fe","39","2"
"2020","4","Santa Fe","41","230"
"2020","4","Santa Fe","4,5","5.797"
"2020","4","Santa Fe","46","126"
"2020","4","Santa Fe","0,51","321"
"2020","4","Santa Fe","61","43"
"2020","4","Santa Fe","6,4","96.475"
"2020","4","Santa Fe","7,5","3.982"
"2020","4","Santa Fe","0,75","146"
"2020","4","Santa Fe","97","1"
"2020","4","Santa Fe","10,1","191.960"
"2020","4","Santa Fe","122","9"
"2020","4","Santa Fe","12,3","27.739"
"2020","4","Santa Fe","1,25","326"
"2020","4","Santa Fe","155","516"
"2020","4","Santa Fe","203","6"
"2020","4","Santa Fe","20,5","48.068"
"2020","4","Santa Fe","25,1","41.545"
"2020","4","Santa Fe","320","4.995"
"2020","4","Santa Fe","450","14"
"2020","4","Santa Fe","473","1"
"2020","4","Santa Fe","50,1","164.652"
"2020","4","Santa Fe","512","107"
"2020","4","Santa Fe","640","24"
"2020","4","Santa Fe","768","1"
"2020","4","Santa Fe","100,1","55.493"
"2020","4","Santa Fe","1024","3"
"2020","4","Santa Fe","2048","9"
"2020","4","Santa Fe","6000","1"
"2020","4","Santa Fe","7000","1"
"2020","4","Santiago Del Estero","1","908"
"2020","4","Santiago Del Estero","2","307"
"2020","4","Santiago Del Estero","6","3"
"2020","4","Santiago Del Estero","1,2","959"
"2020","4","Santiago Del Estero","16","628"
"2020","4","Santiago Del Estero","2,2","3.342"
"2020","4","Santiago Del Estero","0,26","3.932"
"2020","4","Santiago Del Estero","31","411"
"2020","4","Santiago Del Estero","3,2","10.631"
"2020","4","Santiago Del Estero","41","20"
"2020","4","Santiago Del Estero","4,5","845"
"2020","4","Santiago Del Estero","0,51","39"
"2020","4","Santiago Del Estero","6,4","18.432"
"2020","4","Santiago Del Estero","7,5","949"
"2020","4","Santiago Del Estero","0,75","84"
"2020","4","Santiago Del Estero","10,1","56.641"
"2020","4","Santiago Del Estero","12,3","2.261"
"2020","4","Santiago Del Estero","20,5","1.777"
"2020","4","Santiago Del Estero","320","68"
"2020","4","Santiago Del Estero","50,1","2.669"
"2020","4","Santiago Del Estero","100,1","1.761"
"2020","4","Santiago Del Estero","10000","2"
"2020","4","Tierra Del Fuego","6","264"
"2020","4","Tierra Del Fuego","9","4.680"
"2020","4","Tierra Del Fuego","10","52"
"2020","4","Tierra Del Fuego","1,2","98"
"2020","4","Tierra Del Fuego","15","1"
"2020","4","Tierra Del Fuego","16","157"
"2020","4","Tierra Del Fuego","19","48"
"2020","4","Tierra Del Fuego","2,2","7"
"2020","4","Tierra Del Fuego","0,26","6.690"
"2020","4","Tierra Del Fuego","31","47"
"2020","4","Tierra Del Fuego","3,2","599"
"2020","4","Tierra Del Fuego","36","4"
"2020","4","Tierra Del Fuego","41","9"
"2020","4","Tierra Del Fuego","4,5","2.409"
"2020","4","Tierra Del Fuego","0,51","6"
"2020","4","Tierra Del Fuego","61","9"
"2020","4","Tierra Del Fuego","6,4","18.504"
"2020","4","Tierra Del Fuego","0,75","11"
"2020","4","Tierra Del Fuego","10,1","1.387"
"2020","4","Tierra Del Fuego","12,3","3.215"
"2020","4","Tierra Del Fuego","20,5","76"
"2020","4","Tierra Del Fuego","25,1","441"
"2020","4","Tierra Del Fuego","50,1","890"
"2020","4","Tierra Del Fuego","100,1","9"
"2020","4","Tierra Del Fuego","2000","1"
"2020","4","Tucumán","4","2.890"
"2020","4","Tucumán","6","215"
"2020","4","Tucumán","9","163"
"2020","4","Tucumán","10","351"
"2020","4","Tucumán","12","2"
"2020","4","Tucumán","1,2","3.251"
"2020","4","Tucumán","16","2.296"
"2020","4","Tucumán","19","1"
"2020","4","Tucumán","2,2","28"
"2020","4","Tucumán","0,26","2.680"
"2020","4","Tucumán","31","4.071"
"2020","4","Tucumán","3,2","9.834"
"2020","4","Tucumán","3,3","65"
"2020","4","Tucumán","36","1"
"2020","4","Tucumán","4,5","274"
"2020","4","Tucumán","0,51","16"
"2020","4","Tucumán","6,4","27.522"
"2020","4","Tucumán","6,7","113"
"2020","4","Tucumán","7,5","141"
"2020","4","Tucumán","0,75","13"
"2020","4","Tucumán","86","1"
"2020","4","Tucumán","10,1","53.679"
"2020","4","Tucumán","12,3","385"
"2020","4","Tucumán","20,5","29.471"
"2020","4","Tucumán","25,1","34"
"2020","4","Tucumán","320","1.718"
"2020","4","Tucumán","50,1","58.624"
"2020","4","Tucumán","512","114"
"2020","4","Tucumán","100,1","33.135"
"2020","4","Tucumán","2529","1"
"2020","3","Buenos Aires","1","26.560"
"2020","3","Buenos Aires","2","380"
"2020","3","Buenos Aires","4","35.939"
"2020","3","Buenos Aires","6","35.165"
"2020","3","Buenos Aires","9","17.558"
"2020","3","Buenos Aires","10","493"
"2020","3","Buenos Aires","12","4"
"2020","3","Buenos Aires","1,2","32.611"
"2020","3","Buenos Aires","14","2"
"2020","3","Buenos Aires","15","24"
"2020","3","Buenos Aires","16","15.530"
"2020","3","Buenos Aires","17","109"
"2020","3","Buenos Aires","19","53.774"
"2020","3","Buenos Aires","22","2"
"2020","3","Buenos Aires","2,2","25.065"
"2020","3","Buenos Aires","23","1"
"2020","3","Buenos Aires","25","28"
"2020","3","Buenos Aires","0,26","19.853"
"2020","3","Buenos Aires","30","917"
"2020","3","Buenos Aires","31","12.641"
"2020","3","Buenos Aires","3,2","97.388"
"2020","3","Buenos Aires","35","1"
"2020","3","Buenos Aires","36","1"
"2020","3","Buenos Aires","0,38","17"
"2020","3","Buenos Aires","41","779"
"2020","3","Buenos Aires","4,5","15.952"
"2020","3","Buenos Aires","50","1"
"2020","3","Buenos Aires","0,51","36.916"
"2020","3","Buenos Aires","55","54"
"2020","3","Buenos Aires","56","1"
"2020","3","Buenos Aires","59","1"
"2020","3","Buenos Aires","61","76"
"2020","3","Buenos Aires","63","1"
"2020","3","Buenos Aires","6,4","876.242"
"2020","3","Buenos Aires","66","1"
"2020","3","Buenos Aires","6,7","35"
"2020","3","Buenos Aires","71","3"
"2020","3","Buenos Aires","7,5","4.718"
"2020","3","Buenos Aires","0,75","609"
"2020","3","Buenos Aires","77","236"
"2020","3","Buenos Aires","80","2"
"2020","3","Buenos Aires","81","4"
"2020","3","Buenos Aires","82","1"
"2020","3","Buenos Aires","83","1"
"2020","3","Buenos Aires","95","3"
"2020","3","Buenos Aires","10,1","211.941"
"2020","3","Buenos Aires","122","6"
"2020","3","Buenos Aires","12,3","57.035"
"2020","3","Buenos Aires","127","1"
"2020","3","Buenos Aires","155","125"
"2020","3","Buenos Aires","160","1"
"2020","3","Buenos Aires","203","117"
"2020","3","Buenos Aires","20,5","93.294"
"2020","3","Buenos Aires","25,1","180.693"
"2020","3","Buenos Aires","256","3"
"2020","3","Buenos Aires","320","94.505"
"2020","3","Buenos Aires","350","4"
"2020","3","Buenos Aires","384","380"
"2020","3","Buenos Aires","450","462"
"2020","3","Buenos Aires","50,1","1.199.980"
"2020","3","Buenos Aires","512","692"
"2020","3","Buenos Aires","520","1"
"2020","3","Buenos Aires","640","3"
"2020","3","Buenos Aires","100,1","784.820"
"2020","3","Buenos Aires","1024","2.424"
"2020","3","Buenos Aires","1536","4"
"2020","3","Buenos Aires","2529","860"
"2020","3","Buenos Aires","4000","227"
"2020","3","CABA","1","15"
"2020","3","CABA","4","70"
"2020","3","CABA","6","1.962"
"2020","3","CABA","9","22"
"2020","3","CABA","10","3"
"2020","3","CABA","12","5"
"2020","3","CABA","1,2","5.404"
"2020","3","CABA","16","3.353"
"2020","3","CABA","17","5"
"2020","3","CABA","19","38.993"
"2020","3","CABA","22","1"
"2020","3","CABA","2,2","387"
"2020","3","CABA","0,26","247"
"2020","3","CABA","31","11.242"
"2020","3","CABA","3,2","8.245"
"2020","3","CABA","35","1"
"2020","3","CABA","36","9"
"2020","3","CABA","0,38","30"
"2020","3","CABA","40","30"
"2020","3","CABA","41","121"
"2020","3","CABA","4,5","1.539"
"2020","3","CABA","0,51","75"
"2020","3","CABA","56","1"
"2020","3","CABA","61","16"
"2020","3","CABA","6,4","144.912"
"2020","3","CABA","67","1"
"2020","3","CABA","71","3"
"2020","3","CABA","7,5","13"
"2020","3","CABA","0,75","159"
"2020","3","CABA","77","117"
"2020","3","CABA","81","7"
"2020","3","CABA","91","34"
"2020","3","CABA","10,1","85.045"
"2020","3","CABA","120","1"
"2020","3","CABA","122","5"
"2020","3","CABA","12,3","10.916"
"2020","3","CABA","126","3"
"2020","3","CABA","155","6.376"
"2020","3","CABA","164","5"
"2020","3","CABA","203","2.592"
"2020","3","CABA","20,5","15.481"
"2020","3","CABA","225","1"
"2020","3","CABA","234","1"
"2020","3","CABA","25,1","66.791"
"2020","3","CABA","256","1.399"
"2020","3","CABA","300","1"
"2020","3","CABA","320","58.622"
"2020","3","CABA","330","2"
"2020","3","CABA","450","2"
"2020","3","CABA","50,1","577.976"
"2020","3","CABA","512","177"
"2020","3","CABA","768","1"
"2020","3","CABA","850","1"
"2020","3","CABA","100,1","328.971"
"2020","3","CABA","1024","1.284"
"2020","3","Catamarca","6","48"
"2020","3","Catamarca","10","27"
"2020","3","Catamarca","1,2","669"
"2020","3","Catamarca","16","603"
"2020","3","Catamarca","2,2","264"
"2020","3","Catamarca","25","253"
"2020","3","Catamarca","0,26","2.154"
"2020","3","Catamarca","31","309"
"2020","3","Catamarca","3,2","2.337"
"2020","3","Catamarca","4,5","3"
"2020","3","Catamarca","0,51","34"
"2020","3","Catamarca","6,4","4.955"
"2020","3","Catamarca","0,75","29"
"2020","3","Catamarca","10,1","8.741"
"2020","3","Catamarca","12,3","3.262"
"2020","3","Catamarca","20,5","7.330"
"2020","3","Catamarca","320","489"
"2020","3","Catamarca","50,1","11.736"
"2020","3","Catamarca","512","23"
"2020","3","Catamarca","100,1","6.638"
"2020","3","Chaco","4","1.184"
"2020","3","Chaco","0,5","111"
"2020","3","Chaco","6","1.085"
"2020","3","Chaco","9","308"
"2020","3","Chaco","10","1"
"2020","3","Chaco","1,2","2.625"
"2020","3","Chaco","1,5","25"
"2020","3","Chaco","16","1.688"
"2020","3","Chaco","19","831"
"2020","3","Chaco","2,2","1.737"
"2020","3","Chaco","0,26","7.194"
"2020","3","Chaco","31","10.781"
"2020","3","Chaco","3,2","6.147"
"2020","3","Chaco","4,5","568"
"2020","3","Chaco","0,51","69"
"2020","3","Chaco","0,63","225"
"2020","3","Chaco","6,4","11.305"
"2020","3","Chaco","7,5","527"
"2020","3","Chaco","0,75","14"
"2020","3","Chaco","10,1","20.803"
"2020","3","Chaco","12,3","18.678"
"2020","3","Chaco","20,5","6.349"
"2020","3","Chaco","25,1","2.970"
"2020","3","Chaco","320","1.500"
"2020","3","Chaco","50,1","27.729"
"2020","3","Chaco","512","26"
"2020","3","Chaco","100,1","9.474"
"2020","3","Chubut","1","4"
"2020","3","Chubut","4","73"
"2020","3","Chubut","6","520"
"2020","3","Chubut","9","189"
"2020","3","Chubut","10","2.212"
"2020","3","Chubut","1,2","964"
"2020","3","Chubut","16","1.050"
"2020","3","Chubut","2,2","5.217"
"2020","3","Chubut","0,26","3.942"
"2020","3","Chubut","31","232"
"2020","3","Chubut","3,2","22.132"
"2020","3","Chubut","0,38","8"
"2020","3","Chubut","4,5","538"
"2020","3","Chubut","0,51","66"
"2020","3","Chubut","6,4","58.220"
"2020","3","Chubut","0,75","84"
"2020","3","Chubut","10,1","19.713"
"2020","3","Chubut","12,3","11.164"
"2020","3","Chubut","203","1"
"2020","3","Chubut","20,5","3"
"2020","3","Chubut","25,1","2.586"
"2020","3","Chubut","50,1","999"
"2020","3","Chubut","100,1","110"
"2020","3","Córdoba","2","7"
"2020","3","Córdoba","4","5.244"
"2020","3","Córdoba","6","13.168"
"2020","3","Córdoba","9","5.794"
"2020","3","Córdoba","10","1.862"
"2020","3","Córdoba","11","1"
"2020","3","Córdoba","12","1"
"2020","3","Córdoba","1,2","16.954"
"2020","3","Córdoba","14","4"
"2020","3","Córdoba","15","9"
"2020","3","Córdoba","16","14.529"
"2020","3","Córdoba","17","75"
"2020","3","Córdoba","19","12.411"
"2020","3","Córdoba","2,2","13.088"
"2020","3","Córdoba","25","2"
"2020","3","Córdoba","2,5","27"
"2020","3","Córdoba","0,26","11.728"
"2020","3","Córdoba","29","1"
"2020","3","Córdoba","31","10.829"
"2020","3","Córdoba","3,2","54.769"
"2020","3","Córdoba","36","2"
"2020","3","Córdoba","0,38","2"
"2020","3","Córdoba","41","50"
"2020","3","Córdoba","4,5","15.119"
"2020","3","Córdoba","0,51","81"
"2020","3","Córdoba","61","4.608"
"2020","3","Córdoba","6,4","102.129"
"2020","3","Córdoba","6,7","1.158"
"2020","3","Córdoba","71","134"
"2020","3","Córdoba","7,5","4.253"
"2020","3","Córdoba","0,75","85"
"2020","3","Córdoba","77","1"
"2020","3","Córdoba","10,1","112.924"
"2020","3","Córdoba","12,3","16.577"
"2020","3","Córdoba","145","1"
"2020","3","Córdoba","155","16"
"2020","3","Córdoba","203","22"
"2020","3","Córdoba","20,5","40.629"
"2020","3","Córdoba","234","486"
"2020","3","Córdoba","25,1","52.999"
"2020","3","Córdoba","320","6.935"
"2020","3","Córdoba","50,1","285.401"
"2020","3","Córdoba","512","725"
"2020","3","Córdoba","768","1"
"2020","3","Córdoba","900","1"
"2020","3","Córdoba","100,1","62.629"
"2020","3","Córdoba","1024","1"
"2020","3","Corrientes","6","1.543"
"2020","3","Corrientes","9","515"
"2020","3","Corrientes","1,2","6.876"
"2020","3","Corrientes","16","1.669"
"2020","3","Corrientes","19","742"
"2020","3","Corrientes","2,2","2.277"
"2020","3","Corrientes","0,26","5.020"
"2020","3","Corrientes","31","6.486"
"2020","3","Corrientes","3,2","10.537"
"2020","3","Corrientes","4,5","948"
"2020","3","Corrientes","0,51","10"
"2020","3","Corrientes","6,4","13.536"
"2020","3","Corrientes","0,75","62"
"2020","3","Corrientes","10,1","22.800"
"2020","3","Corrientes","12,3","17.541"
"2020","3","Corrientes","20,5","5.356"
"2020","3","Corrientes","25,1","2.129"
"2020","3","Corrientes","320","1.033"
"2020","3","Corrientes","50,1","17.788"
"2020","3","Corrientes","100,1","6.523"
"2020","3","Entre Ríos","4","2.188"
"2020","3","Entre Ríos","6","2.835"
"2020","3","Entre Ríos","9","844"
"2020","3","Entre Ríos","1,2","6.668"
"2020","3","Entre Ríos","16","3.950"
"2020","3","Entre Ríos","17","3"
"2020","3","Entre Ríos","19","2.278"
"2020","3","Entre Ríos","2,2","4.802"
"2020","3","Entre Ríos","0,26","15.759"
"2020","3","Entre Ríos","31","9.600"
"2020","3","Entre Ríos","3,2","16.549"
"2020","3","Entre Ríos","0,38","1"
"2020","3","Entre Ríos","4,5","840"
"2020","3","Entre Ríos","0,51","18"
"2020","3","Entre Ríos","6,4","35.677"
"2020","3","Entre Ríos","7,5","2.106"
"2020","3","Entre Ríos","0,75","111"
"2020","3","Entre Ríos","10,1","48.528"
"2020","3","Entre Ríos","12,3","30.124"
"2020","3","Entre Ríos","126","1"
"2020","3","Entre Ríos","155","1"
"2020","3","Entre Ríos","20,5","4.442"
"2020","3","Entre Ríos","25,1","4.777"
"2020","3","Entre Ríos","320","1.190"
"2020","3","Entre Ríos","50,1","37.675"
"2020","3","Entre Ríos","100,1","10.527"
"2020","3","Entre Ríos","50,25","1"
"2020","3","Formosa","6","1.373"
"2020","3","Formosa","1,2","1.698"
"2020","3","Formosa","16","499"
"2020","3","Formosa","19","673"
"2020","3","Formosa","2,2","1.426"
"2020","3","Formosa","0,26","1.737"
"2020","3","Formosa","31","418"
"2020","3","Formosa","3,2","10.254"
"2020","3","Formosa","4,5","2.979"
"2020","3","Formosa","0,51","49"
"2020","3","Formosa","6,4","5.584"
"2020","3","Formosa","7,5","2"
"2020","3","Formosa","0,75","342"
"2020","3","Formosa","10,1","7.430"
"2020","3","Formosa","12,3","189"
"2020","3","Formosa","20,5","5.764"
"2020","3","Formosa","25,1","573"
"2020","3","Formosa","320","114"
"2020","3","Formosa","50,1","6.058"
"2020","3","Formosa","100,1","2.047"
"2020","3","Jujuy","6","734"
"2020","3","Jujuy","1,2","7.031"
"2020","3","Jujuy","16","592"
"2020","3","Jujuy","19","4"
"2020","3","Jujuy","2,2","5.488"
"2020","3","Jujuy","0,26","3.065"
"2020","3","Jujuy","31","285"
"2020","3","Jujuy","3,2","7.909"
"2020","3","Jujuy","45","1"
"2020","3","Jujuy","4,5","2.283"
"2020","3","Jujuy","0,51","27"
"2020","3","Jujuy","6,4","8.868"
"2020","3","Jujuy","68","1"
"2020","3","Jujuy","0,75","28"
"2020","3","Jujuy","10,1","10.566"
"2020","3","Jujuy","12,3","22.759"
"2020","3","Jujuy","155","1"
"2020","3","Jujuy","20,5","21.843"
"2020","3","Jujuy","25,1","8"
"2020","3","Jujuy","320","102"
"2020","3","Jujuy","50,1","10.666"
"2020","3","Jujuy","512","31"
"2020","3","Jujuy","520","745"
"2020","3","Jujuy","100,1","3.691"
"2020","3","La Pampa","1","313"
"2020","3","La Pampa","6","1.400"
"2020","3","La Pampa","9","1"
"2020","3","La Pampa","1,2","2.880"
"2020","3","La Pampa","16","3.378"
"2020","3","La Pampa","17","30"
"2020","3","La Pampa","19","39"
"2020","3","La Pampa","2,2","4.575"
"2020","3","La Pampa","24","46"
"2020","3","La Pampa","0,26","4.029"
"2020","3","La Pampa","29","53"
"2020","3","La Pampa","31","1.805"
"2020","3","La Pampa","3,2","7.814"
"2020","3","La Pampa","0,38","1"
"2020","3","La Pampa","4,5","4.284"
"2020","3","La Pampa","0,51","236"
"2020","3","La Pampa","64","148"
"2020","3","La Pampa","6,4","46.239"
"2020","3","La Pampa","7,5","6"
"2020","3","La Pampa","0,75","56"
"2020","3","La Pampa","10,1","7.813"
"2020","3","La Pampa","12,3","47"
"2020","3","La Pampa","134","841"
"2020","3","La Pampa","20,5","2.083"
"2020","3","La Pampa","25,1","285"
"2020","3","La Pampa","50,1","5.333"
"2020","3","La Rioja","4","31.589"
"2020","3","La Rioja","1,2","705"
"2020","3","La Rioja","16","4.131"
"2020","3","La Rioja","0,26","2"
"2020","3","La Rioja","31","124"
"2020","3","La Rioja","3,2","1.250"
"2020","3","La Rioja","4,5","1"
"2020","3","La Rioja","0,51","9"
"2020","3","La Rioja","6,4","3.561"
"2020","3","La Rioja","0,75","12"
"2020","3","La Rioja","10,1","5.955"
"2020","3","La Rioja","20,5","529"
"2020","3","La Rioja","320","29"
"2020","3","La Rioja","50,1","2.224"
"2020","3","La Rioja","100,1","2.495"
"2020","3","Mendoza","1","9"
"2020","3","Mendoza","4","14"
"2020","3","Mendoza","6","2.363"
"2020","3","Mendoza","9","876"
"2020","3","Mendoza","10","5.115"
"2020","3","Mendoza","1,2","1.656"
"2020","3","Mendoza","16","1.074"
"2020","3","Mendoza","2,2","2.488"
"2020","3","Mendoza","25","987"
"2020","3","Mendoza","0,26","45"
"2020","3","Mendoza","31","2.466"
"2020","3","Mendoza","3,2","4.419"
"2020","3","Mendoza","37","66"
"2020","3","Mendoza","0,38","1"
"2020","3","Mendoza","41","6"
"2020","3","Mendoza","4,5","3.267"
"2020","3","Mendoza","0,51","20"
"2020","3","Mendoza","61","21"
"2020","3","Mendoza","6,4","127.228"
"2020","3","Mendoza","7,5","671"
"2020","3","Mendoza","0,75","37"
"2020","3","Mendoza","10,1","5.461"
"2020","3","Mendoza","12,3","37.538"
"2020","3","Mendoza","20,5","3.821"
"2020","3","Mendoza","25,1","5"
"2020","3","Mendoza","320","167"
"2020","3","Mendoza","50,1","6.193"
"2020","3","Mendoza","512","35"
"2020","3","Mendoza","100,1","1.739"
"2020","3","Misiones","6","2.944"
"2020","3","Misiones","9","221"
"2020","3","Misiones","1,2","4.310"
"2020","3","Misiones","16","2.033"
"2020","3","Misiones","19","913"
"2020","3","Misiones","2,2","7.881"
"2020","3","Misiones","0,26","8.779"
"2020","3","Misiones","31","10.816"
"2020","3","Misiones","3,2","7.999"
"2020","3","Misiones","4,5","449"
"2020","3","Misiones","46","28"
"2020","3","Misiones","0,51","47"
"2020","3","Misiones","6,4","15.946"
"2020","3","Misiones","7,5","292"
"2020","3","Misiones","0,75","24"
"2020","3","Misiones","10,1","23.702"
"2020","3","Misiones","120","1"
"2020","3","Misiones","12,3","17.209"
"2020","3","Misiones","205","1"
"2020","3","Misiones","20,5","5.787"
"2020","3","Misiones","25,1","2.847"
"2020","3","Misiones","275","1"
"2020","3","Misiones","320","787"
"2020","3","Misiones","480","1"
"2020","3","Misiones","50,1","23.464"
"2020","3","Misiones","950","1"
"2020","3","Misiones","100,1","6.703"
"2020","3","Neuquén","1","1"
"2020","3","Neuquén","4","6.938"
"2020","3","Neuquén","6","9.188"
"2020","3","Neuquén","9","2.899"
"2020","3","Neuquén","1,2","812"
"2020","3","Neuquén","16","163"
"2020","3","Neuquén","19","2.461"
"2020","3","Neuquén","2,2","2.404"
"2020","3","Neuquén","0,26","803"
"2020","3","Neuquén","31","183"
"2020","3","Neuquén","3,2","9.803"
"2020","3","Neuquén","4,5","264"
"2020","3","Neuquén","0,51","45"
"2020","3","Neuquén","6,4","31.380"
"2020","3","Neuquén","65","4"
"2020","3","Neuquén","7,5","294"
"2020","3","Neuquén","0,75","173"
"2020","3","Neuquén","10,1","3.368"
"2020","3","Neuquén","12,3","2.944"
"2020","3","Neuquén","20,5","407"
"2020","3","Neuquén","25,1","5.274"
"2020","3","Neuquén","320","1.748"
"2020","3","Neuquén","50,1","36.663"
"2020","3","Neuquén","100,1","11.016"
"2020","3","Río Negro","4","283"
"2020","3","Río Negro","6","5.950"
"2020","3","Río Negro","9","232"
"2020","3","Río Negro","10","34"
"2020","3","Río Negro","1,2","1.137"
"2020","3","Río Negro","16","22"
"2020","3","Río Negro","19","1.775"
"2020","3","Río Negro","2,2","3.977"
"2020","3","Río Negro","0,26","19.093"
"2020","3","Río Negro","31","109"
"2020","3","Río Negro","3,2","6.518"
"2020","3","Río Negro","41","11"
"2020","3","Río Negro","4,5","1.119"
"2020","3","Río Negro","0,51","47"
"2020","3","Río Negro","6,4","50.468"
"2020","3","Río Negro","0,75","67"
"2020","3","Río Negro","10,1","3.503"
"2020","3","Río Negro","120","1"
"2020","3","Río Negro","12,3","860"
"2020","3","Río Negro","155","1"
"2020","3","Río Negro","20,5","4.439"
"2020","3","Río Negro","25,1","3.373"
"2020","3","Río Negro","320","165"
"2020","3","Río Negro","50,1","22.656"
"2020","3","Río Negro","100,1","5.627"
"2020","3","Salta","1","1"
"2020","3","Salta","4","1"
"2020","3","Salta","6","722"
"2020","3","Salta","9","41"
"2020","3","Salta","1,2","6.086"
"2020","3","Salta","16","2.369"
"2020","3","Salta","19","45"
"2020","3","Salta","2,2","363"
"2020","3","Salta","0,26","14.996"
"2020","3","Salta","31","712"
"2020","3","Salta","3,2","8.894"
"2020","3","Salta","4,5","280"
"2020","3","Salta","0,51","49"
"2020","3","Salta","6,4","16.947"
"2020","3","Salta","0,75","80"
"2020","3","Salta","10,1","64.695"
"2020","3","Salta","12,3","2.527"
"2020","3","Salta","20,5","11.049"
"2020","3","Salta","25,1","7.216"
"2020","3","Salta","320","893"
"2020","3","Salta","50,1","33.452"
"2020","3","Salta","512","74"
"2020","3","Salta","100,1","9.354"
"2020","3","San Juan","1","1"
"2020","3","San Juan","6","268"
"2020","3","San Juan","9","23"
"2020","3","San Juan","10","570"
"2020","3","San Juan","1,2","3.684"
"2020","3","San Juan","16","43"
"2020","3","San Juan","2,2","3.257"
"2020","3","San Juan","0,26","4.150"
"2020","3","San Juan","31","9"
"2020","3","San Juan","3,2","5.013"
"2020","3","San Juan","4,5","714"
"2020","3","San Juan","0,51","22"
"2020","3","San Juan","61","1"
"2020","3","San Juan","6,4","52.783"
"2020","3","San Juan","0,75","26"
"2020","3","San Juan","10,1","118"
"2020","3","San Juan","12,3","6.468"
"2020","3","San Juan","20,5","18"
"2020","3","San Juan","25,1","32"
"2020","3","San Juan","50,1","80"
"2020","3","San Juan","100,1","47"
"2020","3","San Luis","4","2"
"2020","3","San Luis","6","116"
"2020","3","San Luis","9","149"
"2020","3","San Luis","10","3.194"
"2020","3","San Luis","1,2","402"
"2020","3","San Luis","2,2","664"
"2020","3","San Luis","0,26","36.917"
"2020","3","San Luis","31","5"
"2020","3","San Luis","3,2","845"
"2020","3","San Luis","4,5","412"
"2020","3","San Luis","47","3"
"2020","3","San Luis","0,51","57"
"2020","3","San Luis","6,4","9.758"
"2020","3","San Luis","0,75","48"
"2020","3","San Luis","10,1","8"
"2020","3","San Luis","12,3","2.659"
"2020","3","San Luis","20,5","7"
"2020","3","San Luis","25,1","61.316"
"2020","3","San Luis","100,1","3"
"2020","3","Santa Cruz","6","2.450"
"2020","3","Santa Cruz","9","1"
"2020","3","Santa Cruz","10","134"
"2020","3","Santa Cruz","1,2","5.415"
"2020","3","Santa Cruz","14","1.775"
"2020","3","Santa Cruz","16","1.131"
"2020","3","Santa Cruz","19","110"
"2020","3","Santa Cruz","2,2","1.674"
"2020","3","Santa Cruz","25","455"
"2020","3","Santa Cruz","0,26","833"
"2020","3","Santa Cruz","31","24"
"2020","3","Santa Cruz","3,2","6.088"
"2020","3","Santa Cruz","36","19"
"2020","3","Santa Cruz","0,38","3"
"2020","3","Santa Cruz","41","8"
"2020","3","Santa Cruz","4,5","52"
"2020","3","Santa Cruz","0,51","24"
"2020","3","Santa Cruz","6,4","11.209"
"2020","3","Santa Cruz","0,75","39"
"2020","3","Santa Cruz","77","2"
"2020","3","Santa Cruz","10,1","3.880"
"2020","3","Santa Cruz","12,3","3.632"
"2020","3","Santa Cruz","20,5","82"
"2020","3","Santa Cruz","25,1","150"
"2020","3","Santa Cruz","50,1","80"
"2020","3","Santa Cruz","100,1","11"
"2020","3","Santa Fe","2","334"
"2020","3","Santa Fe","4","57"
"2020","3","Santa Fe","6","26.928"
"2020","3","Santa Fe","9","6.608"
"2020","3","Santa Fe","10","636"
"2020","3","Santa Fe","1,2","16.309"
"2020","3","Santa Fe","16","13.087"
"2020","3","Santa Fe","17","52"
"2020","3","Santa Fe","19","6.184"
"2020","3","Santa Fe","2,2","9.533"
"2020","3","Santa Fe","0,26","27.001"
"2020","3","Santa Fe","31","20.264"
"2020","3","Santa Fe","3,2","61.421"
"2020","3","Santa Fe","36","3"
"2020","3","Santa Fe","0,38","51"
"2020","3","Santa Fe","39","2"
"2020","3","Santa Fe","41","10"
"2020","3","Santa Fe","4,5","5.826"
"2020","3","Santa Fe","46","129"
"2020","3","Santa Fe","0,51","321"
"2020","3","Santa Fe","61","2"
"2020","3","Santa Fe","6,4","94.186"
"2020","3","Santa Fe","7,5","3.144"
"2020","3","Santa Fe","0,75","196"
"2020","3","Santa Fe","97","1"
"2020","3","Santa Fe","10,1","188.993"
"2020","3","Santa Fe","122","1"
"2020","3","Santa Fe","12,3","29.295"
"2020","3","Santa Fe","155","511"
"2020","3","Santa Fe","20,5","43.477"
"2020","3","Santa Fe","25,1","38.541"
"2020","3","Santa Fe","320","3.632"
"2020","3","Santa Fe","473","1"
"2020","3","Santa Fe","50,1","158.274"
"2020","3","Santa Fe","512","86"
"2020","3","Santa Fe","768","1"
"2020","3","Santa Fe","100,1","47.901"
"2020","3","Santiago Del Estero","1","908"
"2020","3","Santiago Del Estero","2","307"
"2020","3","Santiago Del Estero","6","1"
"2020","3","Santiago Del Estero","1,2","963"
"2020","3","Santiago Del Estero","16","660"
"2020","3","Santiago Del Estero","2,2","2.381"
"2020","3","Santiago Del Estero","0,26","4.801"
"2020","3","Santiago Del Estero","31","292"
"2020","3","Santiago Del Estero","3,2","10.087"
"2020","3","Santiago Del Estero","41","30"
"2020","3","Santiago Del Estero","4,5","845"
"2020","3","Santiago Del Estero","0,51","39"
"2020","3","Santiago Del Estero","6,4","18.704"
"2020","3","Santiago Del Estero","7,5","949"
"2020","3","Santiago Del Estero","0,75","94"
"2020","3","Santiago Del Estero","10,1","56.469"
"2020","3","Santiago Del Estero","12,3","2.261"
"2020","3","Santiago Del Estero","20,5","1.737"
"2020","3","Santiago Del Estero","320","44"
"2020","3","Santiago Del Estero","50,1","2.313"
"2020","3","Santiago Del Estero","100,1","1.607"
"2020","3","Tierra Del Fuego","6","263"
"2020","3","Tierra Del Fuego","9","4.083"
"2020","3","Tierra Del Fuego","1,2","97"
"2020","3","Tierra Del Fuego","15","1"
"2020","3","Tierra Del Fuego","16","161"
"2020","3","Tierra Del Fuego","19","52"
"2020","3","Tierra Del Fuego","2,2","4"
"2020","3","Tierra Del Fuego","0,26","6.992"
"2020","3","Tierra Del Fuego","31","31"
"2020","3","Tierra Del Fuego","3,2","605"
"2020","3","Tierra Del Fuego","36","4"
"2020","3","Tierra Del Fuego","41","11"
"2020","3","Tierra Del Fuego","4,5","2.465"
"2020","3","Tierra Del Fuego","0,51","6"
"2020","3","Tierra Del Fuego","61","8"
"2020","3","Tierra Del Fuego","6,4","18.660"
"2020","3","Tierra Del Fuego","0,75","5"
"2020","3","Tierra Del Fuego","10,1","1.331"
"2020","3","Tierra Del Fuego","12,3","3.439"
"2020","3","Tierra Del Fuego","20,5","73"
"2020","3","Tierra Del Fuego","25,1","450"
"2020","3","Tierra Del Fuego","50,1","907"
"2020","3","Tierra Del Fuego","100,1","6"
"2020","3","Tierra Del Fuego","2000","1"
"2020","3","Tucumán","4","2.890"
"2020","3","Tucumán","6","218"
"2020","3","Tucumán","9","165"
"2020","3","Tucumán","10","398"
"2020","3","Tucumán","12","2"
"2020","3","Tucumán","1,2","3.594"
"2020","3","Tucumán","16","2.402"
"2020","3","Tucumán","2,2","28"
"2020","3","Tucumán","0,26","2.637"
"2020","3","Tucumán","31","3.237"
"2020","3","Tucumán","3,2","10.107"
"2020","3","Tucumán","3,3","65"
"2020","3","Tucumán","36","1"
"2020","3","Tucumán","4,5","15"
"2020","3","Tucumán","0,51","16"
"2020","3","Tucumán","6,4","28.980"
"2020","3","Tucumán","6,7","113"
"2020","3","Tucumán","7,5","143"
"2020","3","Tucumán","0,75","36"
"2020","3","Tucumán","86","1"
"2020","3","Tucumán","10,1","53.904"
"2020","3","Tucumán","12,3","454"
"2020","3","Tucumán","20,5","30.268"
"2020","3","Tucumán","25,1","9"
"2020","3","Tucumán","320","1.488"
"2020","3","Tucumán","50,1","51.231"
"2020","3","Tucumán","512","107"
"2020","3","Tucumán","100,1","31.367"
"2020","2","Buenos Aires","1","26.560"
"2020","2","Buenos Aires","2","380"
"2020","2","Buenos Aires","4","50.911"
"2020","2","Buenos Aires","6","34.951"
"2020","2","Buenos Aires","9","16.867"
"2020","2","Buenos Aires","10","493"
"2020","2","Buenos Aires","12","4"
"2020","2","Buenos Aires","1,2","32.782"
"2020","2","Buenos Aires","14","2"
"2020","2","Buenos Aires","15","24"
"2020","2","Buenos Aires","16","15.994"
"2020","2","Buenos Aires","17","109"
"2020","2","Buenos Aires","19","62.769"
"2020","2","Buenos Aires","22","2"
"2020","2","Buenos Aires","2,2","24.817"
"2020","2","Buenos Aires","23","1"
"2020","2","Buenos Aires","25","28"
"2020","2","Buenos Aires","0,26","21.233"
"2020","2","Buenos Aires","30","917"
"2020","2","Buenos Aires","31","15.818"
"2020","2","Buenos Aires","3,2","95.700"
"2020","2","Buenos Aires","35","1"
"2020","2","Buenos Aires","36","1"
"2020","2","Buenos Aires","0,38","17"
"2020","2","Buenos Aires","41","733"
"2020","2","Buenos Aires","4,5","16.486"
"2020","2","Buenos Aires","50","1"
"2020","2","Buenos Aires","0,51","36.916"
"2020","2","Buenos Aires","55","54"
"2020","2","Buenos Aires","56","1"
"2020","2","Buenos Aires","59","1"
"2020","2","Buenos Aires","61","72"
"2020","2","Buenos Aires","63","1"
"2020","2","Buenos Aires","6,4","878.220"
"2020","2","Buenos Aires","6,7","35"
"2020","2","Buenos Aires","71","3"
"2020","2","Buenos Aires","7,5","7.644"
"2020","2","Buenos Aires","0,75","609"
"2020","2","Buenos Aires","80","2"
"2020","2","Buenos Aires","81","3"
"2020","2","Buenos Aires","82","1"
"2020","2","Buenos Aires","83","1"
"2020","2","Buenos Aires","95","3"
"2020","2","Buenos Aires","10,1","216.332"
"2020","2","Buenos Aires","122","6"
"2020","2","Buenos Aires","12,3","58.216"
"2020","2","Buenos Aires","127","1"
"2020","2","Buenos Aires","155","13"
"2020","2","Buenos Aires","160","1"
"2020","2","Buenos Aires","203","106"
"2020","2","Buenos Aires","20,5","96.014"
"2020","2","Buenos Aires","25,1","172.263"
"2020","2","Buenos Aires","256","1"
"2020","2","Buenos Aires","320","77.160"
"2020","2","Buenos Aires","350","4"
"2020","2","Buenos Aires","384","380"
"2020","2","Buenos Aires","450","462"
"2020","2","Buenos Aires","50,1","1.051.872"
"2020","2","Buenos Aires","512","610"
"2020","2","Buenos Aires","520","1"
"2020","2","Buenos Aires","640","3"
"2020","2","Buenos Aires","100,1","761.231"
"2020","2","Buenos Aires","1024","1.699"
"2020","2","Buenos Aires","1536","4"
"2020","2","CABA","1","15"
"2020","2","CABA","4","70"
"2020","2","CABA","6","1.942"
"2020","2","CABA","9","21"
"2020","2","CABA","10","3"
"2020","2","CABA","12","5"
"2020","2","CABA","1,2","5.785"
"2020","2","CABA","16","3.849"
"2020","2","CABA","17","5"
"2020","2","CABA","19","46.384"
"2020","2","CABA","22","1"
"2020","2","CABA","2,2","395"
"2020","2","CABA","0,26","687"
"2020","2","CABA","31","12.997"
"2020","2","CABA","3,2","9.068"
"2020","2","CABA","35","1"
"2020","2","CABA","36","9"
"2020","2","CABA","0,38","30"
"2020","2","CABA","40","30"
"2020","2","CABA","41","121"
"2020","2","CABA","4,5","1.538"
"2020","2","CABA","0,51","75"
"2020","2","CABA","56","1"
"2020","2","CABA","61","16"
"2020","2","CABA","6,4","147.973"
"2020","2","CABA","67","1"
"2020","2","CABA","71","3"
"2020","2","CABA","7,5","13"
"2020","2","CABA","0,75","159"
"2020","2","CABA","81","7"
"2020","2","CABA","91","34"
"2020","2","CABA","10,1","94.548"
"2020","2","CABA","120","1"
"2020","2","CABA","122","5"
"2020","2","CABA","12,3","12.656"
"2020","2","CABA","126","3"
"2020","2","CABA","155","6.334"
"2020","2","CABA","164","5"
"2020","2","CABA","203","2.590"
"2020","2","CABA","20,5","16.959"
"2020","2","CABA","225","1"
"2020","2","CABA","234","1"
"2020","2","CABA","25,1","67.168"
"2020","2","CABA","256","1.399"
"2020","2","CABA","300","1"
"2020","2","CABA","320","47.823"
"2020","2","CABA","330","2"
"2020","2","CABA","450","2"
"2020","2","CABA","50,1","562.968"
"2020","2","CABA","512","163"
"2020","2","CABA","768","1"
"2020","2","CABA","850","1"
"2020","2","CABA","100,1","312.905"
"2020","2","CABA","1024","1.047"
"2020","2","Catamarca","6","51"
"2020","2","Catamarca","10","26"
"2020","2","Catamarca","1,2","730"
"2020","2","Catamarca","16","654"
"2020","2","Catamarca","2,2","263"
"2020","2","Catamarca","25","171"
"2020","2","Catamarca","0,26","3.176"
"2020","2","Catamarca","31","255"
"2020","2","Catamarca","3,2","2.426"
"2020","2","Catamarca","0,51","34"
"2020","2","Catamarca","6,4","5.331"
"2020","2","Catamarca","0,75","29"
"2020","2","Catamarca","10,1","8.664"
"2020","2","Catamarca","12,3","2.284"
"2020","2","Catamarca","20,5","7.304"
"2020","2","Catamarca","320","431"
"2020","2","Catamarca","50,1","10.217"
"2020","2","Catamarca","512","22"
"2020","2","Catamarca","100,1","5.908"
"2020","2","Chaco","4","1.184"
"2020","2","Chaco","0,5","111"
"2020","2","Chaco","6","754"
"2020","2","Chaco","9","288"
"2020","2","Chaco","10","1"
"2020","2","Chaco","1,2","3.497"
"2020","2","Chaco","1,5","25"
"2020","2","Chaco","16","1.873"
"2020","2","Chaco","19","964"
"2020","2","Chaco","2,2","988"
"2020","2","Chaco","0,26","6.969"
"2020","2","Chaco","31","9.199"
"2020","2","Chaco","3,2","6.241"
"2020","2","Chaco","4,5","374"
"2020","2","Chaco","0,51","69"
"2020","2","Chaco","0,63","225"
"2020","2","Chaco","6,4","12.104"
"2020","2","Chaco","7,5","527"
"2020","2","Chaco","0,75","14"
"2020","2","Chaco","10,1","20.324"
"2020","2","Chaco","12,3","19.681"
"2020","2","Chaco","20,5","6.526"
"2020","2","Chaco","25,1","2.883"
"2020","2","Chaco","320","1.124"
"2020","2","Chaco","50,1","25.044"
"2020","2","Chaco","512","18"
"2020","2","Chaco","100,1","7.125"
"2020","2","Chubut","1","4"
"2020","2","Chubut","4","73"
"2020","2","Chubut","6","477"
"2020","2","Chubut","9","189"
"2020","2","Chubut","10","2.433"
"2020","2","Chubut","1,2","925"
"2020","2","Chubut","16","1.126"
"2020","2","Chubut","2,2","5.074"
"2020","2","Chubut","0,26","3.999"
"2020","2","Chubut","31","232"
"2020","2","Chubut","3,2","3.925"
"2020","2","Chubut","0,38","8"
"2020","2","Chubut","4,5","1.245"
"2020","2","Chubut","0,51","66"
"2020","2","Chubut","6,4","57.964"
"2020","2","Chubut","0,75","84"
"2020","2","Chubut","10,1","19.566"
"2020","2","Chubut","12,3","9.410"
"2020","2","Chubut","20,5","1"
"2020","2","Chubut","25,1","1.241"
"2020","2","Chubut","50,1","613"
"2020","2","Chubut","100,1","1"
"2020","2","Córdoba","4","5.244"
"2020","2","Córdoba","6","11.559"
"2020","2","Córdoba","9","3.927"
"2020","2","Córdoba","10","1.827"
"2020","2","Córdoba","11","1"
"2020","2","Córdoba","12","1"
"2020","2","Córdoba","1,2","17.541"
"2020","2","Córdoba","14","4"
"2020","2","Córdoba","15","8"
"2020","2","Córdoba","16","15.214"
"2020","2","Córdoba","17","67"
"2020","2","Córdoba","19","14.985"
"2020","2","Córdoba","2,2","13.291"
"2020","2","Córdoba","25","2"
"2020","2","Córdoba","2,5","27"
"2020","2","Córdoba","0,26","8.971"
"2020","2","Córdoba","29","1"
"2020","2","Córdoba","31","10.700"
"2020","2","Córdoba","3,2","55.516"
"2020","2","Córdoba","36","2"
"2020","2","Córdoba","0,38","2"
"2020","2","Córdoba","41","50"
"2020","2","Córdoba","4,5","14.167"
"2020","2","Córdoba","0,51","81"
"2020","2","Córdoba","61","8"
"2020","2","Córdoba","6,4","104.905"
"2020","2","Córdoba","6,7","1.158"
"2020","2","Córdoba","71","3"
"2020","2","Córdoba","7,5","4.121"
"2020","2","Córdoba","0,75","85"
"2020","2","Córdoba","77","1"
"2020","2","Córdoba","10,1","116.057"
"2020","2","Córdoba","12,3","18.038"
"2020","2","Córdoba","145","1"
"2020","2","Córdoba","155","16"
"2020","2","Córdoba","203","22"
"2020","2","Córdoba","20,5","41.212"
"2020","2","Córdoba","234","1"
"2020","2","Córdoba","25,1","52.521"
"2020","2","Córdoba","320","5.129"
"2020","2","Córdoba","50,1","270.533"
"2020","2","Córdoba","512","576"
"2020","2","Córdoba","768","1"
"2020","2","Córdoba","900","1"
"2020","2","Córdoba","100,1","48.890"
"2020","2","Córdoba","1024","1"
"2020","2","Corrientes","6","1.543"
"2020","2","Corrientes","9","515"
"2020","2","Corrientes","1,2","6.938"
"2020","2","Corrientes","16","1.826"
"2020","2","Corrientes","19","869"
"2020","2","Corrientes","2,2","1.296"
"2020","2","Corrientes","0,26","5.020"
"2020","2","Corrientes","31","5.734"
"2020","2","Corrientes","3,2","9.832"
"2020","2","Corrientes","4,5","968"
"2020","2","Corrientes","0,51","10"
"2020","2","Corrientes","6,4","14.192"
"2020","2","Corrientes","0,75","62"
"2020","2","Corrientes","10,1","22.330"
"2020","2","Corrientes","12,3","17.885"
"2020","2","Corrientes","20,5","5.264"
"2020","2","Corrientes","25,1","2.164"
"2020","2","Corrientes","320","754"
"2020","2","Corrientes","50,1","16.463"
"2020","2","Corrientes","100,1","5.201"
"2020","2","Entre Ríos","4","2.188"
"2020","2","Entre Ríos","6","2.793"
"2020","2","Entre Ríos","9","844"
"2020","2","Entre Ríos","1,2","7.625"
"2020","2","Entre Ríos","16","4.241"
"2020","2","Entre Ríos","17","2"
"2020","2","Entre Ríos","19","2.609"
"2020","2","Entre Ríos","2,2","4.167"
"2020","2","Entre Ríos","0,26","14.569"
"2020","2","Entre Ríos","31","8.240"
"2020","2","Entre Ríos","3,2","15.504"
"2020","2","Entre Ríos","0,38","1"
"2020","2","Entre Ríos","4,5","819"
"2020","2","Entre Ríos","0,51","18"
"2020","2","Entre Ríos","6,4","37.341"
"2020","2","Entre Ríos","7,5","2.106"
"2020","2","Entre Ríos","0,75","111"
"2020","2","Entre Ríos","10,1","47.690"
"2020","2","Entre Ríos","12,3","30.856"
"2020","2","Entre Ríos","126","1"
"2020","2","Entre Ríos","155","1"
"2020","2","Entre Ríos","20,5","4.382"
"2020","2","Entre Ríos","25,1","4.616"
"2020","2","Entre Ríos","320","753"
"2020","2","Entre Ríos","50,1","34.828"
"2020","2","Entre Ríos","100,1","7.808"
"2020","2","Formosa","6","1.366"
"2020","2","Formosa","1,2","1.881"
"2020","2","Formosa","16","547"
"2020","2","Formosa","19","755"
"2020","2","Formosa","2,2","1.465"
"2020","2","Formosa","0,26","1.313"
"2020","2","Formosa","31","402"
"2020","2","Formosa","3,2","10.240"
"2020","2","Formosa","4,5","2.977"
"2020","2","Formosa","0,51","49"
"2020","2","Formosa","6,4","5.756"
"2020","2","Formosa","7,5","2"
"2020","2","Formosa","0,75","342"
"2020","2","Formosa","10,1","7.107"
"2020","2","Formosa","12,3","208"
"2020","2","Formosa","20,5","5.488"
"2020","2","Formosa","25,1","559"
"2020","2","Formosa","320","42"
"2020","2","Formosa","50,1","5.792"
"2020","2","Formosa","100,1","1.641"
"2020","2","Jujuy","6","734"
"2020","2","Jujuy","1,2","7.114"
"2020","2","Jujuy","16","661"
"2020","2","Jujuy","19","4"
"2020","2","Jujuy","2,2","3.218"
"2020","2","Jujuy","0,26","16.557"
"2020","2","Jujuy","31","201"
"2020","2","Jujuy","3,2","7.973"
"2020","2","Jujuy","45","1"
"2020","2","Jujuy","4,5","2.283"
"2020","2","Jujuy","0,51","27"
"2020","2","Jujuy","6,4","9.408"
"2020","2","Jujuy","68","1"
"2020","2","Jujuy","0,75","28"
"2020","2","Jujuy","10,1","10.519"
"2020","2","Jujuy","12,3","22.759"
"2020","2","Jujuy","155","1"
"2020","2","Jujuy","20,5","3.405"
"2020","2","Jujuy","25,1","8"
"2020","2","Jujuy","320","72"
"2020","2","Jujuy","50,1","6.029"
"2020","2","Jujuy","512","24"
"2020","2","Jujuy","100,1","3.289"
"2020","2","La Pampa","1","313"
"2020","2","La Pampa","6","1.400"
"2020","2","La Pampa","9","1"
"2020","2","La Pampa","1,2","2.890"
"2020","2","La Pampa","16","2.499"
"2020","2","La Pampa","19","4"
"2020","2","La Pampa","2,2","5.977"
"2020","2","La Pampa","0,26","1.123"
"2020","2","La Pampa","31","1.345"
"2020","2","La Pampa","3,2","9.055"
"2020","2","La Pampa","0,38","1"
"2020","2","La Pampa","4,5","3.508"
"2020","2","La Pampa","0,51","236"
"2020","2","La Pampa","6,4","48.885"
"2020","2","La Pampa","7,5","6"
"2020","2","La Pampa","0,75","56"
"2020","2","La Pampa","10,1","7.524"
"2020","2","La Pampa","12,3","59"
"2020","2","La Pampa","20,5","1.238"
"2020","2","La Pampa","25,1","312"
"2020","2","La Pampa","50,1","3.377"
"2020","2","La Rioja","4","31.589"
"2020","2","La Rioja","1,2","701"
"2020","2","La Rioja","16","4.150"
"2020","2","La Rioja","0,26","2"
"2020","2","La Rioja","31","73"
"2020","2","La Rioja","3,2","1.326"
"2020","2","La Rioja","4,5","1"
"2020","2","La Rioja","0,51","9"
"2020","2","La Rioja","6,4","3.759"
"2020","2","La Rioja","0,75","12"
"2020","2","La Rioja","10,1","5.661"
"2020","2","La Rioja","20,5","536"
"2020","2","La Rioja","320","21"
"2020","2","La Rioja","50,1","1.976"
"2020","2","La Rioja","100,1","2.339"
"2020","2","Mendoza","1","9"
"2020","2","Mendoza","4","14"
"2020","2","Mendoza","6","1.997"
"2020","2","Mendoza","9","876"
"2020","2","Mendoza","10","6.400"
"2020","2","Mendoza","1,2","1.655"
"2020","2","Mendoza","16","1.078"
"2020","2","Mendoza","2,2","2.491"
"2020","2","Mendoza","25","818"
"2020","2","Mendoza","0,26","2.450"
"2020","2","Mendoza","31","2.435"
"2020","2","Mendoza","3,2","4.551"
"2020","2","Mendoza","37","65"
"2020","2","Mendoza","0,38","1"
"2020","2","Mendoza","41","4"
"2020","2","Mendoza","4,5","2.366"
"2020","2","Mendoza","0,51","20"
"2020","2","Mendoza","6,4","129.210"
"2020","2","Mendoza","7,5","130"
"2020","2","Mendoza","0,75","37"
"2020","2","Mendoza","10,1","5.033"
"2020","2","Mendoza","12,3","30.426"
"2020","2","Mendoza","20,5","3.770"
"2020","2","Mendoza","25,1","5"
"2020","2","Mendoza","320","104"
"2020","2","Mendoza","50,1","4.145"
"2020","2","Mendoza","512","31"
"2020","2","Mendoza","100,1","1.063"
"2020","2","Misiones","6","2.944"
"2020","2","Misiones","9","221"
"2020","2","Misiones","1,2","4.350"
"2020","2","Misiones","16","2.216"
"2020","2","Misiones","19","1.043"
"2020","2","Misiones","2,2","7.881"
"2020","2","Misiones","0,26","8.646"
"2020","2","Misiones","31","9.460"
"2020","2","Misiones","3,2","8.223"
"2020","2","Misiones","4,5","449"
"2020","2","Misiones","46","28"
"2020","2","Misiones","0,51","47"
"2020","2","Misiones","6,4","16.544"
"2020","2","Misiones","7,5","292"
"2020","2","Misiones","0,75","24"
"2020","2","Misiones","10,1","23.206"
"2020","2","Misiones","120","1"
"2020","2","Misiones","12,3","17.482"
"2020","2","Misiones","205","1"
"2020","2","Misiones","20,5","5.704"
"2020","2","Misiones","25,1","2.845"
"2020","2","Misiones","275","1"
"2020","2","Misiones","320","579"
"2020","2","Misiones","480","1"
"2020","2","Misiones","50,1","22.966"
"2020","2","Misiones","950","1"
"2020","2","Misiones","100,1","5.185"
"2020","2","Neuquén","1","1"
"2020","2","Neuquén","4","6.938"
"2020","2","Neuquén","6","9.187"
"2020","2","Neuquén","9","2.899"
"2020","2","Neuquén","1,2","802"
"2020","2","Neuquén","16","163"
"2020","2","Neuquén","19","2.897"
"2020","2","Neuquén","2,2","2.406"
"2020","2","Neuquén","31","178"
"2020","2","Neuquén","3,2","9.813"
"2020","2","Neuquén","4,5","264"
"2020","2","Neuquén","0,51","45"
"2020","2","Neuquén","6,4","32.087"
"2020","2","Neuquén","65","4"
"2020","2","Neuquén","7,5","294"
"2020","2","Neuquén","0,75","173"
"2020","2","Neuquén","10,1","2.910"
"2020","2","Neuquén","12,3","3.178"
"2020","2","Neuquén","20,5","387"
"2020","2","Neuquén","25,1","5.126"
"2020","2","Neuquén","320","1.292"
"2020","2","Neuquén","50,1","36.326"
"2020","2","Neuquén","100,1","8.802"
"2020","2","Río Negro","4","283"
"2020","2","Río Negro","6","5.618"
"2020","2","Río Negro","9","232"
"2020","2","Río Negro","10","37"
"2020","2","Río Negro","1,2","1.129"
"2020","2","Río Negro","16","22"
"2020","2","Río Negro","19","2.081"
"2020","2","Río Negro","2,2","3.977"
"2020","2","Río Negro","0,26","17.057"
"2020","2","Río Negro","31","111"
"2020","2","Río Negro","3,2","7.519"
"2020","2","Río Negro","41","11"
"2020","2","Río Negro","4,5","869"
"2020","2","Río Negro","0,51","47"
"2020","2","Río Negro","6,4","51.888"
"2020","2","Río Negro","0,75","67"
"2020","2","Río Negro","10,1","3.066"
"2020","2","Río Negro","120","1"
"2020","2","Río Negro","12,3","974"
"2020","2","Río Negro","155","1"
"2020","2","Río Negro","20,5","4.421"
"2020","2","Río Negro","25,1","3.162"
"2020","2","Río Negro","320","76"
"2020","2","Río Negro","50,1","22.467"
"2020","2","Río Negro","100,1","4.370"
"2020","2","Salta","1","1"
"2020","2","Salta","4","1"
"2020","2","Salta","6","719"
"2020","2","Salta","9","41"
"2020","2","Salta","1,2","6.176"
"2020","2","Salta","16","2.559"
"2020","2","Salta","19","54"
"2020","2","Salta","2,2","804"
"2020","2","Salta","0,26","6.531"
"2020","2","Salta","31","708"
"2020","2","Salta","3,2","12.754"
"2020","2","Salta","4,5","4.018"
"2020","2","Salta","0,51","49"
"2020","2","Salta","6,4","17.842"
"2020","2","Salta","0,75","80"
"2020","2","Salta","10,1","64.422"
"2020","2","Salta","12,3","2.863"
"2020","2","Salta","20,5","11.513"
"2020","2","Salta","25,1","7.033"
"2020","2","Salta","320","550"
"2020","2","Salta","50,1","31.070"
"2020","2","Salta","512","71"
"2020","2","Salta","100,1","7.903"
"2020","2","San Juan","1","1"
"2020","2","San Juan","6","226"
"2020","2","San Juan","10","801"
"2020","2","San Juan","1,2","696"
"2020","2","San Juan","16","43"
"2020","2","San Juan","2,2","1.158"
"2020","2","San Juan","0,26","4.430"
"2020","2","San Juan","31","8"
"2020","2","San Juan","3,2","3.872"
"2020","2","San Juan","4,5","468"
"2020","2","San Juan","0,51","22"
"2020","2","San Juan","6,4","52.886"
"2020","2","San Juan","0,75","26"
"2020","2","San Juan","10,1","116"
"2020","2","San Juan","12,3","4.847"
"2020","2","San Juan","20,5","18"
"2020","2","San Juan","25,1","32"
"2020","2","San Juan","50,1","80"
"2020","2","San Juan","100,1","47"
"2020","2","San Luis","4","2"
"2020","2","San Luis","6","104"
"2020","2","San Luis","9","149"
"2020","2","San Luis","10","3.428"
"2020","2","San Luis","1,2","386"
"2020","2","San Luis","2,2","664"
"2020","2","San Luis","0,26","35.992"
"2020","2","San Luis","31","5"
"2020","2","San Luis","3,2","844"
"2020","2","San Luis","4,5","409"
"2020","2","San Luis","47","3"
"2020","2","San Luis","0,51","57"
"2020","2","San Luis","6,4","9.030"
"2020","2","San Luis","0,75","48"
"2020","2","San Luis","10,1","8"
"2020","2","San Luis","12,3","1.927"
"2020","2","San Luis","20,5","7"
"2020","2","San Luis","25,1","60.886"
"2020","2","San Luis","100,1","3"
"2020","2","Santa Cruz","6","2.452"
"2020","2","Santa Cruz","9","1"
"2020","2","Santa Cruz","10","166"
"2020","2","Santa Cruz","1,2","5.415"
"2020","2","Santa Cruz","14","1.775"
"2020","2","Santa Cruz","16","1.131"
"2020","2","Santa Cruz","19","110"
"2020","2","Santa Cruz","2,2","1.674"
"2020","2","Santa Cruz","25","372"
"2020","2","Santa Cruz","0,26","493"
"2020","2","Santa Cruz","31","24"
"2020","2","Santa Cruz","3,2","6.084"
"2020","2","Santa Cruz","36","19"
"2020","2","Santa Cruz","0,38","3"
"2020","2","Santa Cruz","41","7"
"2020","2","Santa Cruz","4,5","61"
"2020","2","Santa Cruz","0,51","24"
"2020","2","Santa Cruz","6,4","11.252"
"2020","2","Santa Cruz","0,75","39"
"2020","2","Santa Cruz","77","2"
"2020","2","Santa Cruz","10,1","3.999"
"2020","2","Santa Cruz","12,3","3.456"
"2020","2","Santa Cruz","20,5","69"
"2020","2","Santa Cruz","25,1","150"
"2020","2","Santa Cruz","50,1","80"
"2020","2","Santa Cruz","100,1","11"
"2020","2","Santa Fe","2","334"
"2020","2","Santa Fe","4","57"
"2020","2","Santa Fe","6","26.761"
"2020","2","Santa Fe","9","7.217"
"2020","2","Santa Fe","10","677"
"2020","2","Santa Fe","1,2","17.111"
"2020","2","Santa Fe","16","13.578"
"2020","2","Santa Fe","17","139"
"2020","2","Santa Fe","19","7.392"
"2020","2","Santa Fe","2,2","8.837"
"2020","2","Santa Fe","0,26","20.193"
"2020","2","Santa Fe","31","18.101"
"2020","2","Santa Fe","3,2","56.682"
"2020","2","Santa Fe","36","3"
"2020","2","Santa Fe","0,38","51"
"2020","2","Santa Fe","39","2"
"2020","2","Santa Fe","41","10"
"2020","2","Santa Fe","4,5","5.830"
"2020","2","Santa Fe","46","137"
"2020","2","Santa Fe","0,51","321"
"2020","2","Santa Fe","61","2"
"2020","2","Santa Fe","6,4","99.503"
"2020","2","Santa Fe","7,5","3.144"
"2020","2","Santa Fe","0,75","196"
"2020","2","Santa Fe","97","1"
"2020","2","Santa Fe","10,1","187.734"
"2020","2","Santa Fe","122","1"
"2020","2","Santa Fe","12,3","32.297"
"2020","2","Santa Fe","155","511"
"2020","2","Santa Fe","20,5","43.169"
"2020","2","Santa Fe","25,1","39.143"
"2020","2","Santa Fe","320","2.548"
"2020","2","Santa Fe","473","1"
"2020","2","Santa Fe","50,1","148.016"
"2020","2","Santa Fe","512","54"
"2020","2","Santa Fe","768","1"
"2020","2","Santa Fe","100,1","38.178"
"2020","2","Santiago Del Estero","1","908"
"2020","2","Santiago Del Estero","2","307"
"2020","2","Santiago Del Estero","6","1"
"2020","2","Santiago Del Estero","1,2","1.869"
"2020","2","Santiago Del Estero","16","726"
"2020","2","Santiago Del Estero","2,2","1.804"
"2020","2","Santiago Del Estero","0,26","4.516"
"2020","2","Santiago Del Estero","31","247"
"2020","2","Santiago Del Estero","3,2","10.843"
"2020","2","Santiago Del Estero","41","30"
"2020","2","Santiago Del Estero","4,5","693"
"2020","2","Santiago Del Estero","0,51","39"
"2020","2","Santiago Del Estero","6,4","17.911"
"2020","2","Santiago Del Estero","7,5","879"
"2020","2","Santiago Del Estero","0,75","94"
"2020","2","Santiago Del Estero","10,1","56.830"
"2020","2","Santiago Del Estero","12,3","2.512"
"2020","2","Santiago Del Estero","20,5","1.940"
"2020","2","Santiago Del Estero","320","16"
"2020","2","Santiago Del Estero","50,1","1.890"
"2020","2","Santiago Del Estero","100,1","1.392"
"2020","2","Tierra Del Fuego","6","262"
"2020","2","Tierra Del Fuego","9","3.824"
"2020","2","Tierra Del Fuego","1,2","102"
"2020","2","Tierra Del Fuego","16","160"
"2020","2","Tierra Del Fuego","19","51"
"2020","2","Tierra Del Fuego","0,26","7.446"
"2020","2","Tierra Del Fuego","31","44"
"2020","2","Tierra Del Fuego","3,2","631"
"2020","2","Tierra Del Fuego","4,5","2.533"
"2020","2","Tierra Del Fuego","0,51","6"
"2020","2","Tierra Del Fuego","6,4","18.797"
"2020","2","Tierra Del Fuego","0,75","5"
"2020","2","Tierra Del Fuego","10,1","1.362"
"2020","2","Tierra Del Fuego","12,3","2.749"
"2020","2","Tierra Del Fuego","20,5","74"
"2020","2","Tierra Del Fuego","25,1","347"
"2020","2","Tierra Del Fuego","50,1","796"
"2020","2","Tucumán","4","2.890"
"2020","2","Tucumán","6","185"
"2020","2","Tucumán","9","165"
"2020","2","Tucumán","10","8"
"2020","2","Tucumán","12","2"
"2020","2","Tucumán","1,2","3.509"
"2020","2","Tucumán","16","2.663"
"2020","2","Tucumán","2,2","28"
"2020","2","Tucumán","0,26","2.635"
"2020","2","Tucumán","31","2.246"
"2020","2","Tucumán","3,2","10.697"
"2020","2","Tucumán","36","1"
"2020","2","Tucumán","4,5","18"
"2020","2","Tucumán","0,51","16"
"2020","2","Tucumán","6,4","31.798"
"2020","2","Tucumán","7,5","143"
"2020","2","Tucumán","0,75","36"
"2020","2","Tucumán","86","1"
"2020","2","Tucumán","10,1","54.221"
"2020","2","Tucumán","12,3","340"
"2020","2","Tucumán","20,5","31.179"
"2020","2","Tucumán","320","1.179"
"2020","2","Tucumán","50,1","44.288"
"2020","2","Tucumán","512","99"
"2020","2","Tucumán","100,1","28.809"
"2020","1","Buenos Aires","1","27.537"
"2020","1","Buenos Aires","2","60"
"2020","1","Buenos Aires","4","52.219"
"2020","1","Buenos Aires","6","36.030"
"2020","1","Buenos Aires","9","17.585"
"2020","1","Buenos Aires","10","493"
"2020","1","Buenos Aires","12","4"
"2020","1","Buenos Aires","1,2","33.467"
"2020","1","Buenos Aires","14","2"
"2020","1","Buenos Aires","15","24"
"2020","1","Buenos Aires","16","16.699"
"2020","1","Buenos Aires","17","109"
"2020","1","Buenos Aires","19","71.327"
"2020","1","Buenos Aires","22","1"
"2020","1","Buenos Aires","2,2","22.621"
"2020","1","Buenos Aires","23","1"
"2020","1","Buenos Aires","25","29"
"2020","1","Buenos Aires","0,26","28.935"
"2020","1","Buenos Aires","30","917"
"2020","1","Buenos Aires","31","16.015"
"2020","1","Buenos Aires","3,2","87.388"
"2020","1","Buenos Aires","36","1"
"2020","1","Buenos Aires","0,38","17"
"2020","1","Buenos Aires","41","671"
"2020","1","Buenos Aires","4,5","18.799"
"2020","1","Buenos Aires","50","1"
"2020","1","Buenos Aires","0,51","37.589"
"2020","1","Buenos Aires","61","25"
"2020","1","Buenos Aires","6,4","880.715"
"2020","1","Buenos Aires","71","3"
"2020","1","Buenos Aires","7,5","2.345"
"2020","1","Buenos Aires","0,75","609"
"2020","1","Buenos Aires","81","3"
"2020","1","Buenos Aires","10,1","215.998"
"2020","1","Buenos Aires","122","6"
"2020","1","Buenos Aires","12,3","57.488"
"2020","1","Buenos Aires","155","14"
"2020","1","Buenos Aires","164","1"
"2020","1","Buenos Aires","203","91"
"2020","1","Buenos Aires","20,5","102.324"
"2020","1","Buenos Aires","25,1","188.851"
"2020","1","Buenos Aires","256","1"
"2020","1","Buenos Aires","320","72.643"
"2020","1","Buenos Aires","384","380"
"2020","1","Buenos Aires","450","1"
"2020","1","Buenos Aires","50,1","955.468"
"2020","1","Buenos Aires","512","563"
"2020","1","Buenos Aires","100,1","771.040"
"2020","1","Buenos Aires","1024","1.637"
"2020","1","CABA","1","15"
"2020","1","CABA","4","70"
"2020","1","CABA","6","1.992"
"2020","1","CABA","9","21"
"2020","1","CABA","10","3"
"2020","1","CABA","12","5"
"2020","1","CABA","1,2","6.136"
"2020","1","CABA","16","4.223"
"2020","1","CABA","17","5"
"2020","1","CABA","19","53.035"
"2020","1","CABA","22","1"
"2020","1","CABA","2,2","412"
"2020","1","CABA","31","13.411"
"2020","1","CABA","3,2","9.428"
"2020","1","CABA","35","1"
"2020","1","CABA","36","9"
"2020","1","CABA","0,38","30"
"2020","1","CABA","41","120"
"2020","1","CABA","4,5","1.539"
"2020","1","CABA","46","1"
"2020","1","CABA","0,51","75"
"2020","1","CABA","56","1"
"2020","1","CABA","61","16"
"2020","1","CABA","6,4","150.371"
"2020","1","CABA","67","1"
"2020","1","CABA","71","3"
"2020","1","CABA","7,5","13"
"2020","1","CABA","0,75","159"
"2020","1","CABA","81","7"
"2020","1","CABA","10,1","102.217"
"2020","1","CABA","120","1"
"2020","1","CABA","122","5"
"2020","1","CABA","12,3","14.392"
"2020","1","CABA","126","3"
"2020","1","CABA","155","6.335"
"2020","1","CABA","164","5"
"2020","1","CABA","203","2.587"
"2020","1","CABA","20,5","18.005"
"2020","1","CABA","225","1"
"2020","1","CABA","234","1"
"2020","1","CABA","25,1","72.493"
"2020","1","CABA","256","1.399"
"2020","1","CABA","300","1"
"2020","1","CABA","320","43.373"
"2020","1","CABA","330","2"
"2020","1","CABA","450","2"
"2020","1","CABA","50,1","546.547"
"2020","1","CABA","512","155"
"2020","1","CABA","768","1"
"2020","1","CABA","850","1"
"2020","1","CABA","100,1","304.359"
"2020","1","CABA","1024","1.066"
"2020","1","Catamarca","10","46"
"2020","1","Catamarca","1,2","782"
"2020","1","Catamarca","16","686"
"2020","1","Catamarca","2,2","263"
"2020","1","Catamarca","25","208"
"2020","1","Catamarca","0,26","2.151"
"2020","1","Catamarca","31","200"
"2020","1","Catamarca","3,2","2.451"
"2020","1","Catamarca","0,51","34"
"2020","1","Catamarca","6,4","5.342"
"2020","1","Catamarca","0,75","29"
"2020","1","Catamarca","10,1","7.497"
"2020","1","Catamarca","12,3","2.017"
"2020","1","Catamarca","20,5","6.855"
"2020","1","Catamarca","320","365"
"2020","1","Catamarca","50,1","6.796"
"2020","1","Catamarca","512","19"
"2020","1","Catamarca","100,1","3.119"
"2020","1","Chaco","4","1.184"
"2020","1","Chaco","0,5","111"
"2020","1","Chaco","6","429"
"2020","1","Chaco","9","288"
"2020","1","Chaco","10","1"
"2020","1","Chaco","1,2","2.634"
"2020","1","Chaco","1,5","25"
"2020","1","Chaco","16","2.064"
"2020","1","Chaco","19","1.090"
"2020","1","Chaco","2,2","688"
"2020","1","Chaco","0,26","6.917"
"2020","1","Chaco","31","7.380"
"2020","1","Chaco","3,2","6.033"
"2020","1","Chaco","4,5","374"
"2020","1","Chaco","46","501"
"2020","1","Chaco","0,51","69"
"2020","1","Chaco","0,63","225"
"2020","1","Chaco","6,4","12.741"
"2020","1","Chaco","7,5","527"
"2020","1","Chaco","0,75","14"
"2020","1","Chaco","10,1","19.160"
"2020","1","Chaco","12,3","20.277"
"2020","1","Chaco","20,5","6.420"
"2020","1","Chaco","25,1","3.036"
"2020","1","Chaco","320","860"
"2020","1","Chaco","50,1","21.733"
"2020","1","Chaco","512","10"
"2020","1","Chaco","100,1","5.435"
"2020","1","Chubut","1","4"
"2020","1","Chubut","4","73"
"2020","1","Chubut","6","328"
"2020","1","Chubut","9","189"
"2020","1","Chubut","10","2.995"
"2020","1","Chubut","1,2","931"
"2020","1","Chubut","16","896"
"2020","1","Chubut","2,2","5.749"
"2020","1","Chubut","0,26","4.500"
"2020","1","Chubut","3,2","4.603"
"2020","1","Chubut","0,38","8"
"2020","1","Chubut","4,5","1.107"
"2020","1","Chubut","0,51","66"
"2020","1","Chubut","6,4","56.900"
"2020","1","Chubut","0,75","84"
"2020","1","Chubut","10,1","9.773"
"2020","1","Chubut","12,3","6.859"
"2020","1","Chubut","20,5","1"
"2020","1","Chubut","25,1","1.240"
"2020","1","Chubut","50,1","613"
"2020","1","Chubut","100,1","1"
"2020","1","Córdoba","4","5.244"
"2020","1","Córdoba","6","10.739"
"2020","1","Córdoba","9","3.655"
"2020","1","Córdoba","10","1.827"
"2020","1","Córdoba","11","1"
"2020","1","Córdoba","12","1"
"2020","1","Córdoba","1,2","18.717"
"2020","1","Córdoba","15","7"
"2020","1","Córdoba","16","17.324"
"2020","1","Córdoba","17","17"
"2020","1","Córdoba","19","17.223"
"2020","1","Córdoba","2,2","13.407"
"2020","1","Córdoba","25","2"
"2020","1","Córdoba","2,5","27"
"2020","1","Córdoba","0,26","9.802"
"2020","1","Córdoba","31","11.283"
"2020","1","Córdoba","3,2","56.128"
"2020","1","Córdoba","36","2"
"2020","1","Córdoba","0,38","2"
"2020","1","Córdoba","41","52"
"2020","1","Córdoba","4,5","12.410"
"2020","1","Córdoba","0,51","81"
"2020","1","Córdoba","61","7"
"2020","1","Córdoba","6,4","104.527"
"2020","1","Córdoba","6,7","1.158"
"2020","1","Córdoba","71","2"
"2020","1","Córdoba","7,5","4.121"
"2020","1","Córdoba","0,75","59"
"2020","1","Córdoba","77","1"
"2020","1","Córdoba","10,1","110.585"
"2020","1","Córdoba","12,3","19.893"
"2020","1","Córdoba","145","1"
"2020","1","Córdoba","155","16"
"2020","1","Córdoba","203","22"
"2020","1","Córdoba","20,5","41.361"
"2020","1","Córdoba","234","1"
"2020","1","Córdoba","25,1","54.456"
"2020","1","Córdoba","320","3.998"
"2020","1","Córdoba","50,1","251.976"
"2020","1","Córdoba","512","443"
"2020","1","Córdoba","768","1"
"2020","1","Córdoba","900","1"
"2020","1","Córdoba","100,1","40.343"
"2020","1","Córdoba","1024","1"
"2020","1","Corrientes","6","1.384"
"2020","1","Corrientes","9","515"
"2020","1","Corrientes","1,2","6.222"
"2020","1","Corrientes","16","2.024"
"2020","1","Corrientes","19","993"
"2020","1","Corrientes","2,2","710"
"2020","1","Corrientes","0,26","4.780"
"2020","1","Corrientes","31","5.065"
"2020","1","Corrientes","3,2","9.778"
"2020","1","Corrientes","4,5","968"
"2020","1","Corrientes","46","641"
"2020","1","Corrientes","0,51","10"
"2020","1","Corrientes","6,4","14.944"
"2020","1","Corrientes","0,75","62"
"2020","1","Corrientes","10,1","20.867"
"2020","1","Corrientes","12,3","18.545"
"2020","1","Corrientes","20,5","5.117"
"2020","1","Corrientes","25,1","2.286"
"2020","1","Corrientes","320","563"
"2020","1","Corrientes","50,1","14.373"
"2020","1","Corrientes","100,1","3.890"
"2020","1","Entre Ríos","4","2.188"
"2020","1","Entre Ríos","6","2.806"
"2020","1","Entre Ríos","9","844"
"2020","1","Entre Ríos","1,2","8.133"
"2020","1","Entre Ríos","16","4.589"
"2020","1","Entre Ríos","19","2.887"
"2020","1","Entre Ríos","2,2","4.176"
"2020","1","Entre Ríos","0,26","13.762"
"2020","1","Entre Ríos","31","7.146"
"2020","1","Entre Ríos","3,2","18.492"
"2020","1","Entre Ríos","0,38","1"
"2020","1","Entre Ríos","4,5","1.381"
"2020","1","Entre Ríos","46","389"
"2020","1","Entre Ríos","0,51","18"
"2020","1","Entre Ríos","6,4","39.185"
"2020","1","Entre Ríos","7,5","2.163"
"2020","1","Entre Ríos","0,75","111"
"2020","1","Entre Ríos","10,1","44.125"
"2020","1","Entre Ríos","12,3","29.321"
"2020","1","Entre Ríos","126","1"
"2020","1","Entre Ríos","155","1"
"2020","1","Entre Ríos","20,5","4.328"
"2020","1","Entre Ríos","25,1","4.842"
"2020","1","Entre Ríos","320","509"
"2020","1","Entre Ríos","50,1","32.630"
"2020","1","Entre Ríos","100,1","6.264"
"2020","1","Formosa","1","191"
"2020","1","Formosa","4","22"
"2020","1","Formosa","6","1.360"
"2020","1","Formosa","1,2","1.965"
"2020","1","Formosa","16","596"
"2020","1","Formosa","19","823"
"2020","1","Formosa","2,2","1.469"
"2020","1","Formosa","0,26","100"
"2020","1","Formosa","31","393"
"2020","1","Formosa","3,2","10.171"
"2020","1","Formosa","4,5","2.977"
"2020","1","Formosa","0,51","1.110"
"2020","1","Formosa","6,4","5.948"
"2020","1","Formosa","7,5","2"
"2020","1","Formosa","0,75","17"
"2020","1","Formosa","10,1","6.498"
"2020","1","Formosa","12,3","221"
"2020","1","Formosa","20,5","4.924"
"2020","1","Formosa","25,1","571"
"2020","1","Formosa","320","18"
"2020","1","Formosa","50,1","5.542"
"2020","1","Formosa","100,1","1.358"
"2020","1","Jujuy","6","809"
"2020","1","Jujuy","1,2","7.146"
"2020","1","Jujuy","16","703"
"2020","1","Jujuy","19","4"
"2020","1","Jujuy","2,2","5.604"
"2020","1","Jujuy","0,26","16.545"
"2020","1","Jujuy","31","158"
"2020","1","Jujuy","3,2","7.914"
"2020","1","Jujuy","45","1"
"2020","1","Jujuy","4,5","2.396"
"2020","1","Jujuy","0,51","27"
"2020","1","Jujuy","6,4","9.433"
"2020","1","Jujuy","68","1"
"2020","1","Jujuy","0,75","28"
"2020","1","Jujuy","10,1","9.979"
"2020","1","Jujuy","12,3","22.759"
"2020","1","Jujuy","155","1"
"2020","1","Jujuy","20,5","3.227"
"2020","1","Jujuy","25,1","8"
"2020","1","Jujuy","320","26"
"2020","1","Jujuy","50,1","4.315"
"2020","1","Jujuy","512","18"
"2020","1","Jujuy","100,1","2.987"
"2020","1","La Pampa","1","313"
"2020","1","La Pampa","6","1.401"
"2020","1","La Pampa","9","1"
"2020","1","La Pampa","1,2","2.897"
"2020","1","La Pampa","16","2.211"
"2020","1","La Pampa","19","4"
"2020","1","La Pampa","2,2","5.978"
"2020","1","La Pampa","0,26","1.618"
"2020","1","La Pampa","31","992"
"2020","1","La Pampa","3,2","9.074"
"2020","1","La Pampa","36","1"
"2020","1","La Pampa","0,38","1"
"2020","1","La Pampa","4,5","3.508"
"2020","1","La Pampa","0,51","236"
"2020","1","La Pampa","55","2"
"2020","1","La Pampa","61","1"
"2020","1","La Pampa","6,4","50.380"
"2020","1","La Pampa","7,5","6"
"2020","1","La Pampa","0,75","56"
"2020","1","La Pampa","81","1"
"2020","1","La Pampa","85","2"
"2020","1","La Pampa","95","1"
"2020","1","La Pampa","10,1","7.192"
"2020","1","La Pampa","122","5"
"2020","1","La Pampa","12,3","66"
"2020","1","La Pampa","126","2"
"2020","1","La Pampa","150","2"
"2020","1","La Pampa","155","64"
"2020","1","La Pampa","20,5","748"
"2020","1","La Pampa","25,1","350"
"2020","1","La Pampa","50,1","2.030"
"2020","1","La Pampa","100,1","2"
"2020","1","La Rioja","4","31.589"
"2020","1","La Rioja","1,2","641"
"2020","1","La Rioja","16","4.150"
"2020","1","La Rioja","31","22"
"2020","1","La Rioja","3,2","1.280"
"2020","1","La Rioja","0,51","9"
"2020","1","La Rioja","6,4","3.700"
"2020","1","La Rioja","0,75","12"
"2020","1","La Rioja","10,1","5.158"
"2020","1","La Rioja","20,5","490"
"2020","1","La Rioja","50,1","120"
"2020","1","La Rioja","100,1","1.174"
"2020","1","Mendoza","1","9"
"2020","1","Mendoza","4","14"
"2020","1","Mendoza","6","3"
"2020","1","Mendoza","9","876"
"2020","1","Mendoza","10","10.897"
"2020","1","Mendoza","1,2","1.696"
"2020","1","Mendoza","16","1.078"
"2020","1","Mendoza","2,2","2.071"
"2020","1","Mendoza","25","479"
"2020","1","Mendoza","31","2.386"
"2020","1","Mendoza","3,2","5.113"
"2020","1","Mendoza","0,38","1"
"2020","1","Mendoza","4,5","335"
"2020","1","Mendoza","0,51","20"
"2020","1","Mendoza","6,4","131.209"
"2020","1","Mendoza","0,75","37"
"2020","1","Mendoza","77","75"
"2020","1","Mendoza","10,1","512"
"2020","1","Mendoza","12,3","13.624"
"2020","1","Mendoza","20,5","2.787"
"2020","1","Mendoza","25,1","5"
"2020","1","Mendoza","320","75"
"2020","1","Mendoza","50,1","2.978"
"2020","1","Mendoza","512","25"
"2020","1","Mendoza","100,1","655"
"2020","1","Misiones","6","1.509"
"2020","1","Misiones","9","5"
"2020","1","Misiones","1,2","3.342"
"2020","1","Misiones","16","2.368"
"2020","1","Misiones","19","1.134"
"2020","1","Misiones","2,2","470"
"2020","1","Misiones","0,26","10.885"
"2020","1","Misiones","31","8.632"
"2020","1","Misiones","3,2","14.080"
"2020","1","Misiones","4,5","449"
"2020","1","Misiones","46","124"
"2020","1","Misiones","0,51","47"
"2020","1","Misiones","6,4","17.296"
"2020","1","Misiones","7,5","1"
"2020","1","Misiones","0,75","24"
"2020","1","Misiones","10,1","21.265"
"2020","1","Misiones","12,3","17.707"
"2020","1","Misiones","20,5","5.224"
"2020","1","Misiones","25,1","2.949"
"2020","1","Misiones","320","445"
"2020","1","Misiones","50,1","21.426"
"2020","1","Misiones","100,1","4.318"
"2020","1","Neuquén","1","1"
"2020","1","Neuquén","4","6.938"
"2020","1","Neuquén","6","8.529"
"2020","1","Neuquén","9","2.899"
"2020","1","Neuquén","1,2","806"
"2020","1","Neuquén","16","141"
"2020","1","Neuquén","19","3.237"
"2020","1","Neuquén","2,2","2.832"
"2020","1","Neuquén","31","178"
"2020","1","Neuquén","3,2","9.236"
"2020","1","Neuquén","4,5","222"
"2020","1","Neuquén","0,51","45"
"2020","1","Neuquén","6,4","31.915"
"2020","1","Neuquén","7,5","181"
"2020","1","Neuquén","0,75","173"
"2020","1","Neuquén","10,1","2.177"
"2020","1","Neuquén","12,3","3.356"
"2020","1","Neuquén","20,5","389"
"2020","1","Neuquén","25,1","5.229"
"2020","1","Neuquén","320","1.012"
"2020","1","Neuquén","50,1","35.321"
"2020","1","Neuquén","100,1","7.397"
"2020","1","Río Negro","4","283"
"2020","1","Río Negro","6","5.555"
"2020","1","Río Negro","9","232"
"2020","1","Río Negro","10","51"
"2020","1","Río Negro","1,2","1.158"
"2020","1","Río Negro","16","22"
"2020","1","Río Negro","19","2.341"
"2020","1","Río Negro","2,2","4.103"
"2020","1","Río Negro","0,26","17.719"
"2020","1","Río Negro","31","113"
"2020","1","Río Negro","3,2","7.548"
"2020","1","Río Negro","41","11"
"2020","1","Río Negro","4,5","869"
"2020","1","Río Negro","0,51","47"
"2020","1","Río Negro","6,4","50.104"
"2020","1","Río Negro","0,75","67"
"2020","1","Río Negro","10,1","2.647"
"2020","1","Río Negro","12,3","1.054"
"2020","1","Río Negro","155","1"
"2020","1","Río Negro","20,5","4.440"
"2020","1","Río Negro","25,1","3.113"
"2020","1","Río Negro","320","32"
"2020","1","Río Negro","50,1","21.784"
"2020","1","Río Negro","100,1","3.633"
"2020","1","Salta","1","1"
"2020","1","Salta","4","1"
"2020","1","Salta","6","311"
"2020","1","Salta","9","41"
"2020","1","Salta","1,2","2.714"
"2020","1","Salta","16","2.802"
"2020","1","Salta","19","63"
"2020","1","Salta","2,2","806"
"2020","1","Salta","0,26","6.441"
"2020","1","Salta","31","758"
"2020","1","Salta","3,2","12.206"
"2020","1","Salta","4,5","4.018"
"2020","1","Salta","0,51","49"
"2020","1","Salta","6,4","18.994"
"2020","1","Salta","0,75","80"
"2020","1","Salta","10,1","63.673"
"2020","1","Salta","12,3","3.239"
"2020","1","Salta","20,5","11.887"
"2020","1","Salta","25,1","7.867"
"2020","1","Salta","320","273"
"2020","1","Salta","50,1","27.702"
"2020","1","Salta","512","66"
"2020","1","Salta","100,1","6.703"
"2020","1","San Juan","1","1"
"2020","1","San Juan","6","36"
"2020","1","San Juan","10","1.483"
"2020","1","San Juan","1,2","696"
"2020","1","San Juan","16","43"
"2020","1","San Juan","2,2","815"
"2020","1","San Juan","0,26","4.779"
"2020","1","San Juan","31","8"
"2020","1","San Juan","3,2","3.908"
"2020","1","San Juan","4,5","265"
"2020","1","San Juan","0,51","22"
"2020","1","San Juan","6,4","54.260"
"2020","1","San Juan","0,75","26"
"2020","1","San Juan","10,1","111"
"2020","1","San Juan","12,3","1.234"
"2020","1","San Juan","20,5","15"
"2020","1","San Juan","25,1","32"
"2020","1","San Juan","50,1","80"
"2020","1","San Juan","100,1","47"
"2020","1","San Luis","4","2"
"2020","1","San Luis","6","4"
"2020","1","San Luis","9","149"
"2020","1","San Luis","10","4.007"
"2020","1","San Luis","1,2","386"
"2020","1","San Luis","2,2","564"
"2020","1","San Luis","0,26","36.075"
"2020","1","San Luis","31","5"
"2020","1","San Luis","3,2","839"
"2020","1","San Luis","4,5","310"
"2020","1","San Luis","0,51","57"
"2020","1","San Luis","6,4","9.217"
"2020","1","San Luis","0,75","48"
"2020","1","San Luis","10,1","8"
"2020","1","San Luis","12,3","518"
"2020","1","San Luis","20,5","7"
"2020","1","San Luis","25,1","58.255"
"2020","1","San Luis","100,1","3"
"2020","1","Santa Cruz","6","2.364"
"2020","1","Santa Cruz","9","1"
"2020","1","Santa Cruz","10","314"
"2020","1","Santa Cruz","1,2","5.414"
"2020","1","Santa Cruz","14","1.775"
"2020","1","Santa Cruz","16","1.091"
"2020","1","Santa Cruz","19","110"
"2020","1","Santa Cruz","2,2","1.973"
"2020","1","Santa Cruz","25","372"
"2020","1","Santa Cruz","31","7"
"2020","1","Santa Cruz","3,2","6.146"
"2020","1","Santa Cruz","36","19"
"2020","1","Santa Cruz","0,38","3"
"2020","1","Santa Cruz","41","7"
"2020","1","Santa Cruz","0,51","25"
"2020","1","Santa Cruz","6,4","11.561"
"2020","1","Santa Cruz","0,75","39"
"2020","1","Santa Cruz","77","2"
"2020","1","Santa Cruz","10,1","4.678"
"2020","1","Santa Cruz","12,3","2.124"
"2020","1","Santa Cruz","20,5","69"
"2020","1","Santa Cruz","25,1","150"
"2020","1","Santa Cruz","50,1","80"
"2020","1","Santa Cruz","100,1","11"
"2020","1","Santa Fe","2","388"
"2020","1","Santa Fe","4","57"
"2020","1","Santa Fe","6","21.604"
"2020","1","Santa Fe","9","7.167"
"2020","1","Santa Fe","10","1.853"
"2020","1","Santa Fe","1,2","18.011"
"2020","1","Santa Fe","16","14.382"
"2020","1","Santa Fe","17","139"
"2020","1","Santa Fe","19","8.389"
"2020","1","Santa Fe","2,2","8.778"
"2020","1","Santa Fe","0,26","17.656"
"2020","1","Santa Fe","31","7.684"
"2020","1","Santa Fe","3,2","57.323"
"2020","1","Santa Fe","36","3"
"2020","1","Santa Fe","0,38","102"
"2020","1","Santa Fe","41","3"
"2020","1","Santa Fe","4,5","5.739"
"2020","1","Santa Fe","46","529"
"2020","1","Santa Fe","0,51","321"
"2020","1","Santa Fe","61","2"
"2020","1","Santa Fe","6,4","108.647"
"2020","1","Santa Fe","7,5","2.898"
"2020","1","Santa Fe","0,75","273"
"2020","1","Santa Fe","97","1"
"2020","1","Santa Fe","10,1","184.908"
"2020","1","Santa Fe","122","1"
"2020","1","Santa Fe","12,3","39.899"
"2020","1","Santa Fe","155","511"
"2020","1","Santa Fe","20,5","41.751"
"2020","1","Santa Fe","25,1","40.772"
"2020","1","Santa Fe","320","1.784"
"2020","1","Santa Fe","473","1"
"2020","1","Santa Fe","50,1","138.333"
"2020","1","Santa Fe","512","44"
"2020","1","Santa Fe","768","1"
"2020","1","Santa Fe","100,1","32.602"
"2020","1","Santiago Del Estero","1","908"
"2020","1","Santiago Del Estero","2","307"
"2020","1","Santiago Del Estero","6","4"
"2020","1","Santiago Del Estero","1,2","1.646"
"2020","1","Santiago Del Estero","16","773"
"2020","1","Santiago Del Estero","2,2","1.050"
"2020","1","Santiago Del Estero","0,26","4.501"
"2020","1","Santiago Del Estero","31","135"
"2020","1","Santiago Del Estero","3,2","12.951"
"2020","1","Santiago Del Estero","41","12"
"2020","1","Santiago Del Estero","4,5","693"
"2020","1","Santiago Del Estero","0,51","39"
"2020","1","Santiago Del Estero","6,4","17.306"
"2020","1","Santiago Del Estero","7,5","852"
"2020","1","Santiago Del Estero","0,75","94"
"2020","1","Santiago Del Estero","10,1","56.032"
"2020","1","Santiago Del Estero","12,3","1.224"
"2020","1","Santiago Del Estero","20,5","1.740"
"2020","1","Santiago Del Estero","50,1","1.517"
"2020","1","Santiago Del Estero","512","1"
"2020","1","Santiago Del Estero","100,1","1.269"
"2020","1","Tierra Del Fuego","4","1"
"2020","1","Tierra Del Fuego","6","215"
"2020","1","Tierra Del Fuego","9","3.769"
"2020","1","Tierra Del Fuego","10","15"
"2020","1","Tierra Del Fuego","1,2","104"
"2020","1","Tierra Del Fuego","16","161"
"2020","1","Tierra Del Fuego","19","59"
"2020","1","Tierra Del Fuego","0,26","7.046"
"2020","1","Tierra Del Fuego","31","24"
"2020","1","Tierra Del Fuego","3,2","736"
"2020","1","Tierra Del Fuego","4,5","2.669"
"2020","1","Tierra Del Fuego","0,51","6"
"2020","1","Tierra Del Fuego","6,4","19.252"
"2020","1","Tierra Del Fuego","0,75","5"
"2020","1","Tierra Del Fuego","10,1","1.240"
"2020","1","Tierra Del Fuego","12,3","1.559"
"2020","1","Tierra Del Fuego","20,5","55"
"2020","1","Tierra Del Fuego","25,1","172"
"2020","1","Tierra Del Fuego","50,1","518"
"2020","1","Tucumán","4","2.890"
"2020","1","Tucumán","6","154"
"2020","1","Tucumán","9","165"
"2020","1","Tucumán","10","8"
"2020","1","Tucumán","12","2"
"2020","1","Tucumán","1,2","3.747"
"2020","1","Tucumán","16","2.646"
"2020","1","Tucumán","2,2","28"
"2020","1","Tucumán","31","1.730"
"2020","1","Tucumán","3,2","10.824"
"2020","1","Tucumán","36","1"
"2020","1","Tucumán","4,5","1"
"2020","1","Tucumán","0,51","16"
"2020","1","Tucumán","6,4","32.008"
"2020","1","Tucumán","7,5","143"
"2020","1","Tucumán","0,75","36"
"2020","1","Tucumán","86","1"
"2020","1","Tucumán","10,1","50.067"
"2020","1","Tucumán","12,3","182"
"2020","1","Tucumán","20,5","28.266"
"2020","1","Tucumán","320","1.092"
"2020","1","Tucumán","50,1","38.947"
"2020","1","Tucumán","512","94"
"2020","1","Tucumán","100,1","27.401"
"2019","4","Buenos Aires","1","27.537"
"2019","4","Buenos Aires","2","60"
"2019","4","Buenos Aires","4","52.219"
"2019","4","Buenos Aires","6","39.989"
"2019","4","Buenos Aires","9","14.692"
"2019","4","Buenos Aires","10","493"
"2019","4","Buenos Aires","12","4"
"2019","4","Buenos Aires","1,2","37.696"
"2019","4","Buenos Aires","14","2"
"2019","4","Buenos Aires","15","24"
"2019","4","Buenos Aires","16","16.657"
"2019","4","Buenos Aires","17","109"
"2019","4","Buenos Aires","19","77.193"
"2019","4","Buenos Aires","22","1"
"2019","4","Buenos Aires","2,2","25.900"
"2019","4","Buenos Aires","23","1"
"2019","4","Buenos Aires","25","9"
"2019","4","Buenos Aires","0,26","20.676"
"2019","4","Buenos Aires","30","917"
"2019","4","Buenos Aires","31","31.827"
"2019","4","Buenos Aires","3,2","92.503"
"2019","4","Buenos Aires","36","1"
"2019","4","Buenos Aires","0,38","17"
"2019","4","Buenos Aires","41","662"
"2019","4","Buenos Aires","4,5","20.252"
"2019","4","Buenos Aires","50","1"
"2019","4","Buenos Aires","0,51","32.863"
"2019","4","Buenos Aires","61","25"
"2019","4","Buenos Aires","6,4","908.827"
"2019","4","Buenos Aires","71","3"
"2019","4","Buenos Aires","7,5","622"
"2019","4","Buenos Aires","0,75","609"
"2019","4","Buenos Aires","81","3"
"2019","4","Buenos Aires","10,1","246.490"
"2019","4","Buenos Aires","122","6"
"2019","4","Buenos Aires","12,3","84.580"
"2019","4","Buenos Aires","155","14"
"2019","4","Buenos Aires","164","1"
"2019","4","Buenos Aires","203","94"
"2019","4","Buenos Aires","20,5","68.537"
"2019","4","Buenos Aires","25,1","419.815"
"2019","4","Buenos Aires","256","1"
"2019","4","Buenos Aires","320","18.482"
"2019","4","Buenos Aires","384","380"
"2019","4","Buenos Aires","450","1"
"2019","4","Buenos Aires","50,1","1.246.405"
"2019","4","Buenos Aires","512","489"
"2019","4","Buenos Aires","100,1","198.331"
"2019","4","Buenos Aires","1024","230"
"2019","4","Buenos Aires","1536","4"
"2019","4","CABA","1","15"
"2019","4","CABA","4","70"
"2019","4","CABA","6","2.000"
"2019","4","CABA","9","21"
"2019","4","CABA","10","3"
"2019","4","CABA","12","5"
"2019","4","CABA","1,2","6.057"
"2019","4","CABA","16","4.808"
"2019","4","CABA","17","5"
"2019","4","CABA","19","57.078"
"2019","4","CABA","22","1"
"2019","4","CABA","2,2","429"
"2019","4","CABA","31","13.686"
"2019","4","CABA","3,2","9.920"
"2019","4","CABA","35","1"
"2019","4","CABA","36","9"
"2019","4","CABA","0,38","30"
"2019","4","CABA","41","118"
"2019","4","CABA","4,5","1.538"
"2019","4","CABA","46","1"
"2019","4","CABA","0,51","118"
"2019","4","CABA","56","1"
"2019","4","CABA","61","16"
"2019","4","CABA","6,4","157.084"
"2019","4","CABA","67","1"
"2019","4","CABA","71","3"
"2019","4","CABA","7,5","13"
"2019","4","CABA","0,75","159"
"2019","4","CABA","81","7"
"2019","4","CABA","10,1","110.181"
"2019","4","CABA","120","1"
"2019","4","CABA","122","5"
"2019","4","CABA","12,3","30.414"
"2019","4","CABA","126","3"
"2019","4","CABA","155","6.333"
"2019","4","CABA","164","5"
"2019","4","CABA","203","2.586"
"2019","4","CABA","20,5","18.542"
"2019","4","CABA","225","1"
"2019","4","CABA","234","1"
"2019","4","CABA","25,1","192.123"
"2019","4","CABA","256","1.399"
"2019","4","CABA","300","1"
"2019","4","CABA","320","22.019"
"2019","4","CABA","330","2"
"2019","4","CABA","450","2"
"2019","4","CABA","50,1","596.830"
"2019","4","CABA","512","151"
"2019","4","CABA","768","1"
"2019","4","CABA","850","1"
"2019","4","CABA","100,1","124.196"
"2019","4","CABA","1024","111"
"2019","4","Catamarca","10","46"
"2019","4","Catamarca","1,2","891"
"2019","4","Catamarca","16","816"
"2019","4","Catamarca","2,2","263"
"2019","4","Catamarca","25","208"
"2019","4","Catamarca","0,26","3.098"
"2019","4","Catamarca","31","596"
"2019","4","Catamarca","3,2","2.685"
"2019","4","Catamarca","0,51","34"
"2019","4","Catamarca","6,4","6.106"
"2019","4","Catamarca","0,75","29"
"2019","4","Catamarca","10,1","7.573"
"2019","4","Catamarca","12,3","2.017"
"2019","4","Catamarca","20,5","6.472"
"2019","4","Catamarca","320","233"
"2019","4","Catamarca","50,1","4.698"
"2019","4","Catamarca","512","14"
"2019","4","Catamarca","100,1","2.532"
"2019","4","Chaco","4","1.184"
"2019","4","Chaco","6","13"
"2019","4","Chaco","10","1"
"2019","4","Chaco","1,2","2.894"
"2019","4","Chaco","16","2.429"
"2019","4","Chaco","19","1.203"
"2019","4","Chaco","2,2","963"
"2019","4","Chaco","0,26","6.988"
"2019","4","Chaco","31","7.323"
"2019","4","Chaco","3,2","6.533"
"2019","4","Chaco","4,5","385"
"2019","4","Chaco","46","501"
"2019","4","Chaco","0,51","69"
"2019","4","Chaco","6,4","13.927"
"2019","4","Chaco","7,5","1"
"2019","4","Chaco","0,75","14"
"2019","4","Chaco","10,1","18.957"
"2019","4","Chaco","12,3","20.878"
"2019","4","Chaco","20,5","6.392"
"2019","4","Chaco","25,1","6.193"
"2019","4","Chaco","320","698"
"2019","4","Chaco","50,1","15.819"
"2019","4","Chaco","512","4"
"2019","4","Chaco","100,1","4.534"
"2019","4","Chubut","1","4"
"2019","4","Chubut","4","73"
"2019","4","Chubut","6","328"
"2019","4","Chubut","9","189"
"2019","4","Chubut","10","2.995"
"2019","4","Chubut","1,2","929"
"2019","4","Chubut","16","896"
"2019","4","Chubut","2,2","7.729"
"2019","4","Chubut","0,26","4.121"
"2019","4","Chubut","3,2","5.601"
"2019","4","Chubut","0,38","8"
"2019","4","Chubut","4,5","1.107"
"2019","4","Chubut","0,51","66"
"2019","4","Chubut","6,4","53.638"
"2019","4","Chubut","0,75","84"
"2019","4","Chubut","10,1","9.761"
"2019","4","Chubut","12,3","6.718"
"2019","4","Chubut","20,5","1"
"2019","4","Chubut","25,1","1.240"
"2019","4","Chubut","50,1","613"
"2019","4","Chubut","100,1","1"
"2019","4","Córdoba","4","5.244"
"2019","4","Córdoba","6","15.910"
"2019","4","Córdoba","9","3.656"
"2019","4","Córdoba","10","1.827"
"2019","4","Córdoba","11","1"
"2019","4","Córdoba","12","1"
"2019","4","Córdoba","1,2","19.943"
"2019","4","Córdoba","15","7"
"2019","4","Córdoba","16","18.342"
"2019","4","Córdoba","17","17"
"2019","4","Córdoba","19","19.311"
"2019","4","Córdoba","2,2","11.049"
"2019","4","Córdoba","2,5","27"
"2019","4","Córdoba","0,26","10.350"
"2019","4","Córdoba","31","12.439"
"2019","4","Córdoba","3,2","57.783"
"2019","4","Córdoba","36","2"
"2019","4","Córdoba","0,38","2"
"2019","4","Córdoba","41","52"
"2019","4","Córdoba","4,5","13.512"
"2019","4","Córdoba","0,51","81"
"2019","4","Córdoba","61","2"
"2019","4","Córdoba","6,4","109.313"
"2019","4","Córdoba","71","2"
"2019","4","Córdoba","7,5","4.121"
"2019","4","Córdoba","0,75","59"
"2019","4","Córdoba","77","1"
"2019","4","Córdoba","81","6"
"2019","4","Córdoba","10,1","108.628"
"2019","4","Córdoba","12,3","31.005"
"2019","4","Córdoba","145","1"
"2019","4","Córdoba","155","16"
"2019","4","Córdoba","203","18"
"2019","4","Córdoba","20,5","40.646"
"2019","4","Córdoba","234","1"
"2019","4","Córdoba","25,1","101.672"
"2019","4","Córdoba","320","3.399"
"2019","4","Córdoba","50,1","180.882"
"2019","4","Córdoba","512","284"
"2019","4","Córdoba","768","1"
"2019","4","Córdoba","900","1"
"2019","4","Córdoba","100,1","37.071"
"2019","4","Córdoba","1024","3"
"2019","4","Corrientes","6","1.335"
"2019","4","Corrientes","9","309"
"2019","4","Corrientes","1,2","6.157"
"2019","4","Corrientes","16","2.308"
"2019","4","Corrientes","19","1.077"
"2019","4","Corrientes","2,2","710"
"2019","4","Corrientes","0,26","4.995"
"2019","4","Corrientes","31","5.018"
"2019","4","Corrientes","3,2","9.907"
"2019","4","Corrientes","4,5","968"
"2019","4","Corrientes","46","641"
"2019","4","Corrientes","0,51","10"
"2019","4","Corrientes","6,4","15.978"
"2019","4","Corrientes","0,75","62"
"2019","4","Corrientes","10,1","20.311"
"2019","4","Corrientes","12,3","19.006"
"2019","4","Corrientes","20,5","4.976"
"2019","4","Corrientes","25,1","4.963"
"2019","4","Corrientes","320","505"
"2019","4","Corrientes","50,1","10.999"
"2019","4","Corrientes","100,1","3.599"
"2019","4","Entre Ríos","4","2.188"
"2019","4","Entre Ríos","6","2.766"
"2019","4","Entre Ríos","9","88"
"2019","4","Entre Ríos","1,2","8.407"
"2019","4","Entre Ríos","16","5.053"
"2019","4","Entre Ríos","19","3.009"
"2019","4","Entre Ríos","2,2","4.231"
"2019","4","Entre Ríos","0,26","14.178"
"2019","4","Entre Ríos","31","7.118"
"2019","4","Entre Ríos","3,2","20.063"
"2019","4","Entre Ríos","0,38","1"
"2019","4","Entre Ríos","4,5","2.778"
"2019","4","Entre Ríos","46","389"
"2019","4","Entre Ríos","0,51","19"
"2019","4","Entre Ríos","6,4","47.770"
"2019","4","Entre Ríos","7,5","85"
"2019","4","Entre Ríos","0,75","27"
"2019","4","Entre Ríos","10,1","44.338"
"2019","4","Entre Ríos","12,3","30.568"
"2019","4","Entre Ríos","155","1"
"2019","4","Entre Ríos","20,5","4.332"
"2019","4","Entre Ríos","25,1","11.858"
"2019","4","Entre Ríos","320","403"
"2019","4","Entre Ríos","50,1","23.695"
"2019","4","Entre Ríos","100,1","5.665"
"2019","4","Formosa","1","191"
"2019","4","Formosa","4","22"
"2019","4","Formosa","6","1.408"
"2019","4","Formosa","1,2","2.077"
"2019","4","Formosa","16","692"
"2019","4","Formosa","19","792"
"2019","4","Formosa","2,2","1.498"
"2019","4","Formosa","0,26","243"
"2019","4","Formosa","31","385"
"2019","4","Formosa","3,2","10.203"
"2019","4","Formosa","4,5","2.978"
"2019","4","Formosa","0,51","1.110"
"2019","4","Formosa","6,4","6.420"
"2019","4","Formosa","7,5","2"
"2019","4","Formosa","0,75","17"
"2019","4","Formosa","10,1","6.317"
"2019","4","Formosa","12,3","467"
"2019","4","Formosa","20,5","4.837"
"2019","4","Formosa","25,1","1.381"
"2019","4","Formosa","320","14"
"2019","4","Formosa","50,1","4.502"
"2019","4","Formosa","100,1","1.155"
"2019","4","Jujuy","6","540"
"2019","4","Jujuy","10","1"
"2019","4","Jujuy","1,2","7.300"
"2019","4","Jujuy","16","841"
"2019","4","Jujuy","2,2","4.950"
"2019","4","Jujuy","0,26","14.122"
"2019","4","Jujuy","31","101"
"2019","4","Jujuy","3,2","7.756"
"2019","4","Jujuy","45","1"
"2019","4","Jujuy","4,5","2.394"
"2019","4","Jujuy","48","1"
"2019","4","Jujuy","0,51","27"
"2019","4","Jujuy","6,4","9.980"
"2019","4","Jujuy","0,75","28"
"2019","4","Jujuy","10,1","9.631"
"2019","4","Jujuy","12,3","22.759"
"2019","4","Jujuy","155","1"
"2019","4","Jujuy","20,5","3.164"
"2019","4","Jujuy","25,1","1"
"2019","4","Jujuy","320","9"
"2019","4","Jujuy","50,1","2.531"
"2019","4","Jujuy","512","10"
"2019","4","Jujuy","100,1","2.733"
"2019","4","La Pampa","1","313"
"2019","4","La Pampa","6","5.317"
"2019","4","La Pampa","9","1"
"2019","4","La Pampa","1,2","3.308"
"2019","4","La Pampa","16","1.411"
"2019","4","La Pampa","19","5"
"2019","4","La Pampa","2,2","6.989"
"2019","4","La Pampa","0,26","1.566"
"2019","4","La Pampa","31","841"
"2019","4","La Pampa","3,2","10.727"
"2019","4","La Pampa","36","1"
"2019","4","La Pampa","0,38","1"
"2019","4","La Pampa","4,5","5.091"
"2019","4","La Pampa","0,51","236"
"2019","4","La Pampa","55","2"
"2019","4","La Pampa","61","1"
"2019","4","La Pampa","6,4","45.315"
"2019","4","La Pampa","7,5","6"
"2019","4","La Pampa","0,75","56"
"2019","4","La Pampa","81","1"
"2019","4","La Pampa","85","2"
"2019","4","La Pampa","95","1"
"2019","4","La Pampa","10,1","6.893"
"2019","4","La Pampa","122","5"
"2019","4","La Pampa","12,3","81"
"2019","4","La Pampa","126","2"
"2019","4","La Pampa","150","2"
"2019","4","La Pampa","155","64"
"2019","4","La Pampa","20,5","454"
"2019","4","La Pampa","25,1","446"
"2019","4","La Pampa","50,1","1.260"
"2019","4","La Pampa","100,1","1"
"2019","4","La Rioja","4","31.584"
"2019","4","La Rioja","1,2","716"
"2019","4","La Rioja","16","4.236"
"2019","4","La Rioja","31","22"
"2019","4","La Rioja","3,2","1.385"
"2019","4","La Rioja","0,51","9"
"2019","4","La Rioja","6,4","4.161"
"2019","4","La Rioja","0,75","12"
"2019","4","La Rioja","10,1","5.045"
"2019","4","La Rioja","20,5","527"
"2019","4","La Rioja","50,1","80"
"2019","4","La Rioja","100,1","1.225"
"2019","4","Mendoza","1","9"
"2019","4","Mendoza","4","14"
"2019","4","Mendoza","6","3"
"2019","4","Mendoza","9","87"
"2019","4","Mendoza","10","10.897"
"2019","4","Mendoza","1,2","2.172"
"2019","4","Mendoza","16","97"
"2019","4","Mendoza","2,2","2.307"
"2019","4","Mendoza","25","479"
"2019","4","Mendoza","0,26","6.901"
"2019","4","Mendoza","31","1.681"
"2019","4","Mendoza","3,2","5.069"
"2019","4","Mendoza","0,38","1"
"2019","4","Mendoza","4,5","984"
"2019","4","Mendoza","0,51","708"
"2019","4","Mendoza","6,4","134.590"
"2019","4","Mendoza","71","1"
"2019","4","Mendoza","0,75","37"
"2019","4","Mendoza","77","75"
"2019","4","Mendoza","10,1","1.971"
"2019","4","Mendoza","12,3","13.923"
"2019","4","Mendoza","20,5","1.217"
"2019","4","Mendoza","25,1","5"
"2019","4","Mendoza","320","61"
"2019","4","Mendoza","50,1","1.908"
"2019","4","Mendoza","512","19"
"2019","4","Mendoza","100,1","564"
"2019","4","Misiones","6","1.236"
"2019","4","Misiones","9","5"
"2019","4","Misiones","1,2","3.486"
"2019","4","Misiones","16","2.650"
"2019","4","Misiones","19","1.226"
"2019","4","Misiones","2,2","514"
"2019","4","Misiones","0,26","11.508"
"2019","4","Misiones","31","8.640"
"2019","4","Misiones","3,2","16.098"
"2019","4","Misiones","4,5","449"
"2019","4","Misiones","46","124"
"2019","4","Misiones","0,51","47"
"2019","4","Misiones","6,4","17.881"
"2019","4","Misiones","7,5","1"
"2019","4","Misiones","0,75","24"
"2019","4","Misiones","10,1","20.834"
"2019","4","Misiones","12,3","18.400"
"2019","4","Misiones","20,5","5.029"
"2019","4","Misiones","25,1","6.986"
"2019","4","Misiones","320","388"
"2019","4","Misiones","50,1","16.366"
"2019","4","Misiones","100,1","3.921"
"2019","4","Neuquén","1","1"
"2019","4","Neuquén","4","6.938"
"2019","4","Neuquén","6","8.531"
"2019","4","Neuquén","9","2.899"
"2019","4","Neuquén","1,2","802"
"2019","4","Neuquén","16","141"
"2019","4","Neuquén","19","3.446"
"2019","4","Neuquén","2,2","3.614"
"2019","4","Neuquén","31","178"
"2019","4","Neuquén","3,2","9.226"
"2019","4","Neuquén","4,5","222"
"2019","4","Neuquén","0,51","45"
"2019","4","Neuquén","6,4","28.037"
"2019","4","Neuquén","7,5","181"
"2019","4","Neuquén","0,75","173"
"2019","4","Neuquén","10,1","1.359"
"2019","4","Neuquén","12,3","3.399"
"2019","4","Neuquén","20,5","371"
"2019","4","Neuquén","25,1","11.881"
"2019","4","Neuquén","320","877"
"2019","4","Neuquén","50,1","27.256"
"2019","4","Neuquén","100,1","6.868"
"2019","4","Río Negro","4","283"
"2019","4","Río Negro","6","5.556"
"2019","4","Río Negro","9","232"
"2019","4","Río Negro","10","51"
"2019","4","Río Negro","1,2","1.267"
"2019","4","Río Negro","16","22"
"2019","4","Río Negro","19","2.525"
"2019","4","Río Negro","2,2","4.274"
"2019","4","Río Negro","0,26","17.019"
"2019","4","Río Negro","31","119"
"2019","4","Río Negro","3,2","7.691"
"2019","4","Río Negro","41","11"
"2019","4","Río Negro","4,5","869"
"2019","4","Río Negro","0,51","47"
"2019","4","Río Negro","6,4","51.907"
"2019","4","Río Negro","0,75","67"
"2019","4","Río Negro","10,1","2.514"
"2019","4","Río Negro","12,3","1.822"
"2019","4","Río Negro","155","1"
"2019","4","Río Negro","20,5","4.189"
"2019","4","Río Negro","25,1","6.849"
"2019","4","Río Negro","320","7"
"2019","4","Río Negro","50,1","16.465"
"2019","4","Río Negro","100,1","3.353"
"2019","4","Salta","1","1"
"2019","4","Salta","4","1"
"2019","4","Salta","6","46"
"2019","4","Salta","9","16"
"2019","4","Salta","1,2","2.808"
"2019","4","Salta","16","3.219"
"2019","4","Salta","19","74"
"2019","4","Salta","2,2","1.756"
"2019","4","Salta","0,26","7.120"
"2019","4","Salta","31","4.762"
"2019","4","Salta","3,2","12.711"
"2019","4","Salta","4,5","4.018"
"2019","4","Salta","0,51","69"
"2019","4","Salta","6,4","20.819"
"2019","4","Salta","0,75","80"
"2019","4","Salta","10,1","67.640"
"2019","4","Salta","12,3","4.129"
"2019","4","Salta","20,5","7.947"
"2019","4","Salta","25,1","9.408"
"2019","4","Salta","320","130"
"2019","4","Salta","50,1","19.535"
"2019","4","Salta","512","63"
"2019","4","Salta","100,1","6.093"
"2019","4","San Juan","1","1"
"2019","4","San Juan","6","36"
"2019","4","San Juan","10","1.483"
"2019","4","San Juan","1,2","663"
"2019","4","San Juan","16","43"
"2019","4","San Juan","2,2","798"
"2019","4","San Juan","0,26","1.246"
"2019","4","San Juan","31","8"
"2019","4","San Juan","3,2","3.910"
"2019","4","San Juan","4,5","265"
"2019","4","San Juan","0,51","22"
"2019","4","San Juan","6,4","54.954"
"2019","4","San Juan","0,75","26"
"2019","4","San Juan","10,1","111"
"2019","4","San Juan","12,3","1.234"
"2019","4","San Juan","20,5","15"
"2019","4","San Juan","25,1","32"
"2019","4","San Juan","50,1","80"
"2019","4","San Juan","100,1","47"
"2019","4","San Luis","4","2"
"2019","4","San Luis","6","4"
"2019","4","San Luis","9","149"
"2019","4","San Luis","10","4.007"
"2019","4","San Luis","1,2","386"
"2019","4","San Luis","2,2","564"
"2019","4","San Luis","0,26","36.287"
"2019","4","San Luis","31","6"
"2019","4","San Luis","3,2","839"
"2019","4","San Luis","4,5","621"
"2019","4","San Luis","0,51","57"
"2019","4","San Luis","6,4","9.485"
"2019","4","San Luis","0,75","48"
"2019","4","San Luis","10,1","8"
"2019","4","San Luis","12,3","518"
"2019","4","San Luis","20,5","7"
"2019","4","San Luis","25,1","55.210"
"2019","4","San Luis","100,1","3"
"2019","4","Santa Cruz","6","5.915"
"2019","4","Santa Cruz","9","1"
"2019","4","Santa Cruz","10","314"
"2019","4","Santa Cruz","1,2","5.414"
"2019","4","Santa Cruz","16","90"
"2019","4","Santa Cruz","2,2","2.349"
"2019","4","Santa Cruz","0,26","350"
"2019","4","Santa Cruz","31","7"
"2019","4","Santa Cruz","3,2","6.223"
"2019","4","Santa Cruz","0,38","3"
"2019","4","Santa Cruz","41","7"
"2019","4","Santa Cruz","4,5","611"
"2019","4","Santa Cruz","0,51","25"
"2019","4","Santa Cruz","6,4","11.856"
"2019","4","Santa Cruz","0,75","39"
"2019","4","Santa Cruz","10,1","4.031"
"2019","4","Santa Cruz","12,3","2.065"
"2019","4","Santa Cruz","20,5","69"
"2019","4","Santa Cruz","100,1","1"
"2019","4","Santa Fe","2","363"
"2019","4","Santa Fe","4","57"
"2019","4","Santa Fe","6","16.634"
"2019","4","Santa Fe","9","3.067"
"2019","4","Santa Fe","10","1.274"
"2019","4","Santa Fe","1,2","19.145"
"2019","4","Santa Fe","16","15.340"
"2019","4","Santa Fe","17","139"
"2019","4","Santa Fe","19","9.227"
"2019","4","Santa Fe","2,2","10.108"
"2019","4","Santa Fe","0,26","27.472"
"2019","4","Santa Fe","31","6.822"
"2019","4","Santa Fe","3,2","60.421"
"2019","4","Santa Fe","36","3"
"2019","4","Santa Fe","0,38","102"
"2019","4","Santa Fe","41","3"
"2019","4","Santa Fe","4,5","9.760"
"2019","4","Santa Fe","46","529"
"2019","4","Santa Fe","0,51","323"
"2019","4","Santa Fe","61","1"
"2019","4","Santa Fe","6,4","113.746"
"2019","4","Santa Fe","7,5","1.500"
"2019","4","Santa Fe","0,75","273"
"2019","4","Santa Fe","97","1"
"2019","4","Santa Fe","10,1","184.823"
"2019","4","Santa Fe","122","1"
"2019","4","Santa Fe","12,3","46.876"
"2019","4","Santa Fe","155","510"
"2019","4","Santa Fe","20,5","41.945"
"2019","4","Santa Fe","25,1","64.176"
"2019","4","Santa Fe","320","1.424"
"2019","4","Santa Fe","473","1"
"2019","4","Santa Fe","50,1","102.938"
"2019","4","Santa Fe","512","31"
"2019","4","Santa Fe","520","12"
"2019","4","Santa Fe","768","1"
"2019","4","Santa Fe","100,1","30.121"
"2019","4","Santiago Del Estero","1","908"
"2019","4","Santiago Del Estero","2","307"
"2019","4","Santiago Del Estero","6","4"
"2019","4","Santiago Del Estero","1,2","1.731"
"2019","4","Santiago Del Estero","16","890"
"2019","4","Santiago Del Estero","2,2","1.050"
"2019","4","Santiago Del Estero","0,26","5.017"
"2019","4","Santiago Del Estero","31","105"
"2019","4","Santiago Del Estero","3,2","13.101"
"2019","4","Santiago Del Estero","41","12"
"2019","4","Santiago Del Estero","4,5","693"
"2019","4","Santiago Del Estero","0,51","39"
"2019","4","Santiago Del Estero","6,4","18.025"
"2019","4","Santiago Del Estero","7,5","852"
"2019","4","Santiago Del Estero","0,75","94"
"2019","4","Santiago Del Estero","10,1","55.457"
"2019","4","Santiago Del Estero","12,3","1.224"
"2019","4","Santiago Del Estero","20,5","1.642"
"2019","4","Santiago Del Estero","50,1","1.184"
"2019","4","Santiago Del Estero","512","1"
"2019","4","Santiago Del Estero","100,1","1.252"
"2019","4","Tierra Del Fuego","4","1"
"2019","4","Tierra Del Fuego","6","204"
"2019","4","Tierra Del Fuego","9","3.771"
"2019","4","Tierra Del Fuego","10","15"
"2019","4","Tierra Del Fuego","1,2","105"
"2019","4","Tierra Del Fuego","16","159"
"2019","4","Tierra Del Fuego","19","56"
"2019","4","Tierra Del Fuego","0,26","7.789"
"2019","4","Tierra Del Fuego","31","24"
"2019","4","Tierra Del Fuego","3,2","757"
"2019","4","Tierra Del Fuego","4,5","2.704"
"2019","4","Tierra Del Fuego","0,51","6"
"2019","4","Tierra Del Fuego","6,4","19.822"
"2019","4","Tierra Del Fuego","0,75","5"
"2019","4","Tierra Del Fuego","10,1","1.264"
"2019","4","Tierra Del Fuego","12,3","1.578"
"2019","4","Tierra Del Fuego","20,5","55"
"2019","4","Tierra Del Fuego","25,1","115"
"2019","4","Tierra Del Fuego","50,1","1.962"
"2019","4","Tucumán","4","2.890"
"2019","4","Tucumán","6","14"
"2019","4","Tucumán","9","3"
"2019","4","Tucumán","12","2"
"2019","4","Tucumán","1,2","4.002"
"2019","4","Tucumán","16","3.076"
"2019","4","Tucumán","17","1"
"2019","4","Tucumán","2,2","388"
"2019","4","Tucumán","31","6.405"
"2019","4","Tucumán","3,2","11.771"
"2019","4","Tucumán","4,5","10"
"2019","4","Tucumán","0,51","19"
"2019","4","Tucumán","6,4","35.469"
"2019","4","Tucumán","7,5","4"
"2019","4","Tucumán","0,75","36"
"2019","4","Tucumán","86","1"
"2019","4","Tucumán","10,1","52.010"
"2019","4","Tucumán","12,3","181"
"2019","4","Tucumán","20,5","25.656"
"2019","4","Tucumán","320","831"
"2019","4","Tucumán","50,1","29.514"
"2019","4","Tucumán","512","88"
"2019","4","Tucumán","100,1","26.273"
"2019","3","Buenos Aires","1","27.602"
"2019","3","Buenos Aires","4","67.187"
"2019","3","Buenos Aires","6","41.131"
"2019","3","Buenos Aires","9","14.661"
"2019","3","Buenos Aires","10","82"
"2019","3","Buenos Aires","12","4"
"2019","3","Buenos Aires","1,2","33.499"
"2019","3","Buenos Aires","14","2"
"2019","3","Buenos Aires","15","105"
"2019","3","Buenos Aires","16","10.625"
"2019","3","Buenos Aires","19","76.846"
"2019","3","Buenos Aires","22","1"
"2019","3","Buenos Aires","2,2","27.450"
"2019","3","Buenos Aires","23","1"
"2019","3","Buenos Aires","25","8"
"2019","3","Buenos Aires","0,26","30.844"
"2019","3","Buenos Aires","30","917"
"2019","3","Buenos Aires","31","18.144"
"2019","3","Buenos Aires","3,2","92.105"
"2019","3","Buenos Aires","36","1"
"2019","3","Buenos Aires","0,38","17"
"2019","3","Buenos Aires","41","556"
"2019","3","Buenos Aires","4,5","19.428"
"2019","3","Buenos Aires","50","1"
"2019","3","Buenos Aires","0,51","238.902"
"2019","3","Buenos Aires","61","20"
"2019","3","Buenos Aires","6,4","1.168.968"
"2019","3","Buenos Aires","71","24"
"2019","3","Buenos Aires","7,5","647"
"2019","3","Buenos Aires","0,75","1"
"2019","3","Buenos Aires","10,1","207.422"
"2019","3","Buenos Aires","122","2"
"2019","3","Buenos Aires","12,3","121.564"
"2019","3","Buenos Aires","155","14"
"2019","3","Buenos Aires","203","5"
"2019","3","Buenos Aires","20,5","51.361"
"2019","3","Buenos Aires","25,1","464.535"
"2019","3","Buenos Aires","256","1"
"2019","3","Buenos Aires","320","14.214"
"2019","3","Buenos Aires","384","380"
"2019","3","Buenos Aires","450","449"
"2019","3","Buenos Aires","50,1","1.067.147"
"2019","3","Buenos Aires","512","1"
"2019","3","Buenos Aires","100,1","163.198"
"2019","3","Buenos Aires","1024","161"
"2019","3","CABA","1","15"
"2019","3","CABA","4","70"
"2019","3","CABA","6","2.048"
"2019","3","CABA","9","24"
"2019","3","CABA","10","3"
"2019","3","CABA","12","5"
"2019","3","CABA","1,2","6.116"
"2019","3","CABA","16","5.520"
"2019","3","CABA","17","5"
"2019","3","CABA","19","60.416"
"2019","3","CABA","22","1"
"2019","3","CABA","2,2","472"
"2019","3","CABA","31","17.162"
"2019","3","CABA","3,2","10.973"
"2019","3","CABA","35","1"
"2019","3","CABA","36","10"
"2019","3","CABA","0,38","30"
"2019","3","CABA","41","118"
"2019","3","CABA","4,5","1.541"
"2019","3","CABA","0,51","75"
"2019","3","CABA","56","1"
"2019","3","CABA","61","16"
"2019","3","CABA","6,4","248.836"
"2019","3","CABA","67","1"
"2019","3","CABA","71","3"
"2019","3","CABA","7,5","18"
"2019","3","CABA","81","7"
"2019","3","CABA","10,1","120.879"
"2019","3","CABA","120","1"
"2019","3","CABA","122","5"
"2019","3","CABA","12,3","49.401"
"2019","3","CABA","126","3"
"2019","3","CABA","155","6.334"
"2019","3","CABA","164","5"
"2019","3","CABA","203","2.584"
"2019","3","CABA","20,5","22.664"
"2019","3","CABA","225","1"
"2019","3","CABA","234","1"
"2019","3","CABA","25,1","241.434"
"2019","3","CABA","256","1.399"
"2019","3","CABA","300","1"
"2019","3","CABA","320","18.807"
"2019","3","CABA","330","2"
"2019","3","CABA","450","2"
"2019","3","CABA","50,1","515.292"
"2019","3","CABA","512","147"
"2019","3","CABA","768","1"
"2019","3","CABA","850","1"
"2019","3","CABA","100,1","108.687"
"2019","3","CABA","1024","73"
"2019","3","Catamarca","6","48"
"2019","3","Catamarca","10","1.811"
"2019","3","Catamarca","1,2","1.056"
"2019","3","Catamarca","16","1.024"
"2019","3","Catamarca","2,2","242"
"2019","3","Catamarca","0,26","2.169"
"2019","3","Catamarca","31","72"
"2019","3","Catamarca","3,2","3.911"
"2019","3","Catamarca","0,51","34"
"2019","3","Catamarca","6,4","9.235"
"2019","3","Catamarca","7,5","112"
"2019","3","Catamarca","10,1","7.362"
"2019","3","Catamarca","12,3","393"
"2019","3","Catamarca","20,5","4.916"
"2019","3","Catamarca","50,1","15"
"2019","3","Chaco","4","1.184"
"2019","3","Chaco","6","13"
"2019","3","Chaco","9","10.034"
"2019","3","Chaco","10","1"
"2019","3","Chaco","1,2","3.013"
"2019","3","Chaco","16","2.889"
"2019","3","Chaco","19","1.171"
"2019","3","Chaco","2,2","962"
"2019","3","Chaco","0,26","9.141"
"2019","3","Chaco","31","438"
"2019","3","Chaco","3,2","6.967"
"2019","3","Chaco","36","509"
"2019","3","Chaco","4,5","6.163"
"2019","3","Chaco","46","100"
"2019","3","Chaco","0,51","69"
"2019","3","Chaco","6,4","15.678"
"2019","3","Chaco","7,5","1"
"2019","3","Chaco","10,1","18.162"
"2019","3","Chaco","12,3","2.973"
"2019","3","Chaco","20,5","6.303"
"2019","3","Chaco","25,1","12.549"
"2019","3","Chaco","320","511"
"2019","3","Chaco","50,1","11.914"
"2019","3","Chaco","100,1","3.706"
"2019","3","Chubut","1","4"
"2019","3","Chubut","4","73"
"2019","3","Chubut","6","349"
"2019","3","Chubut","9","181"
"2019","3","Chubut","10","3.442"
"2019","3","Chubut","1,2","1.088"
"2019","3","Chubut","16","699"
"2019","3","Chubut","2,2","8.472"
"2019","3","Chubut","0,26","3.353"
"2019","3","Chubut","3,2","6.199"
"2019","3","Chubut","0,38","8"
"2019","3","Chubut","4,5","1.114"
"2019","3","Chubut","0,51","66"
"2019","3","Chubut","6,4","46.221"
"2019","3","Chubut","7,5","137"
"2019","3","Chubut","10,1","9.273"
"2019","3","Chubut","12,3","6.445"
"2019","3","Chubut","20,5","27"
"2019","3","Chubut","25,1","1.240"
"2019","3","Chubut","50,1","613"
"2019","3","Chubut","100,1","1"
"2019","3","Córdoba","4","9.171"
"2019","3","Córdoba","6","22.165"
"2019","3","Córdoba","9","3.122"
"2019","3","Córdoba","10","14"
"2019","3","Córdoba","12","1"
"2019","3","Córdoba","1,2","20.240"
"2019","3","Córdoba","15","17"
"2019","3","Córdoba","16","17.244"
"2019","3","Córdoba","17","19"
"2019","3","Córdoba","19","17.166"
"2019","3","Córdoba","2,2","16.835"
"2019","3","Córdoba","25","2"
"2019","3","Córdoba","0,26","8.065"
"2019","3","Córdoba","31","11.122"
"2019","3","Córdoba","32","1"
"2019","3","Córdoba","3,2","52.343"
"2019","3","Córdoba","36","2"
"2019","3","Córdoba","0,38","2"
"2019","3","Córdoba","41","51"
"2019","3","Córdoba","4,5","11.864"
"2019","3","Córdoba","0,51","81"
"2019","3","Córdoba","61","2"
"2019","3","Córdoba","6,4","113.357"
"2019","3","Córdoba","71","3"
"2019","3","Córdoba","7,5","3.606"
"2019","3","Córdoba","77","1"
"2019","3","Córdoba","81","6"
"2019","3","Córdoba","90","1"
"2019","3","Córdoba","10,1","99.909"
"2019","3","Córdoba","12,3","46.083"
"2019","3","Córdoba","130","215"
"2019","3","Córdoba","140","1"
"2019","3","Córdoba","145","1"
"2019","3","Córdoba","155","31"
"2019","3","Córdoba","203","18"
"2019","3","Córdoba","20,5","37.956"
"2019","3","Córdoba","234","1"
"2019","3","Córdoba","25,1","135.131"
"2019","3","Córdoba","270","185"
"2019","3","Córdoba","320","2.516"
"2019","3","Córdoba","50,1","122.832"
"2019","3","Córdoba","520","240"
"2019","3","Córdoba","768","1"
"2019","3","Córdoba","900","1"
"2019","3","Córdoba","100,1","31.428"
"2019","3","Córdoba","1024","1"
"2019","3","Corrientes","6","1.335"
"2019","3","Corrientes","9","11.068"
"2019","3","Corrientes","1,2","6.341"
"2019","3","Corrientes","16","2.619"
"2019","3","Corrientes","19","1.099"
"2019","3","Corrientes","2,2","710"
"2019","3","Corrientes","0,26","6.883"
"2019","3","Corrientes","31","245"
"2019","3","Corrientes","3,2","10.072"
"2019","3","Corrientes","36","538"
"2019","3","Corrientes","4,5","7.094"
"2019","3","Corrientes","46","136"
"2019","3","Corrientes","0,51","10"
"2019","3","Corrientes","6,4","17.276"
"2019","3","Corrientes","10,1","18.560"
"2019","3","Corrientes","12,3","1.713"
"2019","3","Corrientes","20,5","4.917"
"2019","3","Corrientes","25,1","10.143"
"2019","3","Corrientes","320","401"
"2019","3","Corrientes","50,1","8.535"
"2019","3","Corrientes","100,1","3.064"
"2019","3","Entre Ríos","4","2.188"
"2019","3","Entre Ríos","6","4.568"
"2019","3","Entre Ríos","9","16.470"
"2019","3","Entre Ríos","1,2","8.601"
"2019","3","Entre Ríos","16","5.399"
"2019","3","Entre Ríos","19","2.473"
"2019","3","Entre Ríos","2,2","4.277"
"2019","3","Entre Ríos","0,26","16.895"
"2019","3","Entre Ríos","31","284"
"2019","3","Entre Ríos","3,2","20.593"
"2019","3","Entre Ríos","36","349"
"2019","3","Entre Ríos","0,38","1"
"2019","3","Entre Ríos","4,5","12.776"
"2019","3","Entre Ríos","46","54"
"2019","3","Entre Ríos","0,51","18"
"2019","3","Entre Ríos","6,4","51.099"
"2019","3","Entre Ríos","7,5","207"
"2019","3","Entre Ríos","10,1","39.484"
"2019","3","Entre Ríos","12,3","4.872"
"2019","3","Entre Ríos","155","1"
"2019","3","Entre Ríos","20,5","4.320"
"2019","3","Entre Ríos","25,1","20.932"
"2019","3","Entre Ríos","320","294"
"2019","3","Entre Ríos","50,1","16.888"
"2019","3","Entre Ríos","100,1","5.059"
"2019","3","Formosa","1","191"
"2019","3","Formosa","4","1.201"
"2019","3","Formosa","6","237"
"2019","3","Formosa","1,2","2.173"
"2019","3","Formosa","16","784"
"2019","3","Formosa","19","487"
"2019","3","Formosa","2,2","1.499"
"2019","3","Formosa","0,26","100"
"2019","3","Formosa","31","385"
"2019","3","Formosa","3,2","9.909"
"2019","3","Formosa","4,5","2.978"
"2019","3","Formosa","0,51","1.110"
"2019","3","Formosa","6,4","6.797"
"2019","3","Formosa","7,5","2"
"2019","3","Formosa","10,1","6.047"
"2019","3","Formosa","12,3","1.089"
"2019","3","Formosa","20,5","4.757"
"2019","3","Formosa","25,1","1.877"
"2019","3","Formosa","320","1"
"2019","3","Formosa","50,1","3.498"
"2019","3","Formosa","100,1","944"
"2019","3","Jujuy","6","253"
"2019","3","Jujuy","10","1"
"2019","3","Jujuy","1,2","7.248"
"2019","3","Jujuy","16","989"
"2019","3","Jujuy","2,2","4.928"
"2019","3","Jujuy","0,26","14.140"
"2019","3","Jujuy","31","55"
"2019","3","Jujuy","3,2","6.992"
"2019","3","Jujuy","45","1"
"2019","3","Jujuy","4,5","2.394"
"2019","3","Jujuy","48","1"
"2019","3","Jujuy","0,51","27"
"2019","3","Jujuy","6,4","10.792"
"2019","3","Jujuy","10,1","9.239"
"2019","3","Jujuy","12,3","22.759"
"2019","3","Jujuy","155","1"
"2019","3","Jujuy","20,5","3.087"
"2019","3","Jujuy","25,1","1"
"2019","3","Jujuy","50,1","1.151"
"2019","3","Jujuy","100,1","2.517"
"2019","3","La Pampa","1","313"
"2019","3","La Pampa","6","5.242"
"2019","3","La Pampa","9","2"
"2019","3","La Pampa","1,2","7.743"
"2019","3","La Pampa","16","1.223"
"2019","3","La Pampa","2,2","6.698"
"2019","3","La Pampa","0,26","1.620"
"2019","3","La Pampa","31","774"
"2019","3","La Pampa","3,2","21.505"
"2019","3","La Pampa","36","1"
"2019","3","La Pampa","0,38","1"
"2019","3","La Pampa","4,5","2.300"
"2019","3","La Pampa","0,51","236"
"2019","3","La Pampa","55","2"
"2019","3","La Pampa","61","1"
"2019","3","La Pampa","6,4","35.337"
"2019","3","La Pampa","81","1"
"2019","3","La Pampa","85","2"
"2019","3","La Pampa","95","1"
"2019","3","La Pampa","10,1","5.920"
"2019","3","La Pampa","122","5"
"2019","3","La Pampa","12,3","81"
"2019","3","La Pampa","126","2"
"2019","3","La Pampa","150","2"
"2019","3","La Pampa","155","64"
"2019","3","La Pampa","20,5","307"
"2019","3","La Pampa","25,1","585"
"2019","3","La Pampa","50,1","860"
"2019","3","La Rioja","4","31.588"
"2019","3","La Rioja","1,2","789"
"2019","3","La Rioja","16","4.320"
"2019","3","La Rioja","31","22"
"2019","3","La Rioja","3,2","1.519"
"2019","3","La Rioja","0,51","9"
"2019","3","La Rioja","6,4","4.770"
"2019","3","La Rioja","10,1","4.786"
"2019","3","La Rioja","20,5","567"
"2019","3","La Rioja","50,1","47"
"2019","3","La Rioja","100,1","1.260"
"2019","3","Mendoza","1","9"
"2019","3","Mendoza","4","15"
"2019","3","Mendoza","6","2.828"
"2019","3","Mendoza","9","15"
"2019","3","Mendoza","10","763"
"2019","3","Mendoza","1,2","2.483"
"2019","3","Mendoza","16","107"
"2019","3","Mendoza","2,2","3.099"
"2019","3","Mendoza","25","274"
"2019","3","Mendoza","0,26","1.563"
"2019","3","Mendoza","31","900"
"2019","3","Mendoza","3,2","23.081"
"2019","3","Mendoza","0,38","1"
"2019","3","Mendoza","41","2"
"2019","3","Mendoza","4,5","49"
"2019","3","Mendoza","0,51","20"
"2019","3","Mendoza","6,4","176.526"
"2019","3","Mendoza","7,5","1.752"
"2019","3","Mendoza","10,1","428"
"2019","3","Mendoza","12,3","9.346"
"2019","3","Mendoza","155","8"
"2019","3","Mendoza","20,5","640"
"2019","3","Mendoza","25,1","99"
"2019","3","Mendoza","50,1","221"
"2019","3","Mendoza","100,1","108"
"2019","3","Misiones","6","1.006"
"2019","3","Misiones","9","9.863"
"2019","3","Misiones","1,2","3.927"
"2019","3","Misiones","16","2.985"
"2019","3","Misiones","19","1.174"
"2019","3","Misiones","2,2","453"
"2019","3","Misiones","0,26","14.990"
"2019","3","Misiones","31","432"
"2019","3","Misiones","3,2","16.201"
"2019","3","Misiones","36","103"
"2019","3","Misiones","4,5","4.752"
"2019","3","Misiones","46","22"
"2019","3","Misiones","0,51","47"
"2019","3","Misiones","6,4","19.119"
"2019","3","Misiones","10,1","19.512"
"2019","3","Misiones","12,3","2.210"
"2019","3","Misiones","20,5","4.887"
"2019","3","Misiones","25,1","15.675"
"2019","3","Misiones","320","270"
"2019","3","Misiones","50,1","12.808"
"2019","3","Misiones","100,1","3.447"
"2019","3","Neuquén","1","1"
"2019","3","Neuquén","4","6.938"
"2019","3","Neuquén","6","8.387"
"2019","3","Neuquén","9","3.127"
"2019","3","Neuquén","1,2","6.458"
"2019","3","Neuquén","16","141"
"2019","3","Neuquén","17","1"
"2019","3","Neuquén","19","3.407"
"2019","3","Neuquén","2,2","6.455"
"2019","3","Neuquén","0,26","645"
"2019","3","Neuquén","31","256"
"2019","3","Neuquén","3,2","6.614"
"2019","3","Neuquén","4,5","137"
"2019","3","Neuquén","0,51","45"
"2019","3","Neuquén","58","173"
"2019","3","Neuquén","6,4","30.177"
"2019","3","Neuquén","7,5","181"
"2019","3","Neuquén","10,1","1.278"
"2019","3","Neuquén","12,3","5.136"
"2019","3","Neuquén","130","3"
"2019","3","Neuquén","20,5","912"
"2019","3","Neuquén","25,1","16.675"
"2019","3","Neuquén","270","55"
"2019","3","Neuquén","320","727"
"2019","3","Neuquén","50,1","21.026"
"2019","3","Neuquén","520","299"
"2019","3","Neuquén","680","1"
"2019","3","Neuquén","800","8"
"2019","3","Neuquén","100,1","6.158"
"2019","3","Río Negro","4","283"
"2019","3","Río Negro","6","5.121"
"2019","3","Río Negro","9","90"
"2019","3","Río Negro","10","62"
"2019","3","Río Negro","1,2","2.043"
"2019","3","Río Negro","16","22"
"2019","3","Río Negro","19","2.485"
"2019","3","Río Negro","2,2","4.781"
"2019","3","Río Negro","0,26","17.771"
"2019","3","Río Negro","31","148"
"2019","3","Río Negro","3,2","5.619"
"2019","3","Río Negro","41","8"
"2019","3","Río Negro","4,5","586"
"2019","3","Río Negro","0,51","47"
"2019","3","Río Negro","58","54"
"2019","3","Río Negro","6,4","70.236"
"2019","3","Río Negro","10,1","2.196"
"2019","3","Río Negro","12,3","3.026"
"2019","3","Río Negro","155","2"
"2019","3","Río Negro","20,5","4.246"
"2019","3","Río Negro","25,1","10.055"
"2019","3","Río Negro","270","5"
"2019","3","Río Negro","400","1"
"2019","3","Río Negro","50,1","12.081"
"2019","3","Río Negro","520","361"
"2019","3","Río Negro","800","11"
"2019","3","Río Negro","100,1","2.955"
"2019","3","Salta","1","1"
"2019","3","Salta","4","1"
"2019","3","Salta","6","21"
"2019","3","Salta","9","4"
"2019","3","Salta","1,2","2.844"
"2019","3","Salta","16","3.665"
"2019","3","Salta","19","6"
"2019","3","Salta","2,2","1.619"
"2019","3","Salta","0,26","7.412"
"2019","3","Salta","31","309"
"2019","3","Salta","3,2","12.263"
"2019","3","Salta","4,5","3.946"
"2019","3","Salta","0,51","49"
"2019","3","Salta","6,4","23.365"
"2019","3","Salta","10,1","62.226"
"2019","3","Salta","12,3","5.285"
"2019","3","Salta","20,5","5.353"
"2019","3","Salta","25,1","11.109"
"2019","3","Salta","50,1","8.796"
"2019","3","Salta","100,1","3.561"
"2019","3","San Juan","1","1"
"2019","3","San Juan","6","41"
"2019","3","San Juan","10","1.886"
"2019","3","San Juan","1,2","670"
"2019","3","San Juan","16","43"
"2019","3","San Juan","2,2","796"
"2019","3","San Juan","0,26","909"
"2019","3","San Juan","31","8"
"2019","3","San Juan","3,2","4.534"
"2019","3","San Juan","4,5","265"
"2019","3","San Juan","0,51","22"
"2019","3","San Juan","6,4","62.179"
"2019","3","San Juan","7,5","243"
"2019","3","San Juan","10,1","116"
"2019","3","San Juan","12,3","1.137"
"2019","3","San Juan","20,5","87"
"2019","3","San Juan","25,1","33"
"2019","3","San Juan","50,1","81"
"2019","3","San Juan","100,1","47"
"2019","3","San Luis","4","2"
"2019","3","San Luis","6","150"
"2019","3","San Luis","9","149"
"2019","3","San Luis","10","4.833"
"2019","3","San Luis","1,2","391"
"2019","3","San Luis","2,2","564"
"2019","3","San Luis","0,26","36.073"
"2019","3","San Luis","31","6"
"2019","3","San Luis","3,2","1.566"
"2019","3","San Luis","4,5","621"
"2019","3","San Luis","0,51","57"
"2019","3","San Luis","6,4","15.449"
"2019","3","San Luis","7,5","123"
"2019","3","San Luis","10,1","8"
"2019","3","San Luis","12,3","404"
"2019","3","San Luis","20,5","63"
"2019","3","San Luis","25,1","62.238"
"2019","3","San Luis","100,1","3"
"2019","3","Santa Cruz","6","5.163"
"2019","3","Santa Cruz","9","2"
"2019","3","Santa Cruz","10","673"
"2019","3","Santa Cruz","1,2","5.469"
"2019","3","Santa Cruz","16","66"
"2019","3","Santa Cruz","2,2","2.346"
"2019","3","Santa Cruz","0,26","540"
"2019","3","Santa Cruz","31","7"
"2019","3","Santa Cruz","3,2","7.176"
"2019","3","Santa Cruz","0,38","3"
"2019","3","Santa Cruz","41","3"
"2019","3","Santa Cruz","4,5","612"
"2019","3","Santa Cruz","0,51","25"
"2019","3","Santa Cruz","6,4","10.930"
"2019","3","Santa Cruz","7,5","134"
"2019","3","Santa Cruz","10,1","3.663"
"2019","3","Santa Cruz","12,3","754"
"2019","3","Santa Cruz","20,5","383"
"2019","3","Santa Cruz","25,1","20"
"2019","3","Santa Cruz","100,1","1"
"2019","3","Santa Fe","1","2.928"
"2019","3","Santa Fe","2","54"
"2019","3","Santa Fe","4","5.834"
"2019","3","Santa Fe","6","15.606"
"2019","3","Santa Fe","9","12.374"
"2019","3","Santa Fe","10","1.430"
"2019","3","Santa Fe","1,2","19.423"
"2019","3","Santa Fe","16","16.120"
"2019","3","Santa Fe","17","139"
"2019","3","Santa Fe","19","8.321"
"2019","3","Santa Fe","2,2","9.874"
"2019","3","Santa Fe","0,26","27.895"
"2019","3","Santa Fe","31","3.819"
"2019","3","Santa Fe","3,2","58.291"
"2019","3","Santa Fe","36","458"
"2019","3","Santa Fe","0,38","102"
"2019","3","Santa Fe","41","3"
"2019","3","Santa Fe","4,5","17.053"
"2019","3","Santa Fe","46","636"
"2019","3","Santa Fe","0,51","321"
"2019","3","Santa Fe","61","1"
"2019","3","Santa Fe","6,4","121.575"
"2019","3","Santa Fe","7,5","1.535"
"2019","3","Santa Fe","0,75","217"
"2019","3","Santa Fe","97","1"
"2019","3","Santa Fe","10,1","177.947"
"2019","3","Santa Fe","122","1"
"2019","3","Santa Fe","12,3","41.392"
"2019","3","Santa Fe","155","509"
"2019","3","Santa Fe","20,5","41.096"
"2019","3","Santa Fe","25,1","80.514"
"2019","3","Santa Fe","320","1.034"
"2019","3","Santa Fe","473","1"
"2019","3","Santa Fe","50,1","68.372"
"2019","3","Santa Fe","520","12"
"2019","3","Santa Fe","100,1","26.046"
"2019","3","Santiago Del Estero","1","908"
"2019","3","Santiago Del Estero","6","4"
"2019","3","Santiago Del Estero","1,2","1.865"
"2019","3","Santiago Del Estero","16","1.041"
"2019","3","Santiago Del Estero","2,2","1.116"
"2019","3","Santiago Del Estero","0,26","35.001"
"2019","3","Santiago Del Estero","31","86"
"2019","3","Santiago Del Estero","3,2","14.507"
"2019","3","Santiago Del Estero","41","12"
"2019","3","Santiago Del Estero","4,5","693"
"2019","3","Santiago Del Estero","0,51","39"
"2019","3","Santiago Del Estero","6,4","18.293"
"2019","3","Santiago Del Estero","7,5","831"
"2019","3","Santiago Del Estero","10,1","54.341"
"2019","3","Santiago Del Estero","12,3","1.006"
"2019","3","Santiago Del Estero","155","1"
"2019","3","Santiago Del Estero","20,5","1.565"
"2019","3","Santiago Del Estero","50,1","664"
"2019","3","Santiago Del Estero","100,1","1.159"
"2019","3","Tierra Del Fuego","4","1"
"2019","3","Tierra Del Fuego","6","179"
"2019","3","Tierra Del Fuego","9","3.212"
"2019","3","Tierra Del Fuego","10","14"
"2019","3","Tierra Del Fuego","1,2","119"
"2019","3","Tierra Del Fuego","16","160"
"2019","3","Tierra Del Fuego","19","25"
"2019","3","Tierra Del Fuego","0,26","9.678"
"2019","3","Tierra Del Fuego","31","34"
"2019","3","Tierra Del Fuego","3,2","856"
"2019","3","Tierra Del Fuego","41","6"
"2019","3","Tierra Del Fuego","4,5","2.834"
"2019","3","Tierra Del Fuego","0,51","6"
"2019","3","Tierra Del Fuego","6,4","28.158"
"2019","3","Tierra Del Fuego","10,1","1.466"
"2019","3","Tierra Del Fuego","12,3","1.482"
"2019","3","Tierra Del Fuego","20,5","89"
"2019","3","Tierra Del Fuego","25,1","48"
"2019","3","Tierra Del Fuego","50,1","218"
"2019","3","Tierra Del Fuego","100,1","2"
"2019","3","Tucumán","4","2.890"
"2019","3","Tucumán","6","14"
"2019","3","Tucumán","9","3"
"2019","3","Tucumán","12","2"
"2019","3","Tucumán","1,2","3.954"
"2019","3","Tucumán","16","3.630"
"2019","3","Tucumán","17","1"
"2019","3","Tucumán","2,2","382"
"2019","3","Tucumán","31","843"
"2019","3","Tucumán","3,2","13.093"
"2019","3","Tucumán","4,5","10"
"2019","3","Tucumán","0,51","16"
"2019","3","Tucumán","6,4","50.497"
"2019","3","Tucumán","7,5","45"
"2019","3","Tucumán","86","1"
"2019","3","Tucumán","10,1","47.645"
"2019","3","Tucumán","12,3","218"
"2019","3","Tucumán","20,5","20.503"
"2019","3","Tucumán","50,1","3.782"
"2019","3","Tucumán","100,1","16.602"
"2019","2","Buenos Aires","1","28.033"
"2019","2","Buenos Aires","4","67.187"
"2019","2","Buenos Aires","6","41.872"
"2019","2","Buenos Aires","9","10.389"
"2019","2","Buenos Aires","10","82"
"2019","2","Buenos Aires","12","6"
"2019","2","Buenos Aires","1,2","35.018"
"2019","2","Buenos Aires","14","2"
"2019","2","Buenos Aires","15","105"
"2019","2","Buenos Aires","16","11.424"
"2019","2","Buenos Aires","19","49.607"
"2019","2","Buenos Aires","22","1"
"2019","2","Buenos Aires","2,2","25.523"
"2019","2","Buenos Aires","25","3"
"2019","2","Buenos Aires","0,26","43.438"
"2019","2","Buenos Aires","30","917"
"2019","2","Buenos Aires","31","19.355"
"2019","2","Buenos Aires","3,2","97.673"
"2019","2","Buenos Aires","36","1"
"2019","2","Buenos Aires","41","500"
"2019","2","Buenos Aires","4,5","17.188"
"2019","2","Buenos Aires","50","1"
"2019","2","Buenos Aires","0,51","199.768"
"2019","2","Buenos Aires","61","2"
"2019","2","Buenos Aires","6,4","1.170.617"
"2019","2","Buenos Aires","71","22"
"2019","2","Buenos Aires","7,5","2.299"
"2019","2","Buenos Aires","97","1"
"2019","2","Buenos Aires","10,1","205.015"
"2019","2","Buenos Aires","122","2"
"2019","2","Buenos Aires","12,3","326.980"
"2019","2","Buenos Aires","155","10"
"2019","2","Buenos Aires","203","3"
"2019","2","Buenos Aires","20,5","50.539"
"2019","2","Buenos Aires","25,1","482.033"
"2019","2","Buenos Aires","320","3.814"
"2019","2","Buenos Aires","384","380"
"2019","2","Buenos Aires","450","448"
"2019","2","Buenos Aires","50,1","848.879"
"2019","2","Buenos Aires","100,1","131.569"
"2019","2","Buenos Aires","1024","101"
"2019","2","CABA","1","15"
"2019","2","CABA","4","70"
"2019","2","CABA","6","6.799"
"2019","2","CABA","9","40"
"2019","2","CABA","10","7"
"2019","2","CABA","12","9"
"2019","2","CABA","1,2","6.990"
"2019","2","CABA","15","2"
"2019","2","CABA","16","6.540"
"2019","2","CABA","17","3"
"2019","2","CABA","18","1"
"2019","2","CABA","19","11.363"
"2019","2","CABA","2,2","1.390"
"2019","2","CABA","25","1"
"2019","2","CABA","31","15.612"
"2019","2","CABA","3,2","12.416"
"2019","2","CABA","35","1"
"2019","2","CABA","36","8"
"2019","2","CABA","41","24"
"2019","2","CABA","4,5","1.018"
"2019","2","CABA","0,51","74"
"2019","2","CABA","61","10"
"2019","2","CABA","6,4","253.699"
"2019","2","CABA","66","1"
"2019","2","CABA","71","5"
"2019","2","CABA","7,5","25"
"2019","2","CABA","81","3"
"2019","2","CABA","10,1","124.015"
"2019","2","CABA","120","1"
"2019","2","CABA","122","4"
"2019","2","CABA","12,3","198.327"
"2019","2","CABA","131","1"
"2019","2","CABA","155","34"
"2019","2","CABA","203","4"
"2019","2","CABA","20,5","23.446"
"2019","2","CABA","25,1","280.548"
"2019","2","CABA","320","4.144"
"2019","2","CABA","50,1","378.172"
"2019","2","CABA","512","1"
"2019","2","CABA","100,1","93.525"
"2019","2","CABA","1024","47"
"2019","2","Catamarca","6","311"
"2019","2","Catamarca","10","1.811"
"2019","2","Catamarca","1,2","1.284"
"2019","2","Catamarca","16","1.202"
"2019","2","Catamarca","2,2","151"
"2019","2","Catamarca","0,26","2.151"
"2019","2","Catamarca","31","34"
"2019","2","Catamarca","3,2","4.492"
"2019","2","Catamarca","0,51","34"
"2019","2","Catamarca","6,4","10.436"
"2019","2","Catamarca","7,5","112"
"2019","2","Catamarca","10,1","6.747"
"2019","2","Catamarca","12,3","393"
"2019","2","Catamarca","20,5","4.454"
"2019","2","Catamarca","50,1","10"
"2019","2","Chaco","4","1.184"
"2019","2","Chaco","6","4.620"
"2019","2","Chaco","9","10.034"
"2019","2","Chaco","10","1"
"2019","2","Chaco","1,2","3.376"
"2019","2","Chaco","16","3.237"
"2019","2","Chaco","19","253"
"2019","2","Chaco","2,2","485"
"2019","2","Chaco","0,26","1.492"
"2019","2","Chaco","31","583"
"2019","2","Chaco","3,2","7.017"
"2019","2","Chaco","36","509"
"2019","2","Chaco","41","336"
"2019","2","Chaco","4,5","6.091"
"2019","2","Chaco","46","100"
"2019","2","Chaco","0,51","69"
"2019","2","Chaco","6,4","17.098"
"2019","2","Chaco","7,5","1"
"2019","2","Chaco","10,1","16.395"
"2019","2","Chaco","12,3","7.109"
"2019","2","Chaco","20,5","6.190"
"2019","2","Chaco","25,1","14.765"
"2019","2","Chaco","320","169"
"2019","2","Chaco","50,1","6.049"
"2019","2","Chaco","100,1","2.741"
"2019","2","Chubut","1","4"
"2019","2","Chubut","4","73"
"2019","2","Chubut","6","349"
"2019","2","Chubut","9","191"
"2019","2","Chubut","10","3.442"
"2019","2","Chubut","1,2","4.013"
"2019","2","Chubut","16","699"
"2019","2","Chubut","2,2","3.839"
"2019","2","Chubut","0,26","4.500"
"2019","2","Chubut","31","2"
"2019","2","Chubut","3,2","4.218"
"2019","2","Chubut","4,5","1.182"
"2019","2","Chubut","0,51","66"
"2019","2","Chubut","6,4","59.306"
"2019","2","Chubut","7,5","137"
"2019","2","Chubut","10,1","6.279"
"2019","2","Chubut","12,3","769"
"2019","2","Chubut","20,5","27"
"2019","2","Chubut","25,1","72"
"2019","2","Chubut","50,1","164"
"2019","2","Chubut","100,1","1"
"2019","2","Córdoba","1","922"
"2019","2","Córdoba","4","19.881"
"2019","2","Córdoba","6","12.050"
"2019","2","Córdoba","9","2.959"
"2019","2","Córdoba","10","14"
"2019","2","Córdoba","12","2"
"2019","2","Córdoba","1,2","21.180"
"2019","2","Córdoba","14","1"
"2019","2","Córdoba","15","7"
"2019","2","Córdoba","16","16.687"
"2019","2","Córdoba","17","16"
"2019","2","Córdoba","19","4.722"
"2019","2","Córdoba","2,2","15.376"
"2019","2","Córdoba","25","2"
"2019","2","Córdoba","0,26","8.938"
"2019","2","Córdoba","31","9.949"
"2019","2","Córdoba","32","1"
"2019","2","Córdoba","3,2","52.686"
"2019","2","Córdoba","41","50"
"2019","2","Córdoba","4,5","12.803"
"2019","2","Córdoba","0,51","81"
"2019","2","Córdoba","6,4","121.694"
"2019","2","Córdoba","66","1"
"2019","2","Córdoba","71","2"
"2019","2","Córdoba","7,5","3.254"
"2019","2","Córdoba","77","1"
"2019","2","Córdoba","90","1"
"2019","2","Córdoba","10,1","94.285"
"2019","2","Córdoba","120","1"
"2019","2","Córdoba","12,3","98.357"
"2019","2","Córdoba","140","1"
"2019","2","Córdoba","155","21"
"2019","2","Córdoba","20,5","37.666"
"2019","2","Córdoba","25,1","160.216"
"2019","2","Córdoba","320","872"
"2019","2","Córdoba","50,1","48.753"
"2019","2","Córdoba","100,1","26.341"
"2019","2","Corrientes","6","519"
"2019","2","Corrientes","9","10.896"
"2019","2","Corrientes","1,2","6.423"
"2019","2","Corrientes","16","2.930"
"2019","2","Corrientes","19","251"
"2019","2","Corrientes","2,2","669"
"2019","2","Corrientes","0,26","6.080"
"2019","2","Corrientes","31","198"
"2019","2","Corrientes","3,2","10.326"
"2019","2","Corrientes","36","538"
"2019","2","Corrientes","4,5","6.995"
"2019","2","Corrientes","46","136"
"2019","2","Corrientes","0,51","10"
"2019","2","Corrientes","6,4","18.504"
"2019","2","Corrientes","10,1","16.878"
"2019","2","Corrientes","12,3","5.292"
"2019","2","Corrientes","20,5","4.641"
"2019","2","Corrientes","25,1","11.730"
"2019","2","Corrientes","320","76"
"2019","2","Corrientes","50,1","3.897"
"2019","2","Corrientes","100,1","2.472"
"2019","2","Entre Ríos","4","2.188"
"2019","2","Entre Ríos","6","4.100"
"2019","2","Entre Ríos","9","16.393"
"2019","2","Entre Ríos","1,2","9.944"
"2019","2","Entre Ríos","16","5.833"
"2019","2","Entre Ríos","19","325"
"2019","2","Entre Ríos","2,2","2.606"
"2019","2","Entre Ríos","0,26","17.206"
"2019","2","Entre Ríos","31","253"
"2019","2","Entre Ríos","3,2","20.490"
"2019","2","Entre Ríos","36","349"
"2019","2","Entre Ríos","4,5","12.689"
"2019","2","Entre Ríos","46","54"
"2019","2","Entre Ríos","0,51","18"
"2019","2","Entre Ríos","6,4","54.575"
"2019","2","Entre Ríos","7,5","207"
"2019","2","Entre Ríos","10,1","35.716"
"2019","2","Entre Ríos","12,3","12.956"
"2019","2","Entre Ríos","155","1"
"2019","2","Entre Ríos","20,5","4.082"
"2019","2","Entre Ríos","25,1","23.968"
"2019","2","Entre Ríos","320","38"
"2019","2","Entre Ríos","50,1","6.247"
"2019","2","Entre Ríos","100,1","3.975"
"2019","2","Formosa","1","191"
"2019","2","Formosa","4","1.201"
"2019","2","Formosa","6","344"
"2019","2","Formosa","1,2","2.381"
"2019","2","Formosa","16","883"
"2019","2","Formosa","19","11"
"2019","2","Formosa","2,2","1.515"
"2019","2","Formosa","0,26","100"
"2019","2","Formosa","31","403"
"2019","2","Formosa","3,2","10.629"
"2019","2","Formosa","4,5","2.979"
"2019","2","Formosa","0,51","1.110"
"2019","2","Formosa","6,4","7.621"
"2019","2","Formosa","7,5","2"
"2019","2","Formosa","10,1","5.397"
"2019","2","Formosa","12,3","2.930"
"2019","2","Formosa","20,5","4.560"
"2019","2","Formosa","25,1","2.236"
"2019","2","Formosa","50,1","1.672"
"2019","2","Formosa","100,1","586"
"2019","2","Jujuy","6","455"
"2019","2","Jujuy","10","1"
"2019","2","Jujuy","1,2","2.539"
"2019","2","Jujuy","16","1.151"
"2019","2","Jujuy","2,2","4.885"
"2019","2","Jujuy","0,26","21.765"
"2019","2","Jujuy","31","26"
"2019","2","Jujuy","3,2","7.417"
"2019","2","Jujuy","45","1"
"2019","2","Jujuy","4,5","1"
"2019","2","Jujuy","48","1"
"2019","2","Jujuy","0,51","27"
"2019","2","Jujuy","6,4","11.876"
"2019","2","Jujuy","10,1","8.440"
"2019","2","Jujuy","12,3","22.759"
"2019","2","Jujuy","155","1"
"2019","2","Jujuy","20,5","2.790"
"2019","2","Jujuy","25,1","1"
"2019","2","Jujuy","50,1","301"
"2019","2","Jujuy","100,1","2.296"
"2019","2","La Pampa","1","313"
"2019","2","La Pampa","6","5.243"
"2019","2","La Pampa","9","2"
"2019","2","La Pampa","1,2","8.011"
"2019","2","La Pampa","16","1.058"
"2019","2","La Pampa","19","2"
"2019","2","La Pampa","2,2","6.552"
"2019","2","La Pampa","0,26","2.661"
"2019","2","La Pampa","31","752"
"2019","2","La Pampa","3,2","22.031"
"2019","2","La Pampa","36","1"
"2019","2","La Pampa","4,5","1.901"
"2019","2","La Pampa","0,51","236"
"2019","2","La Pampa","55","2"
"2019","2","La Pampa","61","1"
"2019","2","La Pampa","6,4","34.644"
"2019","2","La Pampa","81","1"
"2019","2","La Pampa","85","2"
"2019","2","La Pampa","95","1"
"2019","2","La Pampa","10,1","5.189"
"2019","2","La Pampa","122","5"
"2019","2","La Pampa","12,3","116"
"2019","2","La Pampa","126","2"
"2019","2","La Pampa","150","2"
"2019","2","La Pampa","155","64"
"2019","2","La Pampa","20,5","190"
"2019","2","La Pampa","25,1","693"
"2019","2","La Pampa","50,1","546"
"2019","2","La Pampa","100,1","2"
"2019","2","La Rioja","4","31.589"
"2019","2","La Rioja","6","94"
"2019","2","La Rioja","1,2","926"
"2019","2","La Rioja","16","4.407"
"2019","2","La Rioja","2,2","2"
"2019","2","La Rioja","31","13"
"2019","2","La Rioja","3,2","1.779"
"2019","2","La Rioja","0,51","9"
"2019","2","La Rioja","6,4","5.440"
"2019","2","La Rioja","10,1","4.297"
"2019","2","La Rioja","20,5","450"
"2019","2","La Rioja","50,1","22"
"2019","2","La Rioja","100,1","1.276"
"2019","2","Mendoza","1","11"
"2019","2","Mendoza","4","15"
"2019","2","Mendoza","6","2.829"
"2019","2","Mendoza","9","15"
"2019","2","Mendoza","10","763"
"2019","2","Mendoza","1,2","2.995"
"2019","2","Mendoza","16","110"
"2019","2","Mendoza","2,2","5.082"
"2019","2","Mendoza","25","274"
"2019","2","Mendoza","31","893"
"2019","2","Mendoza","3,2","23.020"
"2019","2","Mendoza","41","2"
"2019","2","Mendoza","4,5","247"
"2019","2","Mendoza","0,51","20"
"2019","2","Mendoza","6,4","173.488"
"2019","2","Mendoza","7,5","1.752"
"2019","2","Mendoza","10,1","441"
"2019","2","Mendoza","12,3","9.346"
"2019","2","Mendoza","155","8"
"2019","2","Mendoza","20,5","636"
"2019","2","Mendoza","25,1","99"
"2019","2","Mendoza","50,1","153"
"2019","2","Mendoza","100,1","61"
"2019","2","Misiones","6","1.628"
"2019","2","Misiones","9","9.858"
"2019","2","Misiones","1,2","4.268"
"2019","2","Misiones","16","3.224"
"2019","2","Misiones","19","254"
"2019","2","Misiones","2,2","259"
"2019","2","Misiones","0,26","12.206"
"2019","2","Misiones","31","398"
"2019","2","Misiones","3,2","16.924"
"2019","2","Misiones","36","103"
"2019","2","Misiones","4,5","4.349"
"2019","2","Misiones","46","22"
"2019","2","Misiones","0,51","47"
"2019","2","Misiones","6,4","20.567"
"2019","2","Misiones","10,1","17.527"
"2019","2","Misiones","12,3","7.575"
"2019","2","Misiones","20,5","4.355"
"2019","2","Misiones","25,1","18.484"
"2019","2","Misiones","320","22"
"2019","2","Misiones","50,1","5.282"
"2019","2","Misiones","100,1","2.700"
"2019","2","Neuquén","1","357"
"2019","2","Neuquén","4","14.139"
"2019","2","Neuquén","6","8.079"
"2019","2","Neuquén","9","2.979"
"2019","2","Neuquén","1,2","3.081"
"2019","2","Neuquén","16","6"
"2019","2","Neuquén","19","702"
"2019","2","Neuquén","2,2","873"
"2019","2","Neuquén","0,26","422"
"2019","2","Neuquén","31","245"
"2019","2","Neuquén","3,2","3.459"
"2019","2","Neuquén","4,5","116"
"2019","2","Neuquén","0,51","302"
"2019","2","Neuquén","6,4","34.710"
"2019","2","Neuquén","10,1","1.709"
"2019","2","Neuquén","12,3","15.862"
"2019","2","Neuquén","20,5","748"
"2019","2","Neuquén","25,1","20.974"
"2019","2","Neuquén","320","179"
"2019","2","Neuquén","50,1","8.827"
"2019","2","Neuquén","100,1","5.117"
"2019","2","Río Negro","1","96"
"2019","2","Río Negro","4","1.049"
"2019","2","Río Negro","6","3.930"
"2019","2","Río Negro","9","90"
"2019","2","Río Negro","10","62"
"2019","2","Río Negro","1,2","1.557"
"2019","2","Río Negro","16","22"
"2019","2","Río Negro","19","355"
"2019","2","Río Negro","2,2","4.370"
"2019","2","Río Negro","0,26","18.519"
"2019","2","Río Negro","31","144"
"2019","2","Río Negro","3,2","5.125"
"2019","2","Río Negro","41","8"
"2019","2","Río Negro","4,5","565"
"2019","2","Río Negro","0,51","384"
"2019","2","Río Negro","6,4","71.028"
"2019","2","Río Negro","10,1","2.049"
"2019","2","Río Negro","12,3","9.603"
"2019","2","Río Negro","155","2"
"2019","2","Río Negro","20,5","311"
"2019","2","Río Negro","25,1","12.290"
"2019","2","Río Negro","50,1","4.650"
"2019","2","Río Negro","100,1","2.220"
"2019","2","Salta","1","1"
"2019","2","Salta","4","1"
"2019","2","Salta","6","13.219"
"2019","2","Salta","1,2","3.308"
"2019","2","Salta","16","4.135"
"2019","2","Salta","2,2","1.523"
"2019","2","Salta","0,26","7.585"
"2019","2","Salta","31","415"
"2019","2","Salta","3,2","12.883"
"2019","2","Salta","41","1"
"2019","2","Salta","4,5","3.738"
"2019","2","Salta","0,51","49"
"2019","2","Salta","6,4","25.939"
"2019","2","Salta","7,5","6.917"
"2019","2","Salta","10,1","30.006"
"2019","2","Salta","12,3","7.010"
"2019","2","Salta","20,5","5.816"
"2019","2","Salta","25,1","13.644"
"2019","2","Salta","50,1","3.947"
"2019","2","Salta","100,1","2.513"
"2019","2","San Juan","1","1"
"2019","2","San Juan","6","6"
"2019","2","San Juan","10","1.886"
"2019","2","San Juan","1,2","220"
"2019","2","San Juan","0,26","6.119"
"2019","2","San Juan","31","6"
"2019","2","San Juan","3,2","1.036"
"2019","2","San Juan","0,51","22"
"2019","2","San Juan","6,4","59.863"
"2019","2","San Juan","7,5","243"
"2019","2","San Juan","10,1","48"
"2019","2","San Juan","12,3","704"
"2019","2","San Juan","20,5","81"
"2019","2","San Juan","25,1","1"
"2019","2","San Juan","50,1","1"
"2019","2","San Juan","100,1","3"
"2019","2","San Luis","4","2"
"2019","2","San Luis","6","150"
"2019","2","San Luis","10","4.833"
"2019","2","San Luis","1,2","114"
"2019","2","San Luis","0,26","37.977"
"2019","2","San Luis","31","6"
"2019","2","San Luis","3,2","766"
"2019","2","San Luis","4,5","311"
"2019","2","San Luis","0,51","57"
"2019","2","San Luis","6,4","15.334"
"2019","2","San Luis","7,5","123"
"2019","2","San Luis","10,1","8"
"2019","2","San Luis","12,3","404"
"2019","2","San Luis","20,5","63"
"2019","2","San Luis","25,1","57.232"
"2019","2","San Luis","100,1","3"
"2019","2","Santa Cruz","6","5.162"
"2019","2","Santa Cruz","9","2"
"2019","2","Santa Cruz","10","673"
"2019","2","Santa Cruz","1,2","128"
"2019","2","Santa Cruz","16","66"
"2019","2","Santa Cruz","2,2","3"
"2019","2","Santa Cruz","31","8"
"2019","2","Santa Cruz","3,2","5.988"
"2019","2","Santa Cruz","41","3"
"2019","2","Santa Cruz","4,5","611"
"2019","2","Santa Cruz","0,51","25"
"2019","2","Santa Cruz","6,4","13.053"
"2019","2","Santa Cruz","7,5","134"
"2019","2","Santa Cruz","10,1","2.997"
"2019","2","Santa Cruz","12,3","754"
"2019","2","Santa Cruz","20,5","382"
"2019","2","Santa Cruz","25,1","20"
"2019","2","Santa Cruz","100,1","1"
"2019","2","Santa Fe","1","2.928"
"2019","2","Santa Fe","4","6.213"
"2019","2","Santa Fe","6","17.139"
"2019","2","Santa Fe","9","11.985"
"2019","2","Santa Fe","10","1.428"
"2019","2","Santa Fe","1,2","20.600"
"2019","2","Santa Fe","14","1"
"2019","2","Santa Fe","16","17.496"
"2019","2","Santa Fe","17","139"
"2019","2","Santa Fe","19","2.598"
"2019","2","Santa Fe","2,2","9.844"
"2019","2","Santa Fe","0,26","22.323"
"2019","2","Santa Fe","31","3.711"
"2019","2","Santa Fe","3,2","58.602"
"2019","2","Santa Fe","36","458"
"2019","2","Santa Fe","41","2"
"2019","2","Santa Fe","4,5","16.792"
"2019","2","Santa Fe","46","636"
"2019","2","Santa Fe","0,51","321"
"2019","2","Santa Fe","6,4","176.433"
"2019","2","Santa Fe","7,5","1.538"
"2019","2","Santa Fe","81","1"
"2019","2","Santa Fe","97","1"
"2019","2","Santa Fe","10,1","110.225"
"2019","2","Santa Fe","122","1"
"2019","2","Santa Fe","12,3","68.392"
"2019","2","Santa Fe","155","501"
"2019","2","Santa Fe","20,5","41.115"
"2019","2","Santa Fe","25,1","96.428"
"2019","2","Santa Fe","320","273"
"2019","2","Santa Fe","50,1","27.898"
"2019","2","Santa Fe","520","11"
"2019","2","Santa Fe","100,1","20.075"
"2019","2","Santiago Del Estero","1","908"
"2019","2","Santiago Del Estero","6","26.303"
"2019","2","Santiago Del Estero","1,2","2.004"
"2019","2","Santiago Del Estero","16","1.206"
"2019","2","Santiago Del Estero","2,2","1.117"
"2019","2","Santiago Del Estero","0,26","34.501"
"2019","2","Santiago Del Estero","31","108"
"2019","2","Santiago Del Estero","3,2","14.930"
"2019","2","Santiago Del Estero","41","12"
"2019","2","Santiago Del Estero","4,5","693"
"2019","2","Santiago Del Estero","0,51","39"
"2019","2","Santiago Del Estero","6,4","19.145"
"2019","2","Santiago Del Estero","7,5","11.964"
"2019","2","Santiago Del Estero","10,1","9.398"
"2019","2","Santiago Del Estero","12,3","1.006"
"2019","2","Santiago Del Estero","155","1"
"2019","2","Santiago Del Estero","20,5","1.529"
"2019","2","Santiago Del Estero","50,1","202"
"2019","2","Santiago Del Estero","100,1","990"
"2019","2","Tierra Del Fuego","4","1"
"2019","2","Tierra Del Fuego","6","163"
"2019","2","Tierra Del Fuego","9","2.685"
"2019","2","Tierra Del Fuego","10","14"
"2019","2","Tierra Del Fuego","1,2","123"
"2019","2","Tierra Del Fuego","16","23"
"2019","2","Tierra Del Fuego","19","29"
"2019","2","Tierra Del Fuego","31","76"
"2019","2","Tierra Del Fuego","3,2","887"
"2019","2","Tierra Del Fuego","41","6"
"2019","2","Tierra Del Fuego","4,5","2.932"
"2019","2","Tierra Del Fuego","0,51","6"
"2019","2","Tierra Del Fuego","6,4","37.841"
"2019","2","Tierra Del Fuego","10,1","1.542"
"2019","2","Tierra Del Fuego","12,3","1.416"
"2019","2","Tierra Del Fuego","20,5","105"
"2019","2","Tierra Del Fuego","25,1","20"
"2019","2","Tierra Del Fuego","50,1","24"
"2019","2","Tierra Del Fuego","100,1","2"
"2019","2","Tucumán","4","2.890"
"2019","2","Tucumán","6","608"
"2019","2","Tucumán","9","3"
"2019","2","Tucumán","12","2"
"2019","2","Tucumán","1,2","4.491"
"2019","2","Tucumán","16","4.290"
"2019","2","Tucumán","17","1"
"2019","2","Tucumán","2,2","384"
"2019","2","Tucumán","31","628"
"2019","2","Tucumán","3,2","14.320"
"2019","2","Tucumán","4,5","10"
"2019","2","Tucumán","0,51","16"
"2019","2","Tucumán","6,4","56.345"
"2019","2","Tucumán","7,5","45"
"2019","2","Tucumán","86","1"
"2019","2","Tucumán","10,1","44.248"
"2019","2","Tucumán","12,3","218"
"2019","2","Tucumán","20,5","19.780"
"2019","2","Tucumán","50,1","1.496"
"2019","2","Tucumán","100,1","16.897"
"2019","1","Buenos Aires","1","29.165"
"2019","1","Buenos Aires","4","72.976"
"2019","1","Buenos Aires","6","27.087"
"2019","1","Buenos Aires","9","10.151"
"2019","1","Buenos Aires","10","82"
"2019","1","Buenos Aires","12","6"
"2019","1","Buenos Aires","1,2","43.131"
"2019","1","Buenos Aires","14","2"
"2019","1","Buenos Aires","15","1"
"2019","1","Buenos Aires","16","51.715"
"2019","1","Buenos Aires","19","25.701"
"2019","1","Buenos Aires","22","1"
"2019","1","Buenos Aires","2,2","38.585"
"2019","1","Buenos Aires","25","3"
"2019","1","Buenos Aires","0,26","6.369"
"2019","1","Buenos Aires","30","917"
"2019","1","Buenos Aires","31","205.840"
"2019","1","Buenos Aires","3,2","100.919"
"2019","1","Buenos Aires","36","1"
"2019","1","Buenos Aires","41","462"
"2019","1","Buenos Aires","4,5","12.477"
"2019","1","Buenos Aires","50","1"
"2019","1","Buenos Aires","0,51","162.513"
"2019","1","Buenos Aires","61","2"
"2019","1","Buenos Aires","6,4","1.177.920"
"2019","1","Buenos Aires","71","22"
"2019","1","Buenos Aires","7,5","574"
"2019","1","Buenos Aires","97","1"
"2019","1","Buenos Aires","10,1","191.704"
"2019","1","Buenos Aires","122","2"
"2019","1","Buenos Aires","12,3","448.395"
"2019","1","Buenos Aires","155","877"
"2019","1","Buenos Aires","20,5","50.608"
"2019","1","Buenos Aires","25,1","371.475"
"2019","1","Buenos Aires","50,1","605.950"
"2019","1","Buenos Aires","100,1","97.074"
"2019","1","CABA","1","15"
"2019","1","CABA","4","84"
"2019","1","CABA","6","6.905"
"2019","1","CABA","9","82"
"2019","1","CABA","10","7"
"2019","1","CABA","12","9"
"2019","1","CABA","1,2","7.402"
"2019","1","CABA","15","2"
"2019","1","CABA","16","8.426"
"2019","1","CABA","17","3"
"2019","1","CABA","18","1"
"2019","1","CABA","19","19.542"
"2019","1","CABA","2,2","1.423"
"2019","1","CABA","25","1"
"2019","1","CABA","31","114.056"
"2019","1","CABA","3,2","14.081"
"2019","1","CABA","35","1"
"2019","1","CABA","36","8"
"2019","1","CABA","41","23"
"2019","1","CABA","4,5","1.019"
"2019","1","CABA","0,51","74"
"2019","1","CABA","61","10"
"2019","1","CABA","6,4","260.275"
"2019","1","CABA","66","1"
"2019","1","CABA","71","5"
"2019","1","CABA","7,5","25"
"2019","1","CABA","81","3"
"2019","1","CABA","10,1","130.893"
"2019","1","CABA","120","1"
"2019","1","CABA","122","4"
"2019","1","CABA","12,3","276.724"
"2019","1","CABA","131","1"
"2019","1","CABA","155","572"
"2019","1","CABA","20,5","25.415"
"2019","1","CABA","25,1","251.662"
"2019","1","CABA","50,1","212.857"
"2019","1","CABA","100,1","69.971"
"2019","1","Catamarca","6","342"
"2019","1","Catamarca","1,2","1.708"
"2019","1","Catamarca","16","1.586"
"2019","1","Catamarca","2,2","6"
"2019","1","Catamarca","0,26","2.151"
"2019","1","Catamarca","31","29"
"2019","1","Catamarca","3,2","7.065"
"2019","1","Catamarca","0,51","34"
"2019","1","Catamarca","6,4","11.348"
"2019","1","Catamarca","7,5","221"
"2019","1","Catamarca","10,1","6.222"
"2019","1","Catamarca","12,3","297"
"2019","1","Catamarca","20,5","3.723"
"2019","1","Catamarca","50,1","7"
"2019","1","Chaco","4","1.184"
"2019","1","Chaco","6","4.635"
"2019","1","Chaco","9","10.034"
"2019","1","Chaco","1,2","3.801"
"2019","1","Chaco","16","4.108"
"2019","1","Chaco","19","386"
"2019","1","Chaco","2,2","486"
"2019","1","Chaco","0,26","1.035"
"2019","1","Chaco","31","599"
"2019","1","Chaco","3,2","7.710"
"2019","1","Chaco","36","509"
"2019","1","Chaco","41","336"
"2019","1","Chaco","4,5","6.091"
"2019","1","Chaco","46","100"
"2019","1","Chaco","0,51","69"
"2019","1","Chaco","6,4","18.613"
"2019","1","Chaco","7,5","1"
"2019","1","Chaco","10,1","15.597"
"2019","1","Chaco","12,3","8.398"
"2019","1","Chaco","20,5","6.073"
"2019","1","Chaco","25,1","11.794"
"2019","1","Chaco","50,1","3.697"
"2019","1","Chaco","100,1","1.726"
"2019","1","Chubut","1","4"
"2019","1","Chubut","4","73"
"2019","1","Chubut","6","342"
"2019","1","Chubut","9","177"
"2019","1","Chubut","1,2","3.934"
"2019","1","Chubut","16","163"
"2019","1","Chubut","2,2","3.377"
"2019","1","Chubut","31","2"
"2019","1","Chubut","3,2","4.090"
"2019","1","Chubut","4,5","1.134"
"2019","1","Chubut","0,51","66"
"2019","1","Chubut","6,4","62.061"
"2019","1","Chubut","7,5","134"
"2019","1","Chubut","10,1","6.260"
"2019","1","Chubut","12,3","598"
"2019","1","Chubut","20,5","26"
"2019","1","Chubut","25,1","72"
"2019","1","Chubut","50,1","164"
"2019","1","Chubut","100,1","1"
"2019","1","Córdoba","1","994"
"2019","1","Córdoba","4","25.913"
"2019","1","Córdoba","6","11.574"
"2019","1","Córdoba","9","3.132"
"2019","1","Córdoba","12","2"
"2019","1","Córdoba","1,2","19.409"
"2019","1","Córdoba","14","1"
"2019","1","Córdoba","16","21.281"
"2019","1","Córdoba","19","7.564"
"2019","1","Córdoba","2,2","13.585"
"2019","1","Córdoba","25","2"
"2019","1","Córdoba","0,26","6.806"
"2019","1","Córdoba","31","9.437"
"2019","1","Córdoba","32","1"
"2019","1","Córdoba","3,2","51.551"
"2019","1","Córdoba","41","2"
"2019","1","Córdoba","4,5","13.089"
"2019","1","Córdoba","0,51","81"
"2019","1","Córdoba","6,4","127.057"
"2019","1","Córdoba","66","1"
"2019","1","Córdoba","71","2"
"2019","1","Córdoba","7,5","3.052"
"2019","1","Córdoba","90","1"
"2019","1","Córdoba","10,1","90.813"
"2019","1","Córdoba","120","1"
"2019","1","Córdoba","12,3","134.465"
"2019","1","Córdoba","140","1"
"2019","1","Córdoba","155","21"
"2019","1","Córdoba","20,5","37.368"
"2019","1","Córdoba","25,1","118.534"
"2019","1","Córdoba","50,1","32.271"
"2019","1","Córdoba","100,1","18.407"
"2019","1","Corrientes","6","424"
"2019","1","Corrientes","9","10.759"
"2019","1","Corrientes","1,2","6.470"
"2019","1","Corrientes","16","3.495"
"2019","1","Corrientes","19","386"
"2019","1","Corrientes","2,2","451"
"2019","1","Corrientes","31","127"
"2019","1","Corrientes","3,2","10.687"
"2019","1","Corrientes","36","538"
"2019","1","Corrientes","4,5","6.995"
"2019","1","Corrientes","46","136"
"2019","1","Corrientes","0,51","10"
"2019","1","Corrientes","6,4","19.845"
"2019","1","Corrientes","10,1","15.803"
"2019","1","Corrientes","12,3","7.256"
"2019","1","Corrientes","20,5","4.361"
"2019","1","Corrientes","25,1","9.561"
"2019","1","Corrientes","50,1","2.894"
"2019","1","Corrientes","100,1","1.461"
"2019","1","Entre Ríos","4","2.188"
"2019","1","Entre Ríos","6","4.058"
"2019","1","Entre Ríos","9","16.394"
"2019","1","Entre Ríos","1,2","9.217"
"2019","1","Entre Ríos","16","7.270"
"2019","1","Entre Ríos","19","542"
"2019","1","Entre Ríos","2,2","2.426"
"2019","1","Entre Ríos","0,26","12.142"
"2019","1","Entre Ríos","31","178"
"2019","1","Entre Ríos","3,2","23.795"
"2019","1","Entre Ríos","36","349"
"2019","1","Entre Ríos","4,5","19.847"
"2019","1","Entre Ríos","46","54"
"2019","1","Entre Ríos","0,51","18"
"2019","1","Entre Ríos","6,4","54.699"
"2019","1","Entre Ríos","7,5","185"
"2019","1","Entre Ríos","10,1","33.489"
"2019","1","Entre Ríos","12,3","17.168"
"2019","1","Entre Ríos","155","1"
"2019","1","Entre Ríos","20,5","3.977"
"2019","1","Entre Ríos","25,1","17.968"
"2019","1","Entre Ríos","50,1","4.546"
"2019","1","Entre Ríos","100,1","2.669"
"2019","1","Formosa","1","191"
"2019","1","Formosa","4","1.201"
"2019","1","Formosa","6","312"
"2019","1","Formosa","1,2","2.832"
"2019","1","Formosa","16","1.128"
"2019","1","Formosa","19","16"
"2019","1","Formosa","2,2","985"
"2019","1","Formosa","31","601"
"2019","1","Formosa","3,2","10.601"
"2019","1","Formosa","4,5","2.980"
"2019","1","Formosa","0,51","1.110"
"2019","1","Formosa","6,4","7.006"
"2019","1","Formosa","7,5","2"
"2019","1","Formosa","10,1","5.299"
"2019","1","Formosa","12,3","3.551"
"2019","1","Formosa","20,5","4.332"
"2019","1","Formosa","25,1","1.498"
"2019","1","Formosa","50,1","1.446"
"2019","1","Formosa","100,1","208"
"2019","1","Jujuy","1","106"
"2019","1","Jujuy","4","2.229"
"2019","1","Jujuy","6","309"
"2019","1","Jujuy","10","1"
"2019","1","Jujuy","1,2","2.711"
"2019","1","Jujuy","16","1.527"
"2019","1","Jujuy","2,2","2.542"
"2019","1","Jujuy","0,26","37.162"
"2019","1","Jujuy","31","29"
"2019","1","Jujuy","3,2","12.499"
"2019","1","Jujuy","45","1"
"2019","1","Jujuy","4,5","1"
"2019","1","Jujuy","48","1"
"2019","1","Jujuy","0,51","27"
"2019","1","Jujuy","6,4","13.147"
"2019","1","Jujuy","10,1","7.810"
"2019","1","Jujuy","12,3","1"
"2019","1","Jujuy","155","1"
"2019","1","Jujuy","20,5","2.493"
"2019","1","Jujuy","25,1","1"
"2019","1","Jujuy","50,1","12"
"2019","1","Jujuy","100,1","1.126"
"2019","1","La Pampa","1","313"
"2019","1","La Pampa","6","5.135"
"2019","1","La Pampa","9","2"
"2019","1","La Pampa","1,2","8.014"
"2019","1","La Pampa","16","781"
"2019","1","La Pampa","19","3"
"2019","1","La Pampa","2,2","6.551"
"2019","1","La Pampa","0,26","698"
"2019","1","La Pampa","31","723"
"2019","1","La Pampa","3,2","25.965"
"2019","1","La Pampa","36","1"
"2019","1","La Pampa","40","1"
"2019","1","La Pampa","41","2"
"2019","1","La Pampa","4,5","531"
"2019","1","La Pampa","0,51","236"
"2019","1","La Pampa","6,4","32.356"
"2019","1","La Pampa","65","1"
"2019","1","La Pampa","77","2"
"2019","1","La Pampa","81","1"
"2019","1","La Pampa","91","2"
"2019","1","La Pampa","92","1"
"2019","1","La Pampa","97","1"
"2019","1","La Pampa","10,1","4.464"
"2019","1","La Pampa","109","3"
"2019","1","La Pampa","110","1"
"2019","1","La Pampa","122","3"
"2019","1","La Pampa","12,3","186"
"2019","1","La Pampa","125","2"
"2019","1","La Pampa","131","2"
"2019","1","La Pampa","140","2"
"2019","1","La Pampa","145","1"
"2019","1","La Pampa","155","51"
"2019","1","La Pampa","20,5","91"
"2019","1","La Pampa","25,1","631"
"2019","1","La Pampa","50,1","325"
"2019","1","La Pampa","100,1","3"
"2019","1","La Rioja","4","31.589"
"2019","1","La Rioja","6","103"
"2019","1","La Rioja","1,2","1.169"
"2019","1","La Rioja","16","4.693"
"2019","1","La Rioja","2,2","3"
"2019","1","La Rioja","31","17"
"2019","1","La Rioja","3,2","2.109"
"2019","1","La Rioja","0,51","9"
"2019","1","La Rioja","6,4","6.481"
"2019","1","La Rioja","10,1","4.088"
"2019","1","La Rioja","20,5","523"
"2019","1","La Rioja","50,1","5"
"2019","1","La Rioja","100,1","864"
"2019","1","Mendoza","1","11"
"2019","1","Mendoza","4","15"
"2019","1","Mendoza","6","2.981"
"2019","1","Mendoza","9","22"
"2019","1","Mendoza","10","763"
"2019","1","Mendoza","1,2","1.775"
"2019","1","Mendoza","16","119"
"2019","1","Mendoza","2,2","4.580"
"2019","1","Mendoza","25","1"
"2019","1","Mendoza","31","23"
"2019","1","Mendoza","3,2","26.041"
"2019","1","Mendoza","41","2"
"2019","1","Mendoza","4,5","246"
"2019","1","Mendoza","0,51","20"
"2019","1","Mendoza","6,4","171.520"
"2019","1","Mendoza","7,5","1.635"
"2019","1","Mendoza","10,1","417"
"2019","1","Mendoza","12,3","4.984"
"2019","1","Mendoza","131","1"
"2019","1","Mendoza","145","1"
"2019","1","Mendoza","155","3"
"2019","1","Mendoza","20,5","599"
"2019","1","Mendoza","25,1","97"
"2019","1","Mendoza","50,1","112"
"2019","1","Mendoza","100,1","11"
"2019","1","Misiones","6","1.558"
"2019","1","Misiones","9","9.858"
"2019","1","Misiones","1,2","5.946"
"2019","1","Misiones","16","4.010"
"2019","1","Misiones","19","398"
"2019","1","Misiones","2,2","163"
"2019","1","Misiones","0,26","7.654"
"2019","1","Misiones","31","364"
"2019","1","Misiones","3,2","17.906"
"2019","1","Misiones","36","103"
"2019","1","Misiones","4,5","4.349"
"2019","1","Misiones","46","22"
"2019","1","Misiones","0,51","47"
"2019","1","Misiones","6,4","21.290"
"2019","1","Misiones","10,1","16.032"
"2019","1","Misiones","12,3","10.771"
"2019","1","Misiones","20,5","3.932"
"2019","1","Misiones","25,1","16.188"
"2019","1","Misiones","50,1","3.510"
"2019","1","Misiones","100,1","1.532"
"2019","1","Neuquén","1","357"
"2019","1","Neuquén","4","15.162"
"2019","1","Neuquén","6","355"
"2019","1","Neuquén","9","98"
"2019","1","Neuquén","1,2","2.698"
"2019","1","Neuquén","16","6"
"2019","1","Neuquén","19","1.027"
"2019","1","Neuquén","2,2","845"
"2019","1","Neuquén","0,26","6.105"
"2019","1","Neuquén","31","181"
"2019","1","Neuquén","3,2","1.104"
"2019","1","Neuquén","4,5","111"
"2019","1","Neuquén","0,51","1.328"
"2019","1","Neuquén","6,4","34.783"
"2019","1","Neuquén","10,1","1.683"
"2019","1","Neuquén","12,3","20.184"
"2019","1","Neuquén","20,5","235"
"2019","1","Neuquén","25,1","16.963"
"2019","1","Neuquén","50,1","7.384"
"2019","1","Neuquén","100,1","3.633"
"2019","1","Río Negro","1","96"
"2019","1","Río Negro","4","1.049"
"2019","1","Río Negro","6","3.777"
"2019","1","Río Negro","9","90"
"2019","1","Río Negro","1,2","1.487"
"2019","1","Río Negro","16","22"
"2019","1","Río Negro","19","525"
"2019","1","Río Negro","2,2","3.991"
"2019","1","Río Negro","0,26","3.719"
"2019","1","Río Negro","31","91"
"2019","1","Río Negro","3,2","4.396"
"2019","1","Río Negro","41","8"
"2019","1","Río Negro","4,5","2.039"
"2019","1","Río Negro","0,51","384"
"2019","1","Río Negro","6,4","69.593"
"2019","1","Río Negro","10,1","1.947"
"2019","1","Río Negro","12,3","12.775"
"2019","1","Río Negro","155","2"
"2019","1","Río Negro","20,5","293"
"2019","1","Río Negro","25,1","9.503"
"2019","1","Río Negro","50,1","3.532"
"2019","1","Río Negro","100,1","1.507"
"2019","1","Salta","1","1"
"2019","1","Salta","4","1"
"2019","1","Salta","6","13.232"
"2019","1","Salta","1,2","4.231"
"2019","1","Salta","16","5.189"
"2019","1","Salta","2,2","1.977"
"2019","1","Salta","0,26","1"
"2019","1","Salta","31","368"
"2019","1","Salta","3,2","14.745"
"2019","1","Salta","41","1"
"2019","1","Salta","4,5","200"
"2019","1","Salta","0,51","49"
"2019","1","Salta","6,4","29.089"
"2019","1","Salta","7,5","6.917"
"2019","1","Salta","10,1","29.556"
"2019","1","Salta","12,3","11.504"
"2019","1","Salta","20,5","6.217"
"2019","1","Salta","25,1","10.493"
"2019","1","Salta","50,1","1.285"
"2019","1","Salta","100,1","956"
"2019","1","San Juan","1","1"
"2019","1","San Juan","6","6"
"2019","1","San Juan","9","3"
"2019","1","San Juan","1,2","228"
"2019","1","San Juan","0,26","560"
"2019","1","San Juan","31","2"
"2019","1","San Juan","3,2","4.402"
"2019","1","San Juan","0,51","22"
"2019","1","San Juan","6,4","57.972"
"2019","1","San Juan","7,5","225"
"2019","1","San Juan","10,1","38"
"2019","1","San Juan","12,3","448"
"2019","1","San Juan","20,5","72"
"2019","1","San Juan","25,1","1"
"2019","1","San Juan","50,1","1"
"2019","1","San Juan","100,1","1"
"2019","1","San Luis","4","2"
"2019","1","San Luis","6","362"
"2019","1","San Luis","9","10"
"2019","1","San Luis","1,2","120"
"2019","1","San Luis","0,26","23.577"
"2019","1","San Luis","31","7"
"2019","1","San Luis","3,2","3.295"
"2019","1","San Luis","4,5","284"
"2019","1","San Luis","0,51","57"
"2019","1","San Luis","6,4","17.437"
"2019","1","San Luis","7,5","118"
"2019","1","San Luis","10,1","53.086"
"2019","1","San Luis","12,3","286"
"2019","1","San Luis","20,5","59"
"2019","1","San Luis","25,1","1"
"2019","1","Santa Cruz","6","1.611"
"2019","1","Santa Cruz","9","3"
"2019","1","Santa Cruz","1,2","128"
"2019","1","Santa Cruz","16","66"
"2019","1","Santa Cruz","2,2","3"
"2019","1","Santa Cruz","31","6"
"2019","1","Santa Cruz","3,2","7.305"
"2019","1","Santa Cruz","41","3"
"2019","1","Santa Cruz","0,51","25"
"2019","1","Santa Cruz","6,4","13.071"
"2019","1","Santa Cruz","7,5","138"
"2019","1","Santa Cruz","10,1","2.590"
"2019","1","Santa Cruz","12,3","255"
"2019","1","Santa Cruz","20,5","381"
"2019","1","Santa Cruz","25,1","20"
"2019","1","Santa Cruz","100,1","1"
"2019","1","Santa Fe","1","2.928"
"2019","1","Santa Fe","4","7.825"
"2019","1","Santa Fe","6","14.259"
"2019","1","Santa Fe","9","21.456"
"2019","1","Santa Fe","10","10"
"2019","1","Santa Fe","1,2","26.422"
"2019","1","Santa Fe","14","1"
"2019","1","Santa Fe","16","22.153"
"2019","1","Santa Fe","17","139"
"2019","1","Santa Fe","19","4.100"
"2019","1","Santa Fe","22","24"
"2019","1","Santa Fe","2,2","11.800"
"2019","1","Santa Fe","0,26","18.591"
"2019","1","Santa Fe","31","2.905"
"2019","1","Santa Fe","3,2","70.777"
"2019","1","Santa Fe","36","458"
"2019","1","Santa Fe","41","2"
"2019","1","Santa Fe","4,5","11.997"
"2019","1","Santa Fe","46","636"
"2019","1","Santa Fe","0,51","333"
"2019","1","Santa Fe","6,4","180.140"
"2019","1","Santa Fe","7,5","838"
"2019","1","Santa Fe","81","1"
"2019","1","Santa Fe","97","1"
"2019","1","Santa Fe","10,1","100.655"
"2019","1","Santa Fe","122","1"
"2019","1","Santa Fe","12,3","88.056"
"2019","1","Santa Fe","155","501"
"2019","1","Santa Fe","20,5","38.763"
"2019","1","Santa Fe","25,1","71.654"
"2019","1","Santa Fe","50,1","21.346"
"2019","1","Santa Fe","100,1","13.548"
"2019","1","Santiago Del Estero","1","908"
"2019","1","Santiago Del Estero","6","26.314"
"2019","1","Santiago Del Estero","1,2","2.464"
"2019","1","Santiago Del Estero","16","1.587"
"2019","1","Santiago Del Estero","2,2","1.003"
"2019","1","Santiago Del Estero","31","85"
"2019","1","Santiago Del Estero","3,2","16.201"
"2019","1","Santiago Del Estero","4,5","6"
"2019","1","Santiago Del Estero","0,51","39"
"2019","1","Santiago Del Estero","6,4","19.371"
"2019","1","Santiago Del Estero","7,5","11.893"
"2019","1","Santiago Del Estero","10,1","8.798"
"2019","1","Santiago Del Estero","12,3","877"
"2019","1","Santiago Del Estero","20,5","1.495"
"2019","1","Santiago Del Estero","50,1","36"
"2019","1","Santiago Del Estero","100,1","458"
"2019","1","Tierra Del Fuego","4","1"
"2019","1","Tierra Del Fuego","6","153"
"2019","1","Tierra Del Fuego","9","1.953"
"2019","1","Tierra Del Fuego","10","5"
"2019","1","Tierra Del Fuego","1,2","131"
"2019","1","Tierra Del Fuego","16","24"
"2019","1","Tierra Del Fuego","31","61"
"2019","1","Tierra Del Fuego","3,2","958"
"2019","1","Tierra Del Fuego","41","5"
"2019","1","Tierra Del Fuego","4,5","5"
"2019","1","Tierra Del Fuego","0,51","6"
"2019","1","Tierra Del Fuego","6,4","37.734"
"2019","1","Tierra Del Fuego","10,1","1.665"
"2019","1","Tierra Del Fuego","12,3","496"
"2019","1","Tierra Del Fuego","20,5","121"
"2019","1","Tierra Del Fuego","25,1","19"
"2019","1","Tierra Del Fuego","50,1","24"
"2019","1","Tucumán","4","2.890"
"2019","1","Tucumán","6","604"
"2019","1","Tucumán","9","3"
"2019","1","Tucumán","12","2"
"2019","1","Tucumán","1,2","5.188"
"2019","1","Tucumán","16","5.679"
"2019","1","Tucumán","17","1"
"2019","1","Tucumán","2,2","280"
"2019","1","Tucumán","31","847"
"2019","1","Tucumán","3,2","16.326"
"2019","1","Tucumán","4,5","10"
"2019","1","Tucumán","0,51","16"
"2019","1","Tucumán","6,4","62.130"
"2019","1","Tucumán","7,5","46"
"2019","1","Tucumán","86","1"
"2019","1","Tucumán","10,1","42.828"
"2019","1","Tucumán","12,3","167"
"2019","1","Tucumán","20,5","20.361"
"2019","1","Tucumán","50,1","377"
"2019","1","Tucumán","100,1","14.461"
"2018","4","Buenos Aires","1","30.370"
"2018","4","Buenos Aires","4","78.880"
"2018","4","Buenos Aires","6","14.313"
"2018","4","Buenos Aires","9","10.148"
"2018","4","Buenos Aires","10","82"
"2018","4","Buenos Aires","12","6"
"2018","4","Buenos Aires","1,2","43.391"
"2018","4","Buenos Aires","14","2"
"2018","4","Buenos Aires","15","1"
"2018","4","Buenos Aires","16","51.762"
"2018","4","Buenos Aires","19","25.701"
"2018","4","Buenos Aires","22","1"
"2018","4","Buenos Aires","2,2","37.528"
"2018","4","Buenos Aires","25","3"
"2018","4","Buenos Aires","0,26","19.125"
"2018","4","Buenos Aires","31","579.019"
"2018","4","Buenos Aires","3,2","101.980"
"2018","4","Buenos Aires","36","1"
"2018","4","Buenos Aires","41","428"
"2018","4","Buenos Aires","4,5","12.477"
"2018","4","Buenos Aires","50","1"
"2018","4","Buenos Aires","0,51","134.673"
"2018","4","Buenos Aires","61","2"
"2018","4","Buenos Aires","6,4","1.177.285"
"2018","4","Buenos Aires","71","22"
"2018","4","Buenos Aires","7,5","466"
"2018","4","Buenos Aires","97","1"
"2018","4","Buenos Aires","10,1","183.730"
"2018","4","Buenos Aires","122","2"
"2018","4","Buenos Aires","12,3","448.354"
"2018","4","Buenos Aires","155","357"
"2018","4","Buenos Aires","20,5","51.853"
"2018","4","Buenos Aires","25,1","371.447"
"2018","4","Buenos Aires","50,1","185.927"
"2018","4","Buenos Aires","100,1","77.268"
"2018","4","CABA","1","15"
"2018","4","CABA","4","92"
"2018","4","CABA","6","6.395"
"2018","4","CABA","9","81"
"2018","4","CABA","10","5"
"2018","4","CABA","12","5"
"2018","4","CABA","1,2","7.373"
"2018","4","CABA","16","8.424"
"2018","4","CABA","17","3"
"2018","4","CABA","18","1"
"2018","4","CABA","19","19.542"
"2018","4","CABA","2,2","1.412"
"2018","4","CABA","25","1"
"2018","4","CABA","31","187.857"
"2018","4","CABA","3,2","14.058"
"2018","4","CABA","35","1"
"2018","4","CABA","36","7"
"2018","4","CABA","41","23"
"2018","4","CABA","4,5","1.051"
"2018","4","CABA","0,51","74"
"2018","4","CABA","61","8"
"2018","4","CABA","6,4","260.273"
"2018","4","CABA","66","1"
"2018","4","CABA","71","5"
"2018","4","CABA","7,5","24"
"2018","4","CABA","81","2"
"2018","4","CABA","10,1","143.199"
"2018","4","CABA","120","2"
"2018","4","CABA","122","6"
"2018","4","CABA","12,3","276.724"
"2018","4","CABA","131","2"
"2018","4","CABA","155","325"
"2018","4","CABA","20,5","25.797"
"2018","4","CABA","25,1","249.810"
"2018","4","CABA","50,1","121.553"
"2018","4","CABA","100,1","64.869"
"2018","4","Catamarca","6","296"
"2018","4","Catamarca","1,2","1.669"
"2018","4","Catamarca","16","1.632"
"2018","4","Catamarca","2,2","6"
"2018","4","Catamarca","0,26","2.003"
"2018","4","Catamarca","31","29"
"2018","4","Catamarca","3,2","6.703"
"2018","4","Catamarca","0,51","34"
"2018","4","Catamarca","6,4","10.950"
"2018","4","Catamarca","7,5","206"
"2018","4","Catamarca","10,1","6.219"
"2018","4","Catamarca","12,3","109"
"2018","4","Catamarca","20,5","3.720"
"2018","4","Catamarca","50,1","7"
"2018","4","Chaco","4","1.184"
"2018","4","Chaco","6","4.635"
"2018","4","Chaco","9","10.034"
"2018","4","Chaco","1,2","3.405"
"2018","4","Chaco","16","4.108"
"2018","4","Chaco","19","386"
"2018","4","Chaco","2,2","486"
"2018","4","Chaco","31","599"
"2018","4","Chaco","3,2","7.698"
"2018","4","Chaco","36","509"
"2018","4","Chaco","41","336"
"2018","4","Chaco","4,5","6.091"
"2018","4","Chaco","46","100"
"2018","4","Chaco","0,51","69"
"2018","4","Chaco","6,4","16.343"
"2018","4","Chaco","7,5","1"
"2018","4","Chaco","10,1","15.598"
"2018","4","Chaco","12,3","8.398"
"2018","4","Chaco","20,5","6.073"
"2018","4","Chaco","25,1","11.794"
"2018","4","Chaco","50,1","3.697"
"2018","4","Chaco","100,1","1.726"
"2018","4","Chubut","1","4"
"2018","4","Chubut","4","73"
"2018","4","Chubut","6","251"
"2018","4","Chubut","9","157"
"2018","4","Chubut","1,2","3.913"
"2018","4","Chubut","16","62"
"2018","4","Chubut","2,2","3.357"
"2018","4","Chubut","0,26","1.144"
"2018","4","Chubut","31","404"
"2018","4","Chubut","3,2","2.639"
"2018","4","Chubut","4,5","374"
"2018","4","Chubut","0,51","66"
"2018","4","Chubut","6,4","59.367"
"2018","4","Chubut","7,5","42"
"2018","4","Chubut","10,1","6.016"
"2018","4","Chubut","12,3","453"
"2018","4","Chubut","20,5","16"
"2018","4","Chubut","25,1","219"
"2018","4","Chubut","50,1","164"
"2018","4","Chubut","100,1","1"
"2018","4","Córdoba","1","1.429"
"2018","4","Córdoba","4","25.805"
"2018","4","Córdoba","6","11.344"
"2018","4","Córdoba","9","2.054"
"2018","4","Córdoba","12","2"
"2018","4","Córdoba","1,2","22.673"
"2018","4","Córdoba","16","21.582"
"2018","4","Córdoba","19","7.564"
"2018","4","Córdoba","2,2","5.490"
"2018","4","Córdoba","25","2"
"2018","4","Córdoba","0,26","8.903"
"2018","4","Córdoba","31","9.528"
"2018","4","Córdoba","32","1"
"2018","4","Córdoba","3,2","51.962"
"2018","4","Córdoba","41","2"
"2018","4","Córdoba","4,5","12.657"
"2018","4","Córdoba","0,51","81"
"2018","4","Córdoba","6,4","121.217"
"2018","4","Córdoba","66","1"
"2018","4","Córdoba","71","2"
"2018","4","Córdoba","7,5","3.021"
"2018","4","Córdoba","90","1"
"2018","4","Córdoba","10,1","92.202"
"2018","4","Córdoba","12,3","134.373"
"2018","4","Córdoba","140","1"
"2018","4","Córdoba","155","21"
"2018","4","Córdoba","20,5","38.118"
"2018","4","Córdoba","25,1","118.532"
"2018","4","Córdoba","50,1","30.355"
"2018","4","Córdoba","100,1","18.416"
"2018","4","Corrientes","6","224"
"2018","4","Corrientes","9","10.759"
"2018","4","Corrientes","1,2","6.438"
"2018","4","Corrientes","16","3.495"
"2018","4","Corrientes","19","386"
"2018","4","Corrientes","2,2","451"
"2018","4","Corrientes","31","127"
"2018","4","Corrientes","3,2","9.887"
"2018","4","Corrientes","36","538"
"2018","4","Corrientes","4,5","6.995"
"2018","4","Corrientes","46","136"
"2018","4","Corrientes","0,51","10"
"2018","4","Corrientes","6,4","19.819"
"2018","4","Corrientes","10,1","15.803"
"2018","4","Corrientes","12,3","7.256"
"2018","4","Corrientes","20,5","4.361"
"2018","4","Corrientes","25,1","9.561"
"2018","4","Corrientes","50,1","2.894"
"2018","4","Corrientes","100,1","1.461"
"2018","4","Entre Ríos","4","2.188"
"2018","4","Entre Ríos","6","3.117"
"2018","4","Entre Ríos","9","16.386"
"2018","4","Entre Ríos","10","1"
"2018","4","Entre Ríos","1,2","8.769"
"2018","4","Entre Ríos","16","7.290"
"2018","4","Entre Ríos","19","542"
"2018","4","Entre Ríos","2,2","2.220"
"2018","4","Entre Ríos","0,26","13.693"
"2018","4","Entre Ríos","31","178"
"2018","4","Entre Ríos","3,2","20.136"
"2018","4","Entre Ríos","36","349"
"2018","4","Entre Ríos","4,5","19.107"
"2018","4","Entre Ríos","46","50"
"2018","4","Entre Ríos","0,51","18"
"2018","4","Entre Ríos","6,4","48.012"
"2018","4","Entre Ríos","71","1"
"2018","4","Entre Ríos","7,5","122"
"2018","4","Entre Ríos","10,1","33.518"
"2018","4","Entre Ríos","12,3","17.167"
"2018","4","Entre Ríos","20,5","4.003"
"2018","4","Entre Ríos","25,1","17.968"
"2018","4","Entre Ríos","50,1","4.544"
"2018","4","Entre Ríos","100,1","2.668"
"2018","4","Formosa","1","191"
"2018","4","Formosa","4","1.201"
"2018","4","Formosa","6","312"
"2018","4","Formosa","1,2","2.883"
"2018","4","Formosa","16","1.128"
"2018","4","Formosa","19","16"
"2018","4","Formosa","2,2","1.000"
"2018","4","Formosa","31","594"
"2018","4","Formosa","3,2","10.464"
"2018","4","Formosa","4,5","2.979"
"2018","4","Formosa","0,51","1.110"
"2018","4","Formosa","6,4","7.006"
"2018","4","Formosa","7,5","2"
"2018","4","Formosa","10,1","5.283"
"2018","4","Formosa","12,3","3.551"
"2018","4","Formosa","20,5","4.332"
"2018","4","Formosa","25,1","1.498"
"2018","4","Formosa","50,1","1.446"
"2018","4","Formosa","100,1","208"
"2018","4","Jujuy","1","106"
"2018","4","Jujuy","4","2.229"
"2018","4","Jujuy","6","309"
"2018","4","Jujuy","10","1"
"2018","4","Jujuy","1,2","2.697"
"2018","4","Jujuy","16","1.527"
"2018","4","Jujuy","2,2","2.542"
"2018","4","Jujuy","0,26","43.573"
"2018","4","Jujuy","31","29"
"2018","4","Jujuy","3,2","12.499"
"2018","4","Jujuy","45","1"
"2018","4","Jujuy","4,5","1"
"2018","4","Jujuy","48","1"
"2018","4","Jujuy","0,51","27"
"2018","4","Jujuy","6,4","13.147"
"2018","4","Jujuy","10,1","7.810"
"2018","4","Jujuy","12,3","1"
"2018","4","Jujuy","155","1"
"2018","4","Jujuy","20,5","2.493"
"2018","4","Jujuy","25,1","1"
"2018","4","Jujuy","50,1","12"
"2018","4","Jujuy","100,1","1.126"
"2018","4","La Pampa","1","5.355"
"2018","4","La Pampa","4","32.968"
"2018","4","La Pampa","6","5.135"
"2018","4","La Pampa","9","3.400"
"2018","4","La Pampa","1,2","2.372"
"2018","4","La Pampa","16","776"
"2018","4","La Pampa","19","3"
"2018","4","La Pampa","2,2","6.453"
"2018","4","La Pampa","0,26","923"
"2018","4","La Pampa","3,2","12.465"
"2018","4","La Pampa","36","1"
"2018","4","La Pampa","40","1"
"2018","4","La Pampa","41","2"
"2018","4","La Pampa","4,5","501"
"2018","4","La Pampa","0,51","241"
"2018","4","La Pampa","6,4","12.986"
"2018","4","La Pampa","65","1"
"2018","4","La Pampa","77","2"
"2018","4","La Pampa","81","1"
"2018","4","La Pampa","91","2"
"2018","4","La Pampa","92","1"
"2018","4","La Pampa","97","1"
"2018","4","La Pampa","10,1","261"
"2018","4","La Pampa","109","3"
"2018","4","La Pampa","110","1"
"2018","4","La Pampa","122","3"
"2018","4","La Pampa","12,3","186"
"2018","4","La Pampa","125","2"
"2018","4","La Pampa","131","2"
"2018","4","La Pampa","140","2"
"2018","4","La Pampa","145","1"
"2018","4","La Pampa","155","51"
"2018","4","La Pampa","20,5","13"
"2018","4","La Pampa","25,1","1.328"
"2018","4","La Pampa","50,1","190"
"2018","4","La Pampa","100,1","3"
"2018","4","La Rioja","4","31.589"
"2018","4","La Rioja","6","103"
"2018","4","La Rioja","1,2","1.164"
"2018","4","La Rioja","16","4.693"
"2018","4","La Rioja","2,2","3"
"2018","4","La Rioja","0,26","3"
"2018","4","La Rioja","31","17"
"2018","4","La Rioja","3,2","2.109"
"2018","4","La Rioja","0,51","9"
"2018","4","La Rioja","6,4","6.481"
"2018","4","La Rioja","10,1","4.088"
"2018","4","La Rioja","20,5","523"
"2018","4","La Rioja","50,1","5"
"2018","4","La Rioja","100,1","864"
"2018","4","Mendoza","1","11"
"2018","4","Mendoza","4","15"
"2018","4","Mendoza","6","1.752"
"2018","4","Mendoza","9","18"
"2018","4","Mendoza","10","763"
"2018","4","Mendoza","1,2","1.452"
"2018","4","Mendoza","16","1.888"
"2018","4","Mendoza","2,2","4.182"
"2018","4","Mendoza","25","1"
"2018","4","Mendoza","31","22"
"2018","4","Mendoza","3,2","25.165"
"2018","4","Mendoza","41","2"
"2018","4","Mendoza","4,5","238"
"2018","4","Mendoza","0,51","20"
"2018","4","Mendoza","6,4","166.098"
"2018","4","Mendoza","7,5","1.337"
"2018","4","Mendoza","10,1","376"
"2018","4","Mendoza","12,3","2.337"
"2018","4","Mendoza","145","1"
"2018","4","Mendoza","155","1"
"2018","4","Mendoza","20,5","501"
"2018","4","Mendoza","25,1","6"
"2018","4","Mendoza","50,1","113"
"2018","4","Mendoza","100,1","5"
"2018","4","Misiones","6","1.558"
"2018","4","Misiones","9","9.858"
"2018","4","Misiones","1,2","5.981"
"2018","4","Misiones","16","4.064"
"2018","4","Misiones","19","398"
"2018","4","Misiones","2,2","163"
"2018","4","Misiones","31","378"
"2018","4","Misiones","3,2","17.989"
"2018","4","Misiones","36","103"
"2018","4","Misiones","4,5","4.349"
"2018","4","Misiones","46","22"
"2018","4","Misiones","0,51","47"
"2018","4","Misiones","6,4","19.208"
"2018","4","Misiones","10,1","16.161"
"2018","4","Misiones","12,3","10.771"
"2018","4","Misiones","20,5","3.993"
"2018","4","Misiones","25,1","16.188"
"2018","4","Misiones","50,1","3.510"
"2018","4","Misiones","100,1","1.532"
"2018","4","Neuquén","1","357"
"2018","4","Neuquén","4","15.162"
"2018","4","Neuquén","6","355"
"2018","4","Neuquén","9","98"
"2018","4","Neuquén","1,2","2.687"
"2018","4","Neuquén","16","6"
"2018","4","Neuquén","19","1.027"
"2018","4","Neuquén","2,2","818"
"2018","4","Neuquén","0,26","6.287"
"2018","4","Neuquén","31","181"
"2018","4","Neuquén","3,2","1.085"
"2018","4","Neuquén","4,5","110"
"2018","4","Neuquén","0,51","1.328"
"2018","4","Neuquén","6,4","34.783"
"2018","4","Neuquén","10,1","1.683"
"2018","4","Neuquén","12,3","20.184"
"2018","4","Neuquén","20,5","235"
"2018","4","Neuquén","25,1","16.963"
"2018","4","Neuquén","50,1","7.384"
"2018","4","Neuquén","100,1","3.632"
"2018","4","Río Negro","1","96"
"2018","4","Río Negro","4","1.049"
"2018","4","Río Negro","6","3.760"
"2018","4","Río Negro","9","90"
"2018","4","Río Negro","1,2","1.129"
"2018","4","Río Negro","16","40"
"2018","4","Río Negro","19","525"
"2018","4","Río Negro","2,2","4.217"
"2018","4","Río Negro","0,26","3.094"
"2018","4","Río Negro","31","91"
"2018","4","Río Negro","3,2","7.095"
"2018","4","Río Negro","41","2"
"2018","4","Río Negro","4,5","2.039"
"2018","4","Río Negro","0,51","384"
"2018","4","Río Negro","6,4","65.252"
"2018","4","Río Negro","10,1","553"
"2018","4","Río Negro","12,3","12.748"
"2018","4","Río Negro","155","2"
"2018","4","Río Negro","20,5","127"
"2018","4","Río Negro","25,1","9.505"
"2018","4","Río Negro","50,1","3.532"
"2018","4","Río Negro","100,1","1.507"
"2018","4","Salta","1","1"
"2018","4","Salta","4","1"
"2018","4","Salta","6","13.232"
"2018","4","Salta","1,2","3.658"
"2018","4","Salta","16","5.189"
"2018","4","Salta","2,2","1.858"
"2018","4","Salta","31","368"
"2018","4","Salta","3,2","14.204"
"2018","4","Salta","41","1"
"2018","4","Salta","4,5","200"
"2018","4","Salta","0,51","49"
"2018","4","Salta","6,4","28.997"
"2018","4","Salta","7,5","6.917"
"2018","4","Salta","10,1","29.448"
"2018","4","Salta","12,3","11.504"
"2018","4","Salta","20,5","6.217"
"2018","4","Salta","25,1","10.493"
"2018","4","Salta","50,1","1.285"
"2018","4","Salta","100,1","956"
"2018","4","San Juan","1","1"
"2018","4","San Juan","6","3"
"2018","4","San Juan","9","3"
"2018","4","San Juan","1,2","1.464"
"2018","4","San Juan","0,26","606"
"2018","4","San Juan","31","1"
"2018","4","San Juan","3,2","4.230"
"2018","4","San Juan","0,51","22"
"2018","4","San Juan","6,4","55.578"
"2018","4","San Juan","7,5","175"
"2018","4","San Juan","10,1","2"
"2018","4","San Juan","12,3","260"
"2018","4","San Juan","20,5","52"
"2018","4","San Juan","50,1","1"
"2018","4","San Luis","4","2"
"2018","4","San Luis","6","257"
"2018","4","San Luis","9","10"
"2018","4","San Luis","1,2","109"
"2018","4","San Luis","0,26","23.635"
"2018","4","San Luis","31","63"
"2018","4","San Luis","3,2","2.811"
"2018","4","San Luis","4,5","284"
"2018","4","San Luis","0,51","57"
"2018","4","San Luis","6,4","15.810"
"2018","4","San Luis","7,5","86"
"2018","4","San Luis","10,1","53.087"
"2018","4","San Luis","12,3","75"
"2018","4","San Luis","20,5","44"
"2018","4","San Luis","25,1","1"
"2018","4","Santa Cruz","6","1.611"
"2018","4","Santa Cruz","9","3"
"2018","4","Santa Cruz","1,2","115"
"2018","4","Santa Cruz","16","66"
"2018","4","Santa Cruz","2,2","143"
"2018","4","Santa Cruz","0,26","531"
"2018","4","Santa Cruz","31","1"
"2018","4","Santa Cruz","3,2","7.777"
"2018","4","Santa Cruz","41","3"
"2018","4","Santa Cruz","0,51","25"
"2018","4","Santa Cruz","6,4","13.576"
"2018","4","Santa Cruz","7,5","122"
"2018","4","Santa Cruz","10,1","654"
"2018","4","Santa Cruz","12,3","79"
"2018","4","Santa Cruz","20,5","61"
"2018","4","Santa Cruz","100,1","1"
"2018","4","Santa Fe","1","2.928"
"2018","4","Santa Fe","4","7.879"
"2018","4","Santa Fe","6","8.253"
"2018","4","Santa Fe","9","21.189"
"2018","4","Santa Fe","1,2","28.469"
"2018","4","Santa Fe","14","1"
"2018","4","Santa Fe","16","21.916"
"2018","4","Santa Fe","19","4.100"
"2018","4","Santa Fe","22","24"
"2018","4","Santa Fe","2,2","9.830"
"2018","4","Santa Fe","0,26","28.450"
"2018","4","Santa Fe","31","2.831"
"2018","4","Santa Fe","3,2","70.912"
"2018","4","Santa Fe","36","458"
"2018","4","Santa Fe","41","3"
"2018","4","Santa Fe","4,5","11.254"
"2018","4","Santa Fe","46","636"
"2018","4","Santa Fe","0,51","335"
"2018","4","Santa Fe","61","1"
"2018","4","Santa Fe","6,4","168.173"
"2018","4","Santa Fe","7,5","830"
"2018","4","Santa Fe","97","1"
"2018","4","Santa Fe","10,1","98.990"
"2018","4","Santa Fe","12,3","87.567"
"2018","4","Santa Fe","155","501"
"2018","4","Santa Fe","20,5","38.455"
"2018","4","Santa Fe","25,1","71.585"
"2018","4","Santa Fe","50,1","21.261"
"2018","4","Santa Fe","100,1","13.558"
"2018","4","Santiago Del Estero","1","908"
"2018","4","Santiago Del Estero","6","26.312"
"2018","4","Santiago Del Estero","1,2","2.342"
"2018","4","Santiago Del Estero","16","1.587"
"2018","4","Santiago Del Estero","2,2","1.011"
"2018","4","Santiago Del Estero","0,26","326"
"2018","4","Santiago Del Estero","31","77"
"2018","4","Santiago Del Estero","3,2","18.440"
"2018","4","Santiago Del Estero","4,5","6"
"2018","4","Santiago Del Estero","0,51","39"
"2018","4","Santiago Del Estero","6,4","15.578"
"2018","4","Santiago Del Estero","7,5","11.613"
"2018","4","Santiago Del Estero","10,1","8.514"
"2018","4","Santiago Del Estero","12,3","654"
"2018","4","Santiago Del Estero","20,5","1.445"
"2018","4","Santiago Del Estero","50,1","29"
"2018","4","Santiago Del Estero","100,1","454"
"2018","4","Tierra Del Fuego","4","1"
"2018","4","Tierra Del Fuego","9","6.268"
"2018","4","Tierra Del Fuego","1,2","27"
"2018","4","Tierra Del Fuego","31","24"
"2018","4","Tierra Del Fuego","3,2","264"
"2018","4","Tierra Del Fuego","34","54"
"2018","4","Tierra Del Fuego","41","3"
"2018","4","Tierra Del Fuego","4,5","5"
"2018","4","Tierra Del Fuego","0,51","6"
"2018","4","Tierra Del Fuego","6,4","29.649"
"2018","4","Tierra Del Fuego","10,1","55"
"2018","4","Tierra Del Fuego","12,3","9.746"
"2018","4","Tierra Del Fuego","20,5","148"
"2018","4","Tierra Del Fuego","50,1","10"
"2018","4","Tucumán","4","2.890"
"2018","4","Tucumán","6","612"
"2018","4","Tucumán","9","3"
"2018","4","Tucumán","12","2"
"2018","4","Tucumán","1,2","5.244"
"2018","4","Tucumán","16","5.679"
"2018","4","Tucumán","17","1"
"2018","4","Tucumán","2,2","298"
"2018","4","Tucumán","0,26","92"
"2018","4","Tucumán","31","847"
"2018","4","Tucumán","3,2","16.372"
"2018","4","Tucumán","4,5","10"
"2018","4","Tucumán","0,51","16"
"2018","4","Tucumán","6,4","61.907"
"2018","4","Tucumán","7,5","29"
"2018","4","Tucumán","86","1"
"2018","4","Tucumán","10,1","42.734"
"2018","4","Tucumán","12,3","72"
"2018","4","Tucumán","20,5","20.357"
"2018","4","Tucumán","50,1","377"
"2018","4","Tucumán","100,1","14.461"
"2018","3","Buenos Aires","1","30.986"
"2018","3","Buenos Aires","4","82.470"
"2018","3","Buenos Aires","6","10.818"
"2018","3","Buenos Aires","9","10.220"
"2018","3","Buenos Aires","10","89"
"2018","3","Buenos Aires","12","6"
"2018","3","Buenos Aires","1,2","49.473"
"2018","3","Buenos Aires","14","2"
"2018","3","Buenos Aires","15","1"
"2018","3","Buenos Aires","16","53.027"
"2018","3","Buenos Aires","19","31.791"
"2018","3","Buenos Aires","22","1"
"2018","3","Buenos Aires","2,2","44.241"
"2018","3","Buenos Aires","25","2"
"2018","3","Buenos Aires","0,26","120.987"
"2018","3","Buenos Aires","31","580.007"
"2018","3","Buenos Aires","3,2","98.158"
"2018","3","Buenos Aires","36","1"
"2018","3","Buenos Aires","41","349"
"2018","3","Buenos Aires","4,5","9.242"
"2018","3","Buenos Aires","50","1"
"2018","3","Buenos Aires","0,51","991"
"2018","3","Buenos Aires","61","1"
"2018","3","Buenos Aires","6,4","1.200.804"
"2018","3","Buenos Aires","71","2"
"2018","3","Buenos Aires","7,5","2.021"
"2018","3","Buenos Aires","97","1"
"2018","3","Buenos Aires","10,1","178.475"
"2018","3","Buenos Aires","122","2"
"2018","3","Buenos Aires","12,3","501.638"
"2018","3","Buenos Aires","155","357"
"2018","3","Buenos Aires","20,5","49.625"
"2018","3","Buenos Aires","25,1","318.906"
"2018","3","Buenos Aires","50,1","175.039"
"2018","3","Buenos Aires","100,1","60.543"
"2018","3","CABA","1","15"
"2018","3","CABA","4","234"
"2018","3","CABA","6","6.453"
"2018","3","CABA","9","91"
"2018","3","CABA","10","5"
"2018","3","CABA","12","5"
"2018","3","CABA","1,2","8.478"
"2018","3","CABA","16","9.568"
"2018","3","CABA","17","3"
"2018","3","CABA","18","1"
"2018","3","CABA","19","24.348"
"2018","3","CABA","2,2","1.504"
"2018","3","CABA","25","1"
"2018","3","CABA","31","191.289"
"2018","3","CABA","3,2","15.555"
"2018","3","CABA","36","7"
"2018","3","CABA","41","21"
"2018","3","CABA","4,5","1.051"
"2018","3","CABA","0,51","73"
"2018","3","CABA","61","8"
"2018","3","CABA","6,4","263.122"
"2018","3","CABA","66","1"
"2018","3","CABA","71","5"
"2018","3","CABA","7,5","21"
"2018","3","CABA","81","2"
"2018","3","CABA","10,1","147.136"
"2018","3","CABA","120","2"
"2018","3","CABA","122","6"
"2018","3","CABA","12,3","308.302"
"2018","3","CABA","131","2"
"2018","3","CABA","155","325"
"2018","3","CABA","20,5","26.450"
"2018","3","CABA","25,1","223.746"
"2018","3","CABA","50,1","113.000"
"2018","3","CABA","100,1","51.660"
"2018","3","Catamarca","1","1"
"2018","3","Catamarca","6","300"
"2018","3","Catamarca","1,2","1.993"
"2018","3","Catamarca","16","1.863"
"2018","3","Catamarca","2,2","6"
"2018","3","Catamarca","0,26","2.004"
"2018","3","Catamarca","31","34"
"2018","3","Catamarca","3,2","7.180"
"2018","3","Catamarca","0,51","34"
"2018","3","Catamarca","6,4","10.989"
"2018","3","Catamarca","7,5","206"
"2018","3","Catamarca","10,1","6.152"
"2018","3","Catamarca","12,3","109"
"2018","3","Catamarca","20,5","3.348"
"2018","3","Catamarca","50,1","7"
"2018","3","Chaco","4","1.184"
"2018","3","Chaco","6","4.637"
"2018","3","Chaco","9","9.529"
"2018","3","Chaco","1,2","3.503"
"2018","3","Chaco","16","4.542"
"2018","3","Chaco","19","450"
"2018","3","Chaco","2,2","225"
"2018","3","Chaco","0,26","1.035"
"2018","3","Chaco","31","675"
"2018","3","Chaco","3,2","7.894"
"2018","3","Chaco","36","516"
"2018","3","Chaco","41","336"
"2018","3","Chaco","4,5","6.427"
"2018","3","Chaco","46","106"
"2018","3","Chaco","0,51","70"
"2018","3","Chaco","6,4","15.055"
"2018","3","Chaco","10,1","15.387"
"2018","3","Chaco","12,3","9.354"
"2018","3","Chaco","20,5","5.989"
"2018","3","Chaco","25,1","10.410"
"2018","3","Chaco","50,1","3.438"
"2018","3","Chaco","100,1","1.271"
"2018","3","Chubut","1","5"
"2018","3","Chubut","4","74"
"2018","3","Chubut","6","223"
"2018","3","Chubut","9","127"
"2018","3","Chubut","1,2","3.946"
"2018","3","Chubut","16","62"
"2018","3","Chubut","2,2","3.261"
"2018","3","Chubut","0,26","1.142"
"2018","3","Chubut","31","404"
"2018","3","Chubut","3,2","2.253"
"2018","3","Chubut","4,5","317"
"2018","3","Chubut","0,51","67"
"2018","3","Chubut","6,4","84.968"
"2018","3","Chubut","7,5","42"
"2018","3","Chubut","10,1","5.993"
"2018","3","Chubut","12,3","453"
"2018","3","Chubut","20,5","16"
"2018","3","Chubut","25,1","219"
"2018","3","Chubut","50,1","164"
"2018","3","Córdoba","1","2.052"
"2018","3","Córdoba","4","28.113"
"2018","3","Córdoba","6","9.681"
"2018","3","Córdoba","9","1.327"
"2018","3","Córdoba","12","2"
"2018","3","Córdoba","1,2","22.715"
"2018","3","Córdoba","16","23.486"
"2018","3","Córdoba","19","9.377"
"2018","3","Córdoba","2,2","6.466"
"2018","3","Córdoba","25","11"
"2018","3","Córdoba","0,26","8.996"
"2018","3","Córdoba","31","10.143"
"2018","3","Córdoba","3,2","49.305"
"2018","3","Córdoba","4,5","11.687"
"2018","3","Córdoba","0,51","81"
"2018","3","Córdoba","6,4","119.219"
"2018","3","Córdoba","66","2"
"2018","3","Córdoba","71","3"
"2018","3","Córdoba","7,5","2.170"
"2018","3","Córdoba","10,1","92.875"
"2018","3","Córdoba","12,3","150.347"
"2018","3","Córdoba","137","1"
"2018","3","Córdoba","155","19"
"2018","3","Córdoba","20,5","38.772"
"2018","3","Córdoba","25,1","99.190"
"2018","3","Córdoba","50,1","25.921"
"2018","3","Córdoba","100,1","13.897"
"2018","3","Corrientes","4","1"
"2018","3","Corrientes","6","241"
"2018","3","Corrientes","9","9.394"
"2018","3","Corrientes","1,2","6.754"
"2018","3","Corrientes","16","3.799"
"2018","3","Corrientes","19","473"
"2018","3","Corrientes","2,2","1.786"
"2018","3","Corrientes","31","176"
"2018","3","Corrientes","3,2","8.841"
"2018","3","Corrientes","36","509"
"2018","3","Corrientes","4,5","7.393"
"2018","3","Corrientes","46","133"
"2018","3","Corrientes","0,51","11"
"2018","3","Corrientes","6,4","20.099"
"2018","3","Corrientes","10,1","15.559"
"2018","3","Corrientes","12,3","8.121"
"2018","3","Corrientes","155","1"
"2018","3","Corrientes","20,5","4.208"
"2018","3","Corrientes","25,1","8.181"
"2018","3","Corrientes","50,1","2.687"
"2018","3","Corrientes","100,1","1.089"
"2018","3","Entre Ríos","1","1"
"2018","3","Entre Ríos","4","2.189"
"2018","3","Entre Ríos","6","1.322"
"2018","3","Entre Ríos","9","14.468"
"2018","3","Entre Ríos","10","1"
"2018","3","Entre Ríos","1,2","9.047"
"2018","3","Entre Ríos","16","8.069"
"2018","3","Entre Ríos","19","650"
"2018","3","Entre Ríos","2,2","5.629"
"2018","3","Entre Ríos","0,26","546"
"2018","3","Entre Ríos","31","222"
"2018","3","Entre Ríos","3,2","16.554"
"2018","3","Entre Ríos","36","344"
"2018","3","Entre Ríos","4,5","21.783"
"2018","3","Entre Ríos","46","59"
"2018","3","Entre Ríos","0,51","18"
"2018","3","Entre Ríos","6,4","48.618"
"2018","3","Entre Ríos","71","1"
"2018","3","Entre Ríos","10,1","31.182"
"2018","3","Entre Ríos","12,3","18.653"
"2018","3","Entre Ríos","155","3"
"2018","3","Entre Ríos","20,5","3.981"
"2018","3","Entre Ríos","25,1","14.889"
"2018","3","Entre Ríos","50,1","4.223"
"2018","3","Entre Ríos","100,1","2.156"
"2018","3","Formosa","1","191"
"2018","3","Formosa","4","1.201"
"2018","3","Formosa","6","167"
"2018","3","Formosa","1,2","3.174"
"2018","3","Formosa","16","1.218"
"2018","3","Formosa","19","18"
"2018","3","Formosa","2,2","875"
"2018","3","Formosa","0,26","8"
"2018","3","Formosa","31","617"
"2018","3","Formosa","3,2","10.547"
"2018","3","Formosa","4,5","2.980"
"2018","3","Formosa","0,51","1.110"
"2018","3","Formosa","6,4","6.854"
"2018","3","Formosa","7,5","2"
"2018","3","Formosa","10,1","5.257"
"2018","3","Formosa","12,3","3.848"
"2018","3","Formosa","20,5","4.252"
"2018","3","Formosa","25,1","1.112"
"2018","3","Formosa","50,1","1.389"
"2018","3","Formosa","100,1","45"
"2018","3","Jujuy","1","741"
"2018","3","Jujuy","4","7.632"
"2018","3","Jujuy","6","209"
"2018","3","Jujuy","1,2","2.279"
"2018","3","Jujuy","16","1.717"
"2018","3","Jujuy","2,2","3"
"2018","3","Jujuy","0,26","38"
"2018","3","Jujuy","31","39"
"2018","3","Jujuy","3,2","8.985"
"2018","3","Jujuy","0,51","345"
"2018","3","Jujuy","6,4","12.219"
"2018","3","Jujuy","10,1","7.756"
"2018","3","Jujuy","155","1"
"2018","3","Jujuy","20,5","2.349"
"2018","3","Jujuy","50,1","10"
"2018","3","Jujuy","100,1","612"
"2018","3","La Pampa","1","5.777"
"2018","3","La Pampa","4","32.697"
"2018","3","La Pampa","6","5.084"
"2018","3","La Pampa","9","3.056"
"2018","3","La Pampa","1,2","2.640"
"2018","3","La Pampa","16","651"
"2018","3","La Pampa","18","2"
"2018","3","La Pampa","19","3"
"2018","3","La Pampa","20","1"
"2018","3","La Pampa","2,2","6.050"
"2018","3","La Pampa","0,26","780"
"2018","3","La Pampa","31","1"
"2018","3","La Pampa","3,2","11.838"
"2018","3","La Pampa","38","2"
"2018","3","La Pampa","41","5"
"2018","3","La Pampa","4,5","395"
"2018","3","La Pampa","0,51","242"
"2018","3","La Pampa","56","1"
"2018","3","La Pampa","61","2"
"2018","3","La Pampa","6,4","12.443"
"2018","3","La Pampa","65","1"
"2018","3","La Pampa","66","4"
"2018","3","La Pampa","70","2"
"2018","3","La Pampa","75","2"
"2018","3","La Pampa","78","2"
"2018","3","La Pampa","81","1"
"2018","3","La Pampa","90","5"
"2018","3","La Pampa","91","1"
"2018","3","La Pampa","100","2"
"2018","3","La Pampa","10,1","97"
"2018","3","La Pampa","12,3","251"
"2018","3","La Pampa","128","5"
"2018","3","La Pampa","131","2"
"2018","3","La Pampa","155","29"
"2018","3","La Pampa","20,5","12"
"2018","3","La Pampa","25,1","1.188"
"2018","3","La Pampa","50,1","147"
"2018","3","La Pampa","100,1","3"
"2018","3","La Rioja","1","1"
"2018","3","La Rioja","4","31.590"
"2018","3","La Rioja","6","104"
"2018","3","La Rioja","1,2","1.290"
"2018","3","La Rioja","16","4.862"
"2018","3","La Rioja","2,2","3"
"2018","3","La Rioja","0,26","3"
"2018","3","La Rioja","31","20"
"2018","3","La Rioja","3,2","2.250"
"2018","3","La Rioja","0,51","9"
"2018","3","La Rioja","6,4","6.700"
"2018","3","La Rioja","10,1","4.138"
"2018","3","La Rioja","20,5","563"
"2018","3","La Rioja","50,1","2"
"2018","3","La Rioja","100,1","337"
"2018","3","Mendoza","1","13"
"2018","3","Mendoza","4","93"
"2018","3","Mendoza","6","1.722"
"2018","3","Mendoza","9","18"
"2018","3","Mendoza","10","763"
"2018","3","Mendoza","1,2","1.512"
"2018","3","Mendoza","16","1.890"
"2018","3","Mendoza","2,2","2.234"
"2018","3","Mendoza","25","1"
"2018","3","Mendoza","31","30"
"2018","3","Mendoza","3,2","24.977"
"2018","3","Mendoza","41","2"
"2018","3","Mendoza","4,5","238"
"2018","3","Mendoza","0,51","20"
"2018","3","Mendoza","6,4","168.861"
"2018","3","Mendoza","7,5","1.337"
"2018","3","Mendoza","10,1","358"
"2018","3","Mendoza","12,3","2.337"
"2018","3","Mendoza","145","1"
"2018","3","Mendoza","155","1"
"2018","3","Mendoza","20,5","500"
"2018","3","Mendoza","25,1","6"
"2018","3","Mendoza","50,1","113"
"2018","3","Mendoza","100,1","2"
"2018","3","Misiones","6","1.557"
"2018","3","Misiones","9","8.675"
"2018","3","Misiones","1,2","5.749"
"2018","3","Misiones","16","4.620"
"2018","3","Misiones","17","3"
"2018","3","Misiones","19","483"
"2018","3","Misiones","2,2","163"
"2018","3","Misiones","31","445"
"2018","3","Misiones","3,2","12.154"
"2018","3","Misiones","36","99"
"2018","3","Misiones","4,5","4.728"
"2018","3","Misiones","46","19"
"2018","3","Misiones","0,51","48"
"2018","3","Misiones","6,4","18.463"
"2018","3","Misiones","10,1","16.072"
"2018","3","Misiones","12,3","12.298"
"2018","3","Misiones","20,5","3.808"
"2018","3","Misiones","25,1","14.229"
"2018","3","Misiones","50,1","3.250"
"2018","3","Misiones","100,1","1.179"
"2018","3","Neuquén","1","491"
"2018","3","Neuquén","4","16.298"
"2018","3","Neuquén","6","118"
"2018","3","Neuquén","9","85"
"2018","3","Neuquén","1,2","1.753"
"2018","3","Neuquén","16","6"
"2018","3","Neuquén","19","1.235"
"2018","3","Neuquén","2,2","275"
"2018","3","Neuquén","0,26","6.888"
"2018","3","Neuquén","31","243"
"2018","3","Neuquén","3,2","386"
"2018","3","Neuquén","4,5","104"
"2018","3","Neuquén","0,51","1.396"
"2018","3","Neuquén","6,4","38.641"
"2018","3","Neuquén","10,1","1.562"
"2018","3","Neuquén","12,3","22.355"
"2018","3","Neuquén","20,5","189"
"2018","3","Neuquén","25,1","14.984"
"2018","3","Neuquén","50,1","6.924"
"2018","3","Neuquén","100,1","2.785"
"2018","3","Río Negro","1","143"
"2018","3","Río Negro","4","2.022"
"2018","3","Río Negro","6","1.335"
"2018","3","Río Negro","9","73"
"2018","3","Río Negro","1,2","5.078"
"2018","3","Río Negro","16","40"
"2018","3","Río Negro","19","651"
"2018","3","Río Negro","2,2","2.142"
"2018","3","Río Negro","0,26","3.707"
"2018","3","Río Negro","31","133"
"2018","3","Río Negro","3,2","3.317"
"2018","3","Río Negro","41","2"
"2018","3","Río Negro","4,5","1.786"
"2018","3","Río Negro","0,51","409"
"2018","3","Río Negro","6,4","65.327"
"2018","3","Río Negro","10,1","439"
"2018","3","Río Negro","12,3","14.136"
"2018","3","Río Negro","155","1"
"2018","3","Río Negro","20,5","85"
"2018","3","Río Negro","25,1","8.364"
"2018","3","Río Negro","50,1","3.194"
"2018","3","Río Negro","100,1","1.108"
"2018","3","Salta","1","131"
"2018","3","Salta","4","16.579"
"2018","3","Salta","6","591"
"2018","3","Salta","9","7.687"
"2018","3","Salta","1,2","3.590"
"2018","3","Salta","16","5.908"
"2018","3","Salta","2,2","1.847"
"2018","3","Salta","31","371"
"2018","3","Salta","3,2","13.889"
"2018","3","Salta","4,5","200"
"2018","3","Salta","0,51","116"
"2018","3","Salta","6,4","27.850"
"2018","3","Salta","10,1","25.095"
"2018","3","Salta","12,3","13.597"
"2018","3","Salta","20,5","6.077"
"2018","3","Salta","25,1","8.867"
"2018","3","Salta","50,1","227"
"2018","3","Salta","100,1","261"
"2018","3","San Juan","1","2"
"2018","3","San Juan","6","3"
"2018","3","San Juan","9","3"
"2018","3","San Juan","1,2","1.324"
"2018","3","San Juan","0,26","112"
"2018","3","San Juan","31","3"
"2018","3","San Juan","3,2","4.230"
"2018","3","San Juan","0,51","22"
"2018","3","San Juan","6,4","58.292"
"2018","3","San Juan","7,5","175"
"2018","3","San Juan","10,1","2"
"2018","3","San Juan","12,3","260"
"2018","3","San Juan","20,5","52"
"2018","3","San Juan","50,1","1"
"2018","3","San Luis","4","17"
"2018","3","San Luis","6","257"
"2018","3","San Luis","9","10"
"2018","3","San Luis","1,2","109"
"2018","3","San Luis","0,26","1.961"
"2018","3","San Luis","31","64"
"2018","3","San Luis","3,2","2.801"
"2018","3","San Luis","4,5","284"
"2018","3","San Luis","0,51","57"
"2018","3","San Luis","6,4","15.811"
"2018","3","San Luis","7,5","86"
"2018","3","San Luis","10,1","52.844"
"2018","3","San Luis","12,3","75"
"2018","3","San Luis","20,5","44"
"2018","3","San Luis","25,1","1"
"2018","3","Santa Cruz","6","1.611"
"2018","3","Santa Cruz","9","3"
"2018","3","Santa Cruz","1,2","116"
"2018","3","Santa Cruz","16","66"
"2018","3","Santa Cruz","2,2","143"
"2018","3","Santa Cruz","0,26","54"
"2018","3","Santa Cruz","31","1"
"2018","3","Santa Cruz","3,2","7.759"
"2018","3","Santa Cruz","41","3"
"2018","3","Santa Cruz","0,51","26"
"2018","3","Santa Cruz","6,4","23.302"
"2018","3","Santa Cruz","7,5","122"
"2018","3","Santa Cruz","10,1","653"
"2018","3","Santa Cruz","12,3","79"
"2018","3","Santa Cruz","20,5","61"
"2018","3","Santa Fe","1","6.701"
"2018","3","Santa Fe","4","67.576"
"2018","3","Santa Fe","6","5.513"
"2018","3","Santa Fe","9","28.189"
"2018","3","Santa Fe","1,2","30.085"
"2018","3","Santa Fe","14","1"
"2018","3","Santa Fe","16","23.378"
"2018","3","Santa Fe","19","5.080"
"2018","3","Santa Fe","22","24"
"2018","3","Santa Fe","2,2","10.517"
"2018","3","Santa Fe","0,26","16.439"
"2018","3","Santa Fe","31","3.123"
"2018","3","Santa Fe","3,2","62.246"
"2018","3","Santa Fe","36","445"
"2018","3","Santa Fe","41","2"
"2018","3","Santa Fe","4,5","9.621"
"2018","3","Santa Fe","46","490"
"2018","3","Santa Fe","0,51","467"
"2018","3","Santa Fe","61","1"
"2018","3","Santa Fe","6,4","113.738"
"2018","3","Santa Fe","7,5","189"
"2018","3","Santa Fe","97","1"
"2018","3","Santa Fe","10,1","87.529"
"2018","3","Santa Fe","12,3","96.737"
"2018","3","Santa Fe","155","502"
"2018","3","Santa Fe","20,5","37.349"
"2018","3","Santa Fe","25,1","59.418"
"2018","3","Santa Fe","50,1","19.209"
"2018","3","Santa Fe","100,1","10.530"
"2018","3","Santiago Del Estero","1","908"
"2018","3","Santiago Del Estero","4","24.769"
"2018","3","Santiago Del Estero","6","302"
"2018","3","Santiago Del Estero","9","11.699"
"2018","3","Santiago Del Estero","1,2","1.642"
"2018","3","Santiago Del Estero","16","1.806"
"2018","3","Santiago Del Estero","2,2","959"
"2018","3","Santiago Del Estero","0,26","258"
"2018","3","Santiago Del Estero","31","50"
"2018","3","Santiago Del Estero","3,2","18.639"
"2018","3","Santiago Del Estero","0,51","41"
"2018","3","Santiago Del Estero","6,4","15.591"
"2018","3","Santiago Del Estero","7,5","480"
"2018","3","Santiago Del Estero","10,1","6.937"
"2018","3","Santiago Del Estero","12,3","654"
"2018","3","Santiago Del Estero","20,5","1.346"
"2018","3","Santiago Del Estero","25,1","16"
"2018","3","Santiago Del Estero","50,1","13"
"2018","3","Santiago Del Estero","100,1","250"
"2018","3","Tierra Del Fuego","1","1"
"2018","3","Tierra Del Fuego","4","1"
"2018","3","Tierra Del Fuego","6","44"
"2018","3","Tierra Del Fuego","9","196"
"2018","3","Tierra Del Fuego","1,2","186"
"2018","3","Tierra Del Fuego","0,26","1.264"
"2018","3","Tierra Del Fuego","31","24"
"2018","3","Tierra Del Fuego","3,2","1.166"
"2018","3","Tierra Del Fuego","41","3"
"2018","3","Tierra Del Fuego","4,5","3.668"
"2018","3","Tierra Del Fuego","0,51","6"
"2018","3","Tierra Del Fuego","6,4","36.690"
"2018","3","Tierra Del Fuego","10,1","2.074"
"2018","3","Tierra Del Fuego","12,3","216"
"2018","3","Tierra Del Fuego","20,5","15"
"2018","3","Tierra Del Fuego","50,1","10"
"2018","3","Tucumán","1","1"
"2018","3","Tucumán","4","2.890"
"2018","3","Tucumán","6","624"
"2018","3","Tucumán","1,2","5.992"
"2018","3","Tucumán","16","6.669"
"2018","3","Tucumán","2,2","199"
"2018","3","Tucumán","0,26","126"
"2018","3","Tucumán","31","941"
"2018","3","Tucumán","3,2","17.342"
"2018","3","Tucumán","0,51","16"
"2018","3","Tucumán","6,4","60.504"
"2018","3","Tucumán","7,5","25"
"2018","3","Tucumán","10,1","43.257"
"2018","3","Tucumán","12,3","72"
"2018","3","Tucumán","20,5","20.321"
"2018","3","Tucumán","50,1","246"
"2018","3","Tucumán","100,1","11.941"
"2018","2","Buenos Aires","1","33.052"
"2018","2","Buenos Aires","4","95.340"
"2018","2","Buenos Aires","6","7.880"
"2018","2","Buenos Aires","9","10.188"
"2018","2","Buenos Aires","10","89"
"2018","2","Buenos Aires","12","6"
"2018","2","Buenos Aires","1,2","48.302"
"2018","2","Buenos Aires","14","2"
"2018","2","Buenos Aires","15","1"
"2018","2","Buenos Aires","16","55.641"
"2018","2","Buenos Aires","19","39.299"
"2018","2","Buenos Aires","22","1"
"2018","2","Buenos Aires","2,2","50.912"
"2018","2","Buenos Aires","25","2"
"2018","2","Buenos Aires","0,26","111.742"
"2018","2","Buenos Aires","31","278.799"
"2018","2","Buenos Aires","3,2","102.430"
"2018","2","Buenos Aires","36","1"
"2018","2","Buenos Aires","41","305"
"2018","2","Buenos Aires","4,5","9.162"
"2018","2","Buenos Aires","50","1"
"2018","2","Buenos Aires","0,51","1.009"
"2018","2","Buenos Aires","61","1"
"2018","2","Buenos Aires","6,4","1.193.719"
"2018","2","Buenos Aires","71","2"
"2018","2","Buenos Aires","7,5","2.022"
"2018","2","Buenos Aires","97","1"
"2018","2","Buenos Aires","10,1","283.158"
"2018","2","Buenos Aires","122","2"
"2018","2","Buenos Aires","12,3","555.492"
"2018","2","Buenos Aires","155","226"
"2018","2","Buenos Aires","20,5","165.615"
"2018","2","Buenos Aires","25,1","258.066"
"2018","2","Buenos Aires","50,1","148.201"
"2018","2","Buenos Aires","100,1","50.030"
"2018","2","CABA","1","15"
"2018","2","CABA","4","236"
"2018","2","CABA","6","6.502"
"2018","2","CABA","9","91"
"2018","2","CABA","10","5"
"2018","2","CABA","12","5"
"2018","2","CABA","1,2","9.219"
"2018","2","CABA","16","11.274"
"2018","2","CABA","17","3"
"2018","2","CABA","18","1"
"2018","2","CABA","19","30.302"
"2018","2","CABA","2,2","1.598"
"2018","2","CABA","25","1"
"2018","2","CABA","31","82.996"
"2018","2","CABA","3,2","16.721"
"2018","2","CABA","36","7"
"2018","2","CABA","41","23"
"2018","2","CABA","4,5","1.051"
"2018","2","CABA","0,51","73"
"2018","2","CABA","61","8"
"2018","2","CABA","6,4","262.202"
"2018","2","CABA","66","1"
"2018","2","CABA","71","5"
"2018","2","CABA","7,5","21"
"2018","2","CABA","81","2"
"2018","2","CABA","10,1","219.049"
"2018","2","CABA","120","2"
"2018","2","CABA","122","6"
"2018","2","CABA","12,3","346.650"
"2018","2","CABA","131","2"
"2018","2","CABA","155","290"
"2018","2","CABA","20,5","57.110"
"2018","2","CABA","25,1","181.824"
"2018","2","CABA","50,1","103.170"
"2018","2","CABA","100,1","38.721"
"2018","2","Catamarca","1","1"
"2018","2","Catamarca","6","286"
"2018","2","Catamarca","1,2","2.413"
"2018","2","Catamarca","16","2.134"
"2018","2","Catamarca","2,2","4"
"2018","2","Catamarca","0,26","6.516"
"2018","2","Catamarca","31","36"
"2018","2","Catamarca","3,2","5.507"
"2018","2","Catamarca","0,51","34"
"2018","2","Catamarca","6,4","8.827"
"2018","2","Catamarca","10,1","6.112"
"2018","2","Catamarca","20,5","2.213"
"2018","2","Catamarca","50,1","6"
"2018","2","Chaco","4","1.306"
"2018","2","Chaco","6","187"
"2018","2","Chaco","9","8.915"
"2018","2","Chaco","1,2","2.968"
"2018","2","Chaco","16","5.234"
"2018","2","Chaco","19","546"
"2018","2","Chaco","2,2","34"
"2018","2","Chaco","0,26","1.266"
"2018","2","Chaco","31","588"
"2018","2","Chaco","3,2","8.223"
"2018","2","Chaco","36","522"
"2018","2","Chaco","4,5","6.812"
"2018","2","Chaco","46","107"
"2018","2","Chaco","0,51","70"
"2018","2","Chaco","6,4","17.605"
"2018","2","Chaco","10,1","15.367"
"2018","2","Chaco","12,3","10.404"
"2018","2","Chaco","20,5","5.703"
"2018","2","Chaco","25,1","8.696"
"2018","2","Chaco","50,1","3.153"
"2018","2","Chaco","100,1","815"
"2018","2","Chubut","1","3.084"
"2018","2","Chubut","4","7.745"
"2018","2","Chubut","6","55"
"2018","2","Chubut","9","2.553"
"2018","2","Chubut","1,2","1.387"
"2018","2","Chubut","2,2","3.341"
"2018","2","Chubut","0,26","5.041"
"2018","2","Chubut","31","2"
"2018","2","Chubut","3,2","7.767"
"2018","2","Chubut","4,5","666"
"2018","2","Chubut","0,51","67"
"2018","2","Chubut","6,4","66.024"
"2018","2","Chubut","10,1","2.816"
"2018","2","Chubut","12,3","4"
"2018","2","Chubut","25,1","3"
"2018","2","Chubut","50,1","9"
"2018","2","Córdoba","1","2.156"
"2018","2","Córdoba","4","29.281"
"2018","2","Córdoba","6","7.748"
"2018","2","Córdoba","9","9.632"
"2018","2","Córdoba","12","2"
"2018","2","Córdoba","1,2","19.623"
"2018","2","Córdoba","16","26.345"
"2018","2","Córdoba","19","11.525"
"2018","2","Córdoba","2,2","5.976"
"2018","2","Córdoba","25","4"
"2018","2","Córdoba","0,26","10.894"
"2018","2","Córdoba","31","4.043"
"2018","2","Córdoba","3,2","49.145"
"2018","2","Córdoba","41","1"
"2018","2","Córdoba","4,5","10.903"
"2018","2","Córdoba","0,51","81"
"2018","2","Córdoba","6,4","116.577"
"2018","2","Córdoba","66","1"
"2018","2","Córdoba","71","1"
"2018","2","Córdoba","7,5","1.699"
"2018","2","Córdoba","10,1","91.265"
"2018","2","Córdoba","12,3","167.082"
"2018","2","Córdoba","131","1"
"2018","2","Córdoba","155","14"
"2018","2","Córdoba","20,5","39.337"
"2018","2","Córdoba","25,1","74.816"
"2018","2","Córdoba","50,1","24.024"
"2018","2","Córdoba","100,1","10.897"
"2018","2","Corrientes","4","1"
"2018","2","Corrientes","6","241"
"2018","2","Corrientes","9","8.540"
"2018","2","Corrientes","1,2","7.047"
"2018","2","Corrientes","16","4.264"
"2018","2","Corrientes","19","560"
"2018","2","Corrientes","2,2","1.786"
"2018","2","Corrientes","31","180"
"2018","2","Corrientes","3,2","9.264"
"2018","2","Corrientes","36","488"
"2018","2","Corrientes","4,5","7.792"
"2018","2","Corrientes","46","131"
"2018","2","Corrientes","0,51","11"
"2018","2","Corrientes","6,4","19.181"
"2018","2","Corrientes","10,1","15.526"
"2018","2","Corrientes","12,3","9.021"
"2018","2","Corrientes","155","1"
"2018","2","Corrientes","20,5","4.081"
"2018","2","Corrientes","25,1","6.600"
"2018","2","Corrientes","50,1","2.508"
"2018","2","Corrientes","100,1","734"
"2018","2","Entre Ríos","1","1"
"2018","2","Entre Ríos","4","2.189"
"2018","2","Entre Ríos","6","1.303"
"2018","2","Entre Ríos","9","12.843"
"2018","2","Entre Ríos","10","1"
"2018","2","Entre Ríos","1,2","8.178"
"2018","2","Entre Ríos","16","9.231"
"2018","2","Entre Ríos","19","771"
"2018","2","Entre Ríos","2,2","4.525"
"2018","2","Entre Ríos","0,26","546"
"2018","2","Entre Ríos","31","235"
"2018","2","Entre Ríos","3,2","17.017"
"2018","2","Entre Ríos","36","335"
"2018","2","Entre Ríos","4,5","22.231"
"2018","2","Entre Ríos","46","58"
"2018","2","Entre Ríos","0,51","18"
"2018","2","Entre Ríos","6,4","47.194"
"2018","2","Entre Ríos","71","1"
"2018","2","Entre Ríos","10,1","31.726"
"2018","2","Entre Ríos","12,3","20.278"
"2018","2","Entre Ríos","155","3"
"2018","2","Entre Ríos","20,5","4.001"
"2018","2","Entre Ríos","25,1","11.777"
"2018","2","Entre Ríos","50,1","3.737"
"2018","2","Entre Ríos","100,1","1.786"
"2018","2","Formosa","1","191"
"2018","2","Formosa","4","1.201"
"2018","2","Formosa","6","167"
"2018","2","Formosa","1,2","3.377"
"2018","2","Formosa","16","1.376"
"2018","2","Formosa","19","20"
"2018","2","Formosa","2,2","866"
"2018","2","Formosa","0,26","8"
"2018","2","Formosa","31","500"
"2018","2","Formosa","3,2","10.547"
"2018","2","Formosa","4,5","2.980"
"2018","2","Formosa","0,51","1.110"
"2018","2","Formosa","6,4","6.648"
"2018","2","Formosa","7,5","2"
"2018","2","Formosa","10,1","5.174"
"2018","2","Formosa","12,3","4.118"
"2018","2","Formosa","20,5","4.213"
"2018","2","Formosa","25,1","813"
"2018","2","Formosa","50,1","1.211"
"2018","2","Formosa","100,1","32"
"2018","2","Jujuy","1","735"
"2018","2","Jujuy","4","7.832"
"2018","2","Jujuy","6","216"
"2018","2","Jujuy","9","36"
"2018","2","Jujuy","1,2","2.585"
"2018","2","Jujuy","16","1.978"
"2018","2","Jujuy","2,2","3"
"2018","2","Jujuy","0,26","38"
"2018","2","Jujuy","31","44"
"2018","2","Jujuy","3,2","9.277"
"2018","2","Jujuy","0,51","345"
"2018","2","Jujuy","6,4","11.991"
"2018","2","Jujuy","10,1","8.047"
"2018","2","Jujuy","155","1"
"2018","2","Jujuy","20,5","1.999"
"2018","2","Jujuy","50,1","6"
"2018","2","La Pampa","1","6.156"
"2018","2","La Pampa","4","32.261"
"2018","2","La Pampa","6","5.083"
"2018","2","La Pampa","9","2.312"
"2018","2","La Pampa","1,2","2.641"
"2018","2","La Pampa","16","553"
"2018","2","La Pampa","18","2"
"2018","2","La Pampa","19","4"
"2018","2","La Pampa","20","1"
"2018","2","La Pampa","2,2","6.050"
"2018","2","La Pampa","0,26","775"
"2018","2","La Pampa","31","1"
"2018","2","La Pampa","3,2","11.851"
"2018","2","La Pampa","38","2"
"2018","2","La Pampa","41","5"
"2018","2","La Pampa","4,5","395"
"2018","2","La Pampa","0,51","244"
"2018","2","La Pampa","56","1"
"2018","2","La Pampa","61","2"
"2018","2","La Pampa","6,4","12.443"
"2018","2","La Pampa","65","1"
"2018","2","La Pampa","66","4"
"2018","2","La Pampa","70","2"
"2018","2","La Pampa","75","2"
"2018","2","La Pampa","78","2"
"2018","2","La Pampa","81","1"
"2018","2","La Pampa","90","5"
"2018","2","La Pampa","91","1"
"2018","2","La Pampa","100","2"
"2018","2","La Pampa","10,1","97"
"2018","2","La Pampa","12,3","393"
"2018","2","La Pampa","128","5"
"2018","2","La Pampa","131","2"
"2018","2","La Pampa","155","29"
"2018","2","La Pampa","20,5","12"
"2018","2","La Pampa","25,1","968"
"2018","2","La Pampa","50,1","110"
"2018","2","La Pampa","100,1","3"
"2018","2","La Rioja","1","1"
"2018","2","La Rioja","4","31.590"
"2018","2","La Rioja","6","105"
"2018","2","La Rioja","1,2","1.383"
"2018","2","La Rioja","16","5.092"
"2018","2","La Rioja","2,2","3"
"2018","2","La Rioja","0,26","3"
"2018","2","La Rioja","31","20"
"2018","2","La Rioja","3,2","2.407"
"2018","2","La Rioja","0,51","9"
"2018","2","La Rioja","6,4","6.574"
"2018","2","La Rioja","10,1","4.198"
"2018","2","La Rioja","20,5","548"
"2018","2","La Rioja","50,1","2"
"2018","2","La Rioja","100,1","13"
"2018","2","Mendoza","1","13"
"2018","2","Mendoza","4","93"
"2018","2","Mendoza","6","1"
"2018","2","Mendoza","9","16"
"2018","2","Mendoza","10","250"
"2018","2","Mendoza","1,2","1.645"
"2018","2","Mendoza","16","91"
"2018","2","Mendoza","2,2","2.228"
"2018","2","Mendoza","0,26","33.808"
"2018","2","Mendoza","31","22"
"2018","2","Mendoza","3,2","3.328"
"2018","2","Mendoza","4,5","255"
"2018","2","Mendoza","0,51","20"
"2018","2","Mendoza","6,4","158.691"
"2018","2","Mendoza","10,1","249"
"2018","2","Mendoza","12,3","78"
"2018","2","Mendoza","20,5","97"
"2018","2","Mendoza","25,1","5"
"2018","2","Mendoza","50,1","56"
"2018","2","Mendoza","100,1","6"
"2018","2","Misiones","6","1.569"
"2018","2","Misiones","9","7.408"
"2018","2","Misiones","1,2","6.092"
"2018","2","Misiones","16","5.323"
"2018","2","Misiones","17","3"
"2018","2","Misiones","19","583"
"2018","2","Misiones","2,2","163"
"2018","2","Misiones","31","453"
"2018","2","Misiones","3,2","12.727"
"2018","2","Misiones","36","96"
"2018","2","Misiones","4,5","4.635"
"2018","2","Misiones","46","21"
"2018","2","Misiones","0,51","48"
"2018","2","Misiones","6,4","17.843"
"2018","2","Misiones","10,1","16.161"
"2018","2","Misiones","12,3","14.157"
"2018","2","Misiones","20,5","3.681"
"2018","2","Misiones","25,1","11.435"
"2018","2","Misiones","50,1","2.971"
"2018","2","Misiones","100,1","778"
"2018","2","Neuquén","1","1.071"
"2018","2","Neuquén","4","23.415"
"2018","2","Neuquén","6","120"
"2018","2","Neuquén","9","810"
"2018","2","Neuquén","1,2","1.337"
"2018","2","Neuquén","16","6"
"2018","2","Neuquén","19","1.489"
"2018","2","Neuquén","2,2","276"
"2018","2","Neuquén","0,26","7.285"
"2018","2","Neuquén","31","221"
"2018","2","Neuquén","3,2","407"
"2018","2","Neuquén","4,5","104"
"2018","2","Neuquén","0,51","1.396"
"2018","2","Neuquén","6,4","31.713"
"2018","2","Neuquén","10,1","504"
"2018","2","Neuquén","12,3","24.743"
"2018","2","Neuquén","20,5","179"
"2018","2","Neuquén","25,1","12.230"
"2018","2","Neuquén","50,1","6.648"
"2018","2","Neuquén","100,1","1.894"
"2018","2","Río Negro","1","197"
"2018","2","Río Negro","4","2.597"
"2018","2","Río Negro","6","1.286"
"2018","2","Río Negro","9","73"
"2018","2","Río Negro","1,2","5.101"
"2018","2","Río Negro","16","21"
"2018","2","Río Negro","19","808"
"2018","2","Río Negro","2,2","2.142"
"2018","2","Río Negro","0,26","4.081"
"2018","2","Río Negro","31","127"
"2018","2","Río Negro","3,2","2.604"
"2018","2","Río Negro","41","2"
"2018","2","Río Negro","4,5","1.786"
"2018","2","Río Negro","0,51","409"
"2018","2","Río Negro","6,4","64.641"
"2018","2","Río Negro","10,1","450"
"2018","2","Río Negro","12,3","15.567"
"2018","2","Río Negro","20,5","84"
"2018","2","Río Negro","25,1","6.563"
"2018","2","Río Negro","50,1","2.911"
"2018","2","Río Negro","100,1","785"
"2018","2","Salta","1","131"
"2018","2","Salta","4","16.692"
"2018","2","Salta","6","598"
"2018","2","Salta","9","7.730"
"2018","2","Salta","1,2","3.859"
"2018","2","Salta","16","6.849"
"2018","2","Salta","2,2","1.849"
"2018","2","Salta","31","368"
"2018","2","Salta","3,2","14.509"
"2018","2","Salta","4,5","200"
"2018","2","Salta","0,51","116"
"2018","2","Salta","6,4","27.076"
"2018","2","Salta","10,1","25.555"
"2018","2","Salta","12,3","15.394"
"2018","2","Salta","20,5","6.188"
"2018","2","Salta","25,1","6.885"
"2018","2","Salta","50,1","83"
"2018","2","Salta","100,1","85"
"2018","2","San Juan","1","120"
"2018","2","San Juan","4","839"
"2018","2","San Juan","6","1"
"2018","2","San Juan","9","3"
"2018","2","San Juan","1,2","1.258"
"2018","2","San Juan","0,26","5.096"
"2018","2","San Juan","31","3"
"2018","2","San Juan","3,2","27"
"2018","2","San Juan","0,51","22"
"2018","2","San Juan","6,4","56.724"
"2018","2","San Juan","10,1","8"
"2018","2","San Luis","4","17"
"2018","2","San Luis","6","1"
"2018","2","San Luis","9","10"
"2018","2","San Luis","1,2","101"
"2018","2","San Luis","0,26","9.298"
"2018","2","San Luis","31","8"
"2018","2","San Luis","3,2","5"
"2018","2","San Luis","4,5","284"
"2018","2","San Luis","0,51","57"
"2018","2","San Luis","6,4","11.685"
"2018","2","San Luis","10,1","1"
"2018","2","San Luis","25,1","1"
"2018","2","Santa Cruz","4","3.120"
"2018","2","Santa Cruz","6","1.610"
"2018","2","Santa Cruz","9","2"
"2018","2","Santa Cruz","1,2","120"
"2018","2","Santa Cruz","16","66"
"2018","2","Santa Cruz","2,2","143"
"2018","2","Santa Cruz","0,26","4.900"
"2018","2","Santa Cruz","31","1"
"2018","2","Santa Cruz","3,2","5.669"
"2018","2","Santa Cruz","41","3"
"2018","2","Santa Cruz","0,51","26"
"2018","2","Santa Cruz","6,4","18.058"
"2018","2","Santa Cruz","10,1","653"
"2018","2","Santa Cruz","20,5","34"
"2018","2","Santa Fe","1","7.593"
"2018","2","Santa Fe","4","68.943"
"2018","2","Santa Fe","6","5.344"
"2018","2","Santa Fe","9","27.374"
"2018","2","Santa Fe","1,2","26.674"
"2018","2","Santa Fe","14","1"
"2018","2","Santa Fe","16","25.656"
"2018","2","Santa Fe","19","6.267"
"2018","2","Santa Fe","22","24"
"2018","2","Santa Fe","2,2","9.695"
"2018","2","Santa Fe","0,26","22.218"
"2018","2","Santa Fe","31","3.307"
"2018","2","Santa Fe","3,2","61.118"
"2018","2","Santa Fe","36","387"
"2018","2","Santa Fe","41","2"
"2018","2","Santa Fe","4,5","9.961"
"2018","2","Santa Fe","46","77"
"2018","2","Santa Fe","0,51","744"
"2018","2","Santa Fe","61","1"
"2018","2","Santa Fe","6,4","107.542"
"2018","2","Santa Fe","7,5","45"
"2018","2","Santa Fe","97","1"
"2018","2","Santa Fe","10,1","84.724"
"2018","2","Santa Fe","12,3","106.778"
"2018","2","Santa Fe","155","2"
"2018","2","Santa Fe","20,5","36.838"
"2018","2","Santa Fe","25,1","47.280"
"2018","2","Santa Fe","50,1","17.676"
"2018","2","Santa Fe","100,1","8.280"
"2018","2","Santiago Del Estero","1","908"
"2018","2","Santiago Del Estero","4","24.769"
"2018","2","Santiago Del Estero","6","304"
"2018","2","Santiago Del Estero","9","11.699"
"2018","2","Santiago Del Estero","1,2","1.809"
"2018","2","Santiago Del Estero","16","2.120"
"2018","2","Santiago Del Estero","2,2","955"
"2018","2","Santiago Del Estero","0,26","17.594"
"2018","2","Santiago Del Estero","31","17"
"2018","2","Santiago Del Estero","3,2","5.324"
"2018","2","Santiago Del Estero","0,51","41"
"2018","2","Santiago Del Estero","6,4","10.010"
"2018","2","Santiago Del Estero","10,1","7.022"
"2018","2","Santiago Del Estero","20,5","1.158"
"2018","2","Santiago Del Estero","25,1","16"
"2018","2","Santiago Del Estero","50,1","1"
"2018","2","Santiago Del Estero","100,1","28"
"2018","2","Tierra Del Fuego","1","1"
"2018","2","Tierra Del Fuego","4","1"
"2018","2","Tierra Del Fuego","6","44"
"2018","2","Tierra Del Fuego","9","196"
"2018","2","Tierra Del Fuego","1,2","187"
"2018","2","Tierra Del Fuego","0,26","1.309"
"2018","2","Tierra Del Fuego","3,2","1.029"
"2018","2","Tierra Del Fuego","4,5","3.668"
"2018","2","Tierra Del Fuego","0,51","6"
"2018","2","Tierra Del Fuego","6,4","36.170"
"2018","2","Tierra Del Fuego","10,1","2.021"
"2018","2","Tierra Del Fuego","12,3","71"
"2018","2","Tierra Del Fuego","20,5","4"
"2018","2","Tucumán","1","1"
"2018","2","Tucumán","4","2.890"
"2018","2","Tucumán","6","638"
"2018","2","Tucumán","1,2","6.734"
"2018","2","Tucumán","16","8.024"
"2018","2","Tucumán","2,2","199"
"2018","2","Tucumán","0,26","1.412"
"2018","2","Tucumán","31","1.084"
"2018","2","Tucumán","3,2","18.359"
"2018","2","Tucumán","0,51","16"
"2018","2","Tucumán","6,4","57.813"
"2018","2","Tucumán","10,1","44.968"
"2018","2","Tucumán","20,5","19.035"
"2018","2","Tucumán","50,1","152"
"2018","2","Tucumán","100,1","8.632"
"2018","1","Buenos Aires","1","34.849"
"2018","1","Buenos Aires","4","123.030"
"2018","1","Buenos Aires","6","4.783"
"2018","1","Buenos Aires","9","11.235"
"2018","1","Buenos Aires","10","79"
"2018","1","Buenos Aires","12","6"
"2018","1","Buenos Aires","1,2","39.917"
"2018","1","Buenos Aires","14","2"
"2018","1","Buenos Aires","15","1"
"2018","1","Buenos Aires","16","47.829"
"2018","1","Buenos Aires","17","112"
"2018","1","Buenos Aires","19","46.193"
"2018","1","Buenos Aires","22","1"
"2018","1","Buenos Aires","2,2","44.592"
"2018","1","Buenos Aires","25","2"
"2018","1","Buenos Aires","0,26","105.818"
"2018","1","Buenos Aires","31","279.058"
"2018","1","Buenos Aires","3,2","38.995"
"2018","1","Buenos Aires","41","10"
"2018","1","Buenos Aires","4,5","5.515"
"2018","1","Buenos Aires","50","1"
"2018","1","Buenos Aires","0,51","1.514"
"2018","1","Buenos Aires","61","1"
"2018","1","Buenos Aires","6,4","1.228.837"
"2018","1","Buenos Aires","71","2"
"2018","1","Buenos Aires","7,5","1.806"
"2018","1","Buenos Aires","97","1"
"2018","1","Buenos Aires","10,1","279.612"
"2018","1","Buenos Aires","122","2"
"2018","1","Buenos Aires","12,3","607.979"
"2018","1","Buenos Aires","155","2.227"
"2018","1","Buenos Aires","20,5","184.556"
"2018","1","Buenos Aires","25,1","202.165"
"2018","1","Buenos Aires","50,1","146.463"
"2018","1","Buenos Aires","100,1","34.507"
"2018","1","CABA","1","16"
"2018","1","CABA","4","248"
"2018","1","CABA","6","5.741"
"2018","1","CABA","9","92"
"2018","1","CABA","10","5"
"2018","1","CABA","12","5"
"2018","1","CABA","1,2","10.023"
"2018","1","CABA","16","433"
"2018","1","CABA","17","3"
"2018","1","CABA","18","1"
"2018","1","CABA","19","36.086"
"2018","1","CABA","2,2","889"
"2018","1","CABA","25","1"
"2018","1","CABA","31","83.068"
"2018","1","CABA","3,2","3.142"
"2018","1","CABA","36","7"
"2018","1","CABA","41","23"
"2018","1","CABA","4,5","1.051"
"2018","1","CABA","0,51","89"
"2018","1","CABA","61","8"
"2018","1","CABA","6,4","281.495"
"2018","1","CABA","66","1"
"2018","1","CABA","71","5"
"2018","1","CABA","7,5","21"
"2018","1","CABA","81","2"
"2018","1","CABA","10,1","222.619"
"2018","1","CABA","120","2"
"2018","1","CABA","122","6"
"2018","1","CABA","12,3","381.791"
"2018","1","CABA","131","2"
"2018","1","CABA","155","1.601"
"2018","1","CABA","20,5","69.507"
"2018","1","CABA","25,1","144.901"
"2018","1","CABA","50,1","100.577"
"2018","1","CABA","100,1","25.133"
"2018","1","Catamarca","1","1"
"2018","1","Catamarca","1,2","2.895"
"2018","1","Catamarca","16","2"
"2018","1","Catamarca","0,26","6.500"
"2018","1","Catamarca","31","41"
"2018","1","Catamarca","3,2","43"
"2018","1","Catamarca","0,51","34"
"2018","1","Catamarca","6,4","14.727"
"2018","1","Catamarca","10,1","6.145"
"2018","1","Catamarca","155","4"
"2018","1","Catamarca","20,5","3.537"
"2018","1","Chaco","4","1.306"
"2018","1","Chaco","6","7"
"2018","1","Chaco","9","8.915"
"2018","1","Chaco","1,2","3.261"
"2018","1","Chaco","16","25"
"2018","1","Chaco","19","639"
"2018","1","Chaco","2,2","22"
"2018","1","Chaco","0,26","1.035"
"2018","1","Chaco","31","640"
"2018","1","Chaco","3,2","41"
"2018","1","Chaco","36","522"
"2018","1","Chaco","4,5","6.536"
"2018","1","Chaco","46","107"
"2018","1","Chaco","0,51","70"
"2018","1","Chaco","6,4","24.604"
"2018","1","Chaco","10,1","15.573"
"2018","1","Chaco","12,3","11.516"
"2018","1","Chaco","155","74"
"2018","1","Chaco","20,5","11.116"
"2018","1","Chaco","25,1","7.612"
"2018","1","Chaco","50,1","2.788"
"2018","1","Chaco","100,1","373"
"2018","1","Chubut","1","3.084"
"2018","1","Chubut","4","7.745"
"2018","1","Chubut","6","54"
"2018","1","Chubut","9","2.543"
"2018","1","Chubut","1,2","1.230"
"2018","1","Chubut","2,2","1.104"
"2018","1","Chubut","0,26","5.010"
"2018","1","Chubut","31","2"
"2018","1","Chubut","3,2","7.760"
"2018","1","Chubut","4,5","534"
"2018","1","Chubut","0,51","67"
"2018","1","Chubut","6,4","65.964"
"2018","1","Chubut","10,1","2.815"
"2018","1","Chubut","12,3","4"
"2018","1","Chubut","25,1","3"
"2018","1","Chubut","50,1","9"
"2018","1","Córdoba","1","3.024"
"2018","1","Córdoba","4","46.043"
"2018","1","Córdoba","6","5.207"
"2018","1","Córdoba","9","10.646"
"2018","1","Córdoba","12","2"
"2018","1","Córdoba","1,2","20.898"
"2018","1","Córdoba","16","979"
"2018","1","Córdoba","19","13.662"
"2018","1","Córdoba","2,2","3.313"
"2018","1","Córdoba","0,26","10.049"
"2018","1","Córdoba","31","4.423"
"2018","1","Córdoba","3,2","11.366"
"2018","1","Córdoba","4,5","8.596"
"2018","1","Córdoba","0,51","281"
"2018","1","Córdoba","6,4","148.290"
"2018","1","Córdoba","66","1"
"2018","1","Córdoba","71","1"
"2018","1","Córdoba","7,5","134"
"2018","1","Córdoba","10,1","93.520"
"2018","1","Córdoba","12,3","183.902"
"2018","1","Córdoba","155","3.088"
"2018","1","Córdoba","20,5","67.714"
"2018","1","Córdoba","25,1","52.725"
"2018","1","Córdoba","50,1","22.354"
"2018","1","Córdoba","100,1","3.773"
"2018","1","Corrientes","4","690"
"2018","1","Corrientes","6","1"
"2018","1","Corrientes","9","8.540"
"2018","1","Corrientes","1,2","5.005"
"2018","1","Corrientes","16","9"
"2018","1","Corrientes","19","645"
"2018","1","Corrientes","2,2","1.335"
"2018","1","Corrientes","31","185"
"2018","1","Corrientes","3,2","85"
"2018","1","Corrientes","36","488"
"2018","1","Corrientes","4,5","6.923"
"2018","1","Corrientes","46","131"
"2018","1","Corrientes","0,51","11"
"2018","1","Corrientes","6,4","28.118"
"2018","1","Corrientes","10,1","15.498"
"2018","1","Corrientes","12,3","9.977"
"2018","1","Corrientes","155","13"
"2018","1","Corrientes","20,5","8.437"
"2018","1","Corrientes","25,1","5.705"
"2018","1","Corrientes","50,1","2.283"
"2018","1","Corrientes","100,1","341"
"2018","1","Entre Ríos","1","1"
"2018","1","Entre Ríos","4","3.541"
"2018","1","Entre Ríos","6","982"
"2018","1","Entre Ríos","9","12.878"
"2018","1","Entre Ríos","10","1"
"2018","1","Entre Ríos","1,2","8.860"
"2018","1","Entre Ríos","16","15"
"2018","1","Entre Ríos","19","894"
"2018","1","Entre Ríos","2,2","4.872"
"2018","1","Entre Ríos","31","247"
"2018","1","Entre Ríos","3,2","3.467"
"2018","1","Entre Ríos","36","335"
"2018","1","Entre Ríos","4,5","19.827"
"2018","1","Entre Ríos","46","58"
"2018","1","Entre Ríos","0,51","18"
"2018","1","Entre Ríos","6,4","57.391"
"2018","1","Entre Ríos","71","1"
"2018","1","Entre Ríos","10,1","32.720"
"2018","1","Entre Ríos","12,3","22.093"
"2018","1","Entre Ríos","155","1.019"
"2018","1","Entre Ríos","20,5","14.399"
"2018","1","Entre Ríos","25,1","9.571"
"2018","1","Entre Ríos","50,1","3.253"
"2018","1","Entre Ríos","100,1","405"
"2018","1","Formosa","1","191"
"2018","1","Formosa","4","1.202"
"2018","1","Formosa","6","52"
"2018","1","Formosa","1,2","3.612"
"2018","1","Formosa","16","2"
"2018","1","Formosa","19","27"
"2018","1","Formosa","2,2","773"
"2018","1","Formosa","31","547"
"2018","1","Formosa","3,2","732"
"2018","1","Formosa","4,5","14"
"2018","1","Formosa","0,51","1.110"
"2018","1","Formosa","6,4","7.319"
"2018","1","Formosa","10,1","5.117"
"2018","1","Formosa","12,3","4.346"
"2018","1","Formosa","155","18"
"2018","1","Formosa","20,5","5.686"
"2018","1","Formosa","25,1","544"
"2018","1","Formosa","50,1","994"
"2018","1","Formosa","100,1","34"
"2018","1","Jujuy","1","1.892"
"2018","1","Jujuy","4","6.604"
"2018","1","Jujuy","9","36"
"2018","1","Jujuy","1,2","2.915"
"2018","1","Jujuy","16","15"
"2018","1","Jujuy","31","49"
"2018","1","Jujuy","3,2","4.113"
"2018","1","Jujuy","0,51","345"
"2018","1","Jujuy","6,4","16.502"
"2018","1","Jujuy","10,1","8.008"
"2018","1","Jujuy","155","4"
"2018","1","Jujuy","20,5","3.910"
"2018","1","La Pampa","1","6.738"
"2018","1","La Pampa","4","33.662"
"2018","1","La Pampa","6","4.979"
"2018","1","La Pampa","9","1.518"
"2018","1","La Pampa","1,2","1.381"
"2018","1","La Pampa","16","431"
"2018","1","La Pampa","19","6"
"2018","1","La Pampa","2,2","4.766"
"2018","1","La Pampa","0,26","3.503"
"2018","1","La Pampa","31","11"
"2018","1","La Pampa","3,2","11.013"
"2018","1","La Pampa","4,5","241"
"2018","1","La Pampa","0,51","245"
"2018","1","La Pampa","6,4","12.443"
"2018","1","La Pampa","10,1","98"
"2018","1","La Pampa","12,3","630"
"2018","1","La Pampa","20,5","9"
"2018","1","La Pampa","25,1","613"
"2018","1","La Pampa","50,1","85"
"2018","1","La Pampa","100,1","3"
"2018","1","La Rioja","1","1"
"2018","1","La Rioja","4","31.590"
"2018","1","La Rioja","1,2","1.484"
"2018","1","La Rioja","16","3.650"
"2018","1","La Rioja","31","19"
"2018","1","La Rioja","3,2","2"
"2018","1","La Rioja","0,51","9"
"2018","1","La Rioja","6,4","9.088"
"2018","1","La Rioja","10,1","4.217"
"2018","1","La Rioja","20,5","2.181"
"2018","1","La Rioja","50,1","1"
"2018","1","Mendoza","1","13"
"2018","1","Mendoza","4","93"
"2018","1","Mendoza","9","16"
"2018","1","Mendoza","10","250"
"2018","1","Mendoza","1,2","1.649"
"2018","1","Mendoza","16","50"
"2018","1","Mendoza","2,2","2.228"
"2018","1","Mendoza","0,26","33.788"
"2018","1","Mendoza","31","24"
"2018","1","Mendoza","3,2","3.326"
"2018","1","Mendoza","4,5","255"
"2018","1","Mendoza","0,51","20"
"2018","1","Mendoza","6,4","158.697"
"2018","1","Mendoza","10,1","235"
"2018","1","Mendoza","12,3","78"
"2018","1","Mendoza","20,5","138"
"2018","1","Mendoza","25,1","5"
"2018","1","Mendoza","50,1","56"
"2018","1","Mendoza","100,1","6"
"2018","1","Misiones","4","1"
"2018","1","Misiones","6","12"
"2018","1","Misiones","9","7.408"
"2018","1","Misiones","1,2","4.700"
"2018","1","Misiones","16","5"
"2018","1","Misiones","19","703"
"2018","1","Misiones","2,2","95"
"2018","1","Misiones","31","474"
"2018","1","Misiones","3,2","1.966"
"2018","1","Misiones","36","96"
"2018","1","Misiones","4,5","4.635"
"2018","1","Misiones","46","21"
"2018","1","Misiones","0,51","48"
"2018","1","Misiones","6,4","29.111"
"2018","1","Misiones","10,1","15.883"
"2018","1","Misiones","12,3","16.140"
"2018","1","Misiones","155","19"
"2018","1","Misiones","20,5","9.375"
"2018","1","Misiones","25,1","9.767"
"2018","1","Misiones","50,1","2.726"
"2018","1","Misiones","100,1","357"
"2018","1","Neuquén","1","1.071"
"2018","1","Neuquén","4","26.896"
"2018","1","Neuquén","6","121"
"2018","1","Neuquén","9","810"
"2018","1","Neuquén","1,2","1.296"
"2018","1","Neuquén","16","6"
"2018","1","Neuquén","19","1.687"
"2018","1","Neuquén","2,2","211"
"2018","1","Neuquén","0,26","6.105"
"2018","1","Neuquén","31","214"
"2018","1","Neuquén","3,2","313"
"2018","1","Neuquén","4,5","104"
"2018","1","Neuquén","0,51","1.396"
"2018","1","Neuquén","6,4","31.823"
"2018","1","Neuquén","10,1","501"
"2018","1","Neuquén","12,3","27.179"
"2018","1","Neuquén","20,5","140"
"2018","1","Neuquén","25,1","9.504"
"2018","1","Neuquén","50,1","6.375"
"2018","1","Neuquén","100,1","994"
"2018","1","Río Negro","1","197"
"2018","1","Río Negro","4","2.597"
"2018","1","Río Negro","6","1.282"
"2018","1","Río Negro","9","73"
"2018","1","Río Negro","1,2","5.136"
"2018","1","Río Negro","16","21"
"2018","1","Río Negro","19","920"
"2018","1","Río Negro","2,2","2.142"
"2018","1","Río Negro","0,26","3.975"
"2018","1","Río Negro","31","122"
"2018","1","Río Negro","3,2","522"
"2018","1","Río Negro","41","2"
"2018","1","Río Negro","4,5","1.731"
"2018","1","Río Negro","0,51","409"
"2018","1","Río Negro","6,4","66.620"
"2018","1","Río Negro","10,1","457"
"2018","1","Río Negro","12,3","16.971"
"2018","1","Río Negro","20,5","85"
"2018","1","Río Negro","25,1","4.877"
"2018","1","Río Negro","50,1","2.674"
"2018","1","Río Negro","100,1","426"
"2018","1","Salta","1","131"
"2018","1","Salta","4","16.692"
"2018","1","Salta","6","6"
"2018","1","Salta","9","7.730"
"2018","1","Salta","1,2","4.328"
"2018","1","Salta","16","188"
"2018","1","Salta","2,2","1.220"
"2018","1","Salta","31","342"
"2018","1","Salta","3,2","5.010"
"2018","1","Salta","0,51","116"
"2018","1","Salta","6,4","37.406"
"2018","1","Salta","10,1","25.358"
"2018","1","Salta","12,3","17.135"
"2018","1","Salta","155","16"
"2018","1","Salta","20,5","13.448"
"2018","1","Salta","25,1","4.817"
"2018","1","Salta","50,1","58"
"2018","1","San Juan","1","1.026"
"2018","1","San Juan","4","1.221"
"2018","1","San Juan","6","1"
"2018","1","San Juan","9","3"
"2018","1","San Juan","1,2","32"
"2018","1","San Juan","0,26","5.068"
"2018","1","San Juan","31","3"
"2018","1","San Juan","3,2","27"
"2018","1","San Juan","0,51","22"
"2018","1","San Juan","6,4","55.829"
"2018","1","San Juan","10,1","8"
"2018","1","San Luis","4","17"
"2018","1","San Luis","6","1"
"2018","1","San Luis","9","10"
"2018","1","San Luis","1,2","101"
"2018","1","San Luis","0,26","9.284"
"2018","1","San Luis","31","8"
"2018","1","San Luis","3,2","217"
"2018","1","San Luis","0,51","57"
"2018","1","San Luis","6,4","11.685"
"2018","1","San Luis","10,1","1"
"2018","1","San Luis","25,1","1"
"2018","1","Santa Cruz","4","3.120"
"2018","1","Santa Cruz","6","1.610"
"2018","1","Santa Cruz","9","2"
"2018","1","Santa Cruz","1,2","120"
"2018","1","Santa Cruz","16","66"
"2018","1","Santa Cruz","2,2","143"
"2018","1","Santa Cruz","0,26","4.267"
"2018","1","Santa Cruz","31","1"
"2018","1","Santa Cruz","3,2","5.669"
"2018","1","Santa Cruz","41","3"
"2018","1","Santa Cruz","0,51","26"
"2018","1","Santa Cruz","6,4","18.058"
"2018","1","Santa Cruz","10,1","653"
"2018","1","Santa Cruz","20,5","34"
"2018","1","Santa Fe","1","7.593"
"2018","1","Santa Fe","4","76.682"
"2018","1","Santa Fe","6","3.879"
"2018","1","Santa Fe","9","27.951"
"2018","1","Santa Fe","1,2","26.046"
"2018","1","Santa Fe","14","1"
"2018","1","Santa Fe","16","5.850"
"2018","1","Santa Fe","19","7.356"
"2018","1","Santa Fe","22","24"
"2018","1","Santa Fe","2,2","7.668"
"2018","1","Santa Fe","0,26","23.181"
"2018","1","Santa Fe","31","3.550"
"2018","1","Santa Fe","3,2","18.033"
"2018","1","Santa Fe","36","387"
"2018","1","Santa Fe","41","2"
"2018","1","Santa Fe","4,5","9.413"
"2018","1","Santa Fe","46","77"
"2018","1","Santa Fe","0,51","1.359"
"2018","1","Santa Fe","61","1"
"2018","1","Santa Fe","6,4","146.333"
"2018","1","Santa Fe","7,5","45"
"2018","1","Santa Fe","97","1"
"2018","1","Santa Fe","10,1","80.580"
"2018","1","Santa Fe","12,3","117.089"
"2018","1","Santa Fe","155","2.504"
"2018","1","Santa Fe","20,5","58.604"
"2018","1","Santa Fe","25,1","36.101"
"2018","1","Santa Fe","50,1","16.439"
"2018","1","Santa Fe","100,1","3.304"
"2018","1","Santiago Del Estero","1","908"
"2018","1","Santiago Del Estero","4","24.872"
"2018","1","Santiago Del Estero","9","11.710"
"2018","1","Santiago Del Estero","1,2","2.002"
"2018","1","Santiago Del Estero","16","26"
"2018","1","Santiago Del Estero","2,2","845"
"2018","1","Santiago Del Estero","0,26","17.589"
"2018","1","Santiago Del Estero","31","19"
"2018","1","Santiago Del Estero","3,2","1.349"
"2018","1","Santiago Del Estero","0,51","41"
"2018","1","Santiago Del Estero","6,4","14.232"
"2018","1","Santiago Del Estero","10,1","7.204"
"2018","1","Santiago Del Estero","20,5","3.423"
"2018","1","Santiago Del Estero","25,1","16"
"2018","1","Tierra Del Fuego","1","279"
"2018","1","Tierra Del Fuego","4","2.519"
"2018","1","Tierra Del Fuego","1,2","28"
"2018","1","Tierra Del Fuego","0,26","107"
"2018","1","Tierra Del Fuego","3,2","6"
"2018","1","Tierra Del Fuego","4,5","5"
"2018","1","Tierra Del Fuego","0,51","6"
"2018","1","Tierra Del Fuego","6,4","31.457"
"2018","1","Tierra Del Fuego","10,1","2"
"2018","1","Tucumán","1","1"
"2018","1","Tucumán","4","2.890"
"2018","1","Tucumán","6","9"
"2018","1","Tucumán","1,2","7.471"
"2018","1","Tucumán","16","75"
"2018","1","Tucumán","2,2","132"
"2018","1","Tucumán","0,26","1.305"
"2018","1","Tucumán","31","1.218"
"2018","1","Tucumán","3,2","156"
"2018","1","Tucumán","0,51","16"
"2018","1","Tucumán","6,4","75.624"
"2018","1","Tucumán","10,1","45.675"
"2018","1","Tucumán","155","7.082"
"2018","1","Tucumán","20,5","26.330"
"2017","4","Buenos Aires","1","35.185"
"2017","4","Buenos Aires","4","142.091"
"2017","4","Buenos Aires","6","4.087"
"2017","4","Buenos Aires","9","12.080"
"2017","4","Buenos Aires","10","79"
"2017","4","Buenos Aires","12","4"
"2017","4","Buenos Aires","1,2","19.861"
"2017","4","Buenos Aires","14","2"
"2017","4","Buenos Aires","15","1"
"2017","4","Buenos Aires","16","45.163"
"2017","4","Buenos Aires","17","112"
"2017","4","Buenos Aires","19","51.889"
"2017","4","Buenos Aires","22","1"
"2017","4","Buenos Aires","2,2","29.124"
"2017","4","Buenos Aires","25","2"
"2017","4","Buenos Aires","0,26","114.182"
"2017","4","Buenos Aires","31","183.194"
"2017","4","Buenos Aires","3,2","26.245"
"2017","4","Buenos Aires","41","13"
"2017","4","Buenos Aires","4,5","3.277"
"2017","4","Buenos Aires","50","1"
"2017","4","Buenos Aires","0,51","3.865"
"2017","4","Buenos Aires","61","1"
"2017","4","Buenos Aires","6,4","1.346.370"
"2017","4","Buenos Aires","71","2"
"2017","4","Buenos Aires","7,5","1.764"
"2017","4","Buenos Aires","97","1"
"2017","4","Buenos Aires","10,1","250.722"
"2017","4","Buenos Aires","122","2"
"2017","4","Buenos Aires","12,3","440.198"
"2017","4","Buenos Aires","155","220"
"2017","4","Buenos Aires","20,5","175.144"
"2017","4","Buenos Aires","25,1","153.722"
"2017","4","Buenos Aires","50,1","124.942"
"2017","4","Buenos Aires","100,1","24.786"
"2017","4","CABA","1","701"
"2017","4","CABA","4","4.051"
"2017","4","CABA","6","5.774"
"2017","4","CABA","9","922"
"2017","4","CABA","10","5"
"2017","4","CABA","12","5"
"2017","4","CABA","1,2","30.710"
"2017","4","CABA","16","1.217"
"2017","4","CABA","17","3"
"2017","4","CABA","18","1"
"2017","4","CABA","19","40.974"
"2017","4","CABA","2,2","788"
"2017","4","CABA","25","1"
"2017","4","CABA","31","62.693"
"2017","4","CABA","3,2","1.892"
"2017","4","CABA","36","7"
"2017","4","CABA","41","22"
"2017","4","CABA","4,5","1.049"
"2017","4","CABA","0,51","314"
"2017","4","CABA","61","8"
"2017","4","CABA","6,4","503.464"
"2017","4","CABA","66","1"
"2017","4","CABA","71","5"
"2017","4","CABA","7,5","19"
"2017","4","CABA","81","2"
"2017","4","CABA","10,1","283.094"
"2017","4","CABA","120","2"
"2017","4","CABA","122","6"
"2017","4","CABA","12,3","290.212"
"2017","4","CABA","131","2"
"2017","4","CABA","155","2.589"
"2017","4","CABA","20,5","125.708"
"2017","4","CABA","25,1","117.018"
"2017","4","CABA","50,1","91.194"
"2017","4","CABA","100,1","19.785"
"2017","4","Catamarca","1","1"
"2017","4","Catamarca","4","198"
"2017","4","Catamarca","1,2","3.181"
"2017","4","Catamarca","16","2"
"2017","4","Catamarca","0,26","2.151"
"2017","4","Catamarca","31","43"
"2017","4","Catamarca","3,2","43"
"2017","4","Catamarca","0,51","34"
"2017","4","Catamarca","6,4","15.074"
"2017","4","Catamarca","10,1","5.904"
"2017","4","Catamarca","155","2"
"2017","4","Catamarca","20,5","2.925"
"2017","4","Chaco","1","1"
"2017","4","Chaco","4","1.310"
"2017","4","Chaco","6","8"
"2017","4","Chaco","9","8.917"
"2017","4","Chaco","1,2","3.431"
"2017","4","Chaco","16","26"
"2017","4","Chaco","19","723"
"2017","4","Chaco","2,2","22"
"2017","4","Chaco","0,26","1.035"
"2017","4","Chaco","31","688"
"2017","4","Chaco","3,2","34"
"2017","4","Chaco","36","522"
"2017","4","Chaco","4,5","6.536"
"2017","4","Chaco","46","107"
"2017","4","Chaco","0,51","70"
"2017","4","Chaco","6,4","29.234"
"2017","4","Chaco","10,1","15.171"
"2017","4","Chaco","12,3","8.521"
"2017","4","Chaco","155","60"
"2017","4","Chaco","20,5","10.853"
"2017","4","Chaco","25,1","6.646"
"2017","4","Chaco","50,1","2.297"
"2017","4","Chaco","100,1","259"
"2017","4","Chubut","1","3.086"
"2017","4","Chubut","4","8.261"
"2017","4","Chubut","6","54"
"2017","4","Chubut","9","2.543"
"2017","4","Chubut","1,2","1.227"
"2017","4","Chubut","16","3"
"2017","4","Chubut","2,2","1.104"
"2017","4","Chubut","31","2"
"2017","4","Chubut","3,2","7.760"
"2017","4","Chubut","4,5","534"
"2017","4","Chubut","0,51","67"
"2017","4","Chubut","6,4","65.963"
"2017","4","Chubut","10,1","2.812"
"2017","4","Chubut","12,3","4"
"2017","4","Chubut","25,1","3"
"2017","4","Chubut","50,1","9"
"2017","4","Córdoba","1","3.524"
"2017","4","Córdoba","4","59.998"
"2017","4","Córdoba","6","5.115"
"2017","4","Córdoba","9","10.535"
"2017","4","Córdoba","12","2"
"2017","4","Córdoba","1,2","21.887"
"2017","4","Córdoba","16","1.093"
"2017","4","Córdoba","19","15.370"
"2017","4","Córdoba","2,2","1.340"
"2017","4","Córdoba","0,26","8.429"
"2017","4","Córdoba","31","4.651"
"2017","4","Córdoba","3,2","6.748"
"2017","4","Córdoba","4,5","2.663"
"2017","4","Córdoba","0,51","291"
"2017","4","Córdoba","6,4","204.973"
"2017","4","Córdoba","66","1"
"2017","4","Córdoba","71","1"
"2017","4","Córdoba","7,5","133"
"2017","4","Córdoba","10,1","92.224"
"2017","4","Córdoba","12,3","135.753"
"2017","4","Córdoba","155","2.339"
"2017","4","Córdoba","20,5","65.384"
"2017","4","Córdoba","25,1","36.394"
"2017","4","Córdoba","50,1","19.186"
"2017","4","Córdoba","100,1","2.577"
"2017","4","Corrientes","4","793"
"2017","4","Corrientes","6","1"
"2017","4","Corrientes","9","8.585"
"2017","4","Corrientes","1,2","5.220"
"2017","4","Corrientes","16","21"
"2017","4","Corrientes","19","717"
"2017","4","Corrientes","2,2","1.337"
"2017","4","Corrientes","31","207"
"2017","4","Corrientes","3,2","43"
"2017","4","Corrientes","36","488"
"2017","4","Corrientes","4,5","6.923"
"2017","4","Corrientes","46","131"
"2017","4","Corrientes","0,51","11"
"2017","4","Corrientes","6,4","31.983"
"2017","4","Corrientes","10,1","15.101"
"2017","4","Corrientes","12,3","7.353"
"2017","4","Corrientes","155","12"
"2017","4","Corrientes","20,5","7.955"
"2017","4","Corrientes","25,1","4.860"
"2017","4","Corrientes","50,1","1.814"
"2017","4","Corrientes","100,1","216"
"2017","4","Entre Ríos","1","7"
"2017","4","Entre Ríos","4","14.662"
"2017","4","Entre Ríos","6","984"
"2017","4","Entre Ríos","9","12.885"
"2017","4","Entre Ríos","10","1"
"2017","4","Entre Ríos","1,2","9.071"
"2017","4","Entre Ríos","16","19"
"2017","4","Entre Ríos","19","1.007"
"2017","4","Entre Ríos","2,2","3.420"
"2017","4","Entre Ríos","31","273"
"2017","4","Entre Ríos","3,2","1.903"
"2017","4","Entre Ríos","36","335"
"2017","4","Entre Ríos","4,5","11.377"
"2017","4","Entre Ríos","46","58"
"2017","4","Entre Ríos","0,51","1.685"
"2017","4","Entre Ríos","6,4","63.120"
"2017","4","Entre Ríos","71","1"
"2017","4","Entre Ríos","10,1","32.303"
"2017","4","Entre Ríos","12,3","14.708"
"2017","4","Entre Ríos","155","660"
"2017","4","Entre Ríos","20,5","14.276"
"2017","4","Entre Ríos","25,1","7.704"
"2017","4","Entre Ríos","50,1","2.721"
"2017","4","Entre Ríos","100,1","319"
"2017","4","Formosa","1","191"
"2017","4","Formosa","4","1.202"
"2017","4","Formosa","6","52"
"2017","4","Formosa","9","1"
"2017","4","Formosa","1,2","3.870"
"2017","4","Formosa","16","2"
"2017","4","Formosa","19","29"
"2017","4","Formosa","2,2","122"
"2017","4","Formosa","31","584"
"2017","4","Formosa","3,2","342"
"2017","4","Formosa","0,51","1.110"
"2017","4","Formosa","6,4","11.502"
"2017","4","Formosa","10,1","4.866"
"2017","4","Formosa","12,3","1.638"
"2017","4","Formosa","155","13"
"2017","4","Formosa","20,5","5.327"
"2017","4","Formosa","25,1","397"
"2017","4","Formosa","50,1","776"
"2017","4","Formosa","100,1","31"
"2017","4","Jujuy","1","2.153"
"2017","4","Jujuy","4","9.511"
"2017","4","Jujuy","9","36"
"2017","4","Jujuy","1,2","3.211"
"2017","4","Jujuy","16","15"
"2017","4","Jujuy","31","44"
"2017","4","Jujuy","3,2","13"
"2017","4","Jujuy","0,51","345"
"2017","4","Jujuy","6,4","17.042"
"2017","4","Jujuy","10,1","7.685"
"2017","4","Jujuy","155","3"
"2017","4","Jujuy","20,5","3.492"
"2017","4","La Pampa","1","7.350"
"2017","4","La Pampa","4","43.451"
"2017","4","La Pampa","6","4.979"
"2017","4","La Pampa","9","1.129"
"2017","4","La Pampa","1,2","1.379"
"2017","4","La Pampa","16","343"
"2017","4","La Pampa","19","10"
"2017","4","La Pampa","2,2","1.213"
"2017","4","La Pampa","0,26","3.503"
"2017","4","La Pampa","31","11"
"2017","4","La Pampa","3,2","3.635"
"2017","4","La Pampa","4,5","1"
"2017","4","La Pampa","0,51","310"
"2017","4","La Pampa","6,4","12.774"
"2017","4","La Pampa","10,1","98"
"2017","4","La Pampa","12,3","430"
"2017","4","La Pampa","20,5","9"
"2017","4","La Pampa","25,1","390"
"2017","4","La Pampa","50,1","68"
"2017","4","La Pampa","100,1","3"
"2017","4","La Rioja","1","1"
"2017","4","La Rioja","4","31.591"
"2017","4","La Rioja","1,2","1.487"
"2017","4","La Rioja","16","3.650"
"2017","4","La Rioja","31","24"
"2017","4","La Rioja","3,2","2"
"2017","4","La Rioja","0,51","9"
"2017","4","La Rioja","6,4","9.184"
"2017","4","La Rioja","10,1","4.083"
"2017","4","La Rioja","20,5","2.163"
"2017","4","La Rioja","50,1","1"
"2017","4","Mendoza","1","14"
"2017","4","Mendoza","4","13.169"
"2017","4","Mendoza","9","13"
"2017","4","Mendoza","10","250"
"2017","4","Mendoza","1,2","1.642"
"2017","4","Mendoza","16","63"
"2017","4","Mendoza","2,2","2.228"
"2017","4","Mendoza","31","28"
"2017","4","Mendoza","3,2","3.326"
"2017","4","Mendoza","4,5","255"
"2017","4","Mendoza","0,51","26"
"2017","4","Mendoza","6,4","158.668"
"2017","4","Mendoza","10,1","175"
"2017","4","Mendoza","12,3","78"
"2017","4","Mendoza","20,5","137"
"2017","4","Mendoza","25,1","20"
"2017","4","Mendoza","50,1","56"
"2017","4","Mendoza","100,1","6"
"2017","4","Misiones","4","7"
"2017","4","Misiones","6","10"
"2017","4","Misiones","9","7.414"
"2017","4","Misiones","1,2","3.900"
"2017","4","Misiones","16","6"
"2017","4","Misiones","19","816"
"2017","4","Misiones","2,2","18"
"2017","4","Misiones","31","525"
"2017","4","Misiones","3,2","1.909"
"2017","4","Misiones","36","96"
"2017","4","Misiones","4,5","4.631"
"2017","4","Misiones","46","21"
"2017","4","Misiones","0,51","1.053"
"2017","4","Misiones","6,4","35.148"
"2017","4","Misiones","10,1","15.717"
"2017","4","Misiones","12,3","12.350"
"2017","4","Misiones","155","18"
"2017","4","Misiones","20,5","9.090"
"2017","4","Misiones","25,1","8.585"
"2017","4","Misiones","50,1","2.348"
"2017","4","Misiones","100,1","233"
"2017","4","Neuquén","1","1.075"
"2017","4","Neuquén","4","26.902"
"2017","4","Neuquén","6","122"
"2017","4","Neuquén","9","808"
"2017","4","Neuquén","1,2","1.297"
"2017","4","Neuquén","16","7"
"2017","4","Neuquén","19","1.863"
"2017","4","Neuquén","2,2","212"
"2017","4","Neuquén","0,26","6.105"
"2017","4","Neuquén","31","242"
"2017","4","Neuquén","3,2","316"
"2017","4","Neuquén","4,5","104"
"2017","4","Neuquén","0,51","1.396"
"2017","4","Neuquén","6,4","40.380"
"2017","4","Neuquén","10,1","517"
"2017","4","Neuquén","12,3","20.777"
"2017","4","Neuquén","20,5","134"
"2017","4","Neuquén","25,1","7.327"
"2017","4","Neuquén","50,1","5.579"
"2017","4","Neuquén","100,1","680"
"2017","4","Río Negro","1","198"
"2017","4","Río Negro","4","3.939"
"2017","4","Río Negro","6","838"
"2017","4","Río Negro","9","73"
"2017","4","Río Negro","1,2","5.400"
"2017","4","Río Negro","16","21"
"2017","4","Río Negro","19","1.020"
"2017","4","Río Negro","2,2","2.161"
"2017","4","Río Negro","0,26","3.719"
"2017","4","Río Negro","31","128"
"2017","4","Río Negro","3,2","525"
"2017","4","Río Negro","41","2"
"2017","4","Río Negro","4,5","267"
"2017","4","Río Negro","0,51","409"
"2017","4","Río Negro","6,4","73.348"
"2017","4","Río Negro","10,1","412"
"2017","4","Río Negro","12,3","11.382"
"2017","4","Río Negro","20,5","79"
"2017","4","Río Negro","25,1","3.354"
"2017","4","Río Negro","50,1","2.158"
"2017","4","Río Negro","100,1","245"
"2017","4","Salta","1","132"
"2017","4","Salta","4","21.608"
"2017","4","Salta","6","6"
"2017","4","Salta","9","7.733"
"2017","4","Salta","1,2","4.143"
"2017","4","Salta","16","189"
"2017","4","Salta","2,2","15"
"2017","4","Salta","31","359"
"2017","4","Salta","3,2","158"
"2017","4","Salta","0,51","636"
"2017","4","Salta","6,4","51.497"
"2017","4","Salta","10,1","25.109"
"2017","4","Salta","12,3","5.668"
"2017","4","Salta","155","10"
"2017","4","Salta","20,5","13.111"
"2017","4","Salta","25,1","3.229"
"2017","4","Salta","50,1","45"
"2017","4","San Juan","1","1.031"
"2017","4","San Juan","4","1.677"
"2017","4","San Juan","6","1"
"2017","4","San Juan","9","1"
"2017","4","San Juan","1,2","31"
"2017","4","San Juan","31","4"
"2017","4","San Juan","3,2","27"
"2017","4","San Juan","0,51","22"
"2017","4","San Juan","6,4","55.820"
"2017","4","San Juan","10,1","8"
"2017","4","San Luis","1","1"
"2017","4","San Luis","4","1.136"
"2017","4","San Luis","6","1"
"2017","4","San Luis","9","7"
"2017","4","San Luis","1,2","100"
"2017","4","San Luis","0,26","1.902"
"2017","4","San Luis","31","7"
"2017","4","San Luis","3,2","5"
"2017","4","San Luis","0,51","59"
"2017","4","San Luis","6,4","11.680"
"2017","4","San Luis","10,1","1"
"2017","4","San Luis","25,1","1"
"2017","4","Santa Cruz","4","6.294"
"2017","4","Santa Cruz","6","1.610"
"2017","4","Santa Cruz","9","2"
"2017","4","Santa Cruz","1,2","78"
"2017","4","Santa Cruz","16","66"
"2017","4","Santa Cruz","2,2","143"
"2017","4","Santa Cruz","31","1"
"2017","4","Santa Cruz","3,2","2.972"
"2017","4","Santa Cruz","41","3"
"2017","4","Santa Cruz","0,51","68"
"2017","4","Santa Cruz","6,4","18.054"
"2017","4","Santa Cruz","10,1","653"
"2017","4","Santa Cruz","20,5","34"
"2017","4","Santa Fe","1","7.637"
"2017","4","Santa Fe","4","93.221"
"2017","4","Santa Fe","6","3.785"
"2017","4","Santa Fe","9","28.663"
"2017","4","Santa Fe","1,2","26.495"
"2017","4","Santa Fe","14","1"
"2017","4","Santa Fe","16","5.213"
"2017","4","Santa Fe","19","8.289"
"2017","4","Santa Fe","22","24"
"2017","4","Santa Fe","2,2","3.994"
"2017","4","Santa Fe","0,26","14.119"
"2017","4","Santa Fe","31","3.877"
"2017","4","Santa Fe","3,2","10.009"
"2017","4","Santa Fe","36","387"
"2017","4","Santa Fe","41","2"
"2017","4","Santa Fe","4,5","8.068"
"2017","4","Santa Fe","46","77"
"2017","4","Santa Fe","0,51","3.109"
"2017","4","Santa Fe","61","1"
"2017","4","Santa Fe","6,4","190.921"
"2017","4","Santa Fe","7,5","45"
"2017","4","Santa Fe","97","1"
"2017","4","Santa Fe","10,1","80.231"
"2017","4","Santa Fe","12,3","81.931"
"2017","4","Santa Fe","155","1.602"
"2017","4","Santa Fe","20,5","55.895"
"2017","4","Santa Fe","25,1","27.074"
"2017","4","Santa Fe","50,1","14.755"
"2017","4","Santa Fe","100,1","2.538"
"2017","4","Santiago Del Estero","1","909"
"2017","4","Santiago Del Estero","4","28.772"
"2017","4","Santiago Del Estero","9","11.710"
"2017","4","Santiago Del Estero","1,2","2.182"
"2017","4","Santiago Del Estero","16","27"
"2017","4","Santiago Del Estero","2,2","13"
"2017","4","Santiago Del Estero","31","18"
"2017","4","Santiago Del Estero","3,2","3"
"2017","4","Santiago Del Estero","0,51","41"
"2017","4","Santiago Del Estero","6,4","14.756"
"2017","4","Santiago Del Estero","10,1","7.063"
"2017","4","Santiago Del Estero","20,5","3.332"
"2017","4","Santiago Del Estero","25,1","16"
"2017","4","Tierra Del Fuego","1","282"
"2017","4","Tierra Del Fuego","4","9.424"
"2017","4","Tierra Del Fuego","1,2","28"
"2017","4","Tierra Del Fuego","3,2","4"
"2017","4","Tierra Del Fuego","4,5","1"
"2017","4","Tierra Del Fuego","0,51","6"
"2017","4","Tierra Del Fuego","6,4","21.905"
"2017","4","Tierra Del Fuego","10,1","2"
"2017","4","Tucumán","1","1"
"2017","4","Tucumán","4","8.017"
"2017","4","Tucumán","6","9"
"2017","4","Tucumán","1,2","8.163"
"2017","4","Tucumán","16","76"
"2017","4","Tucumán","31","1.303"
"2017","4","Tucumán","3,2","159"
"2017","4","Tucumán","0,51","105"
"2017","4","Tucumán","6,4","70.565"
"2017","4","Tucumán","10,1","45.241"
"2017","4","Tucumán","155","4.367"
"2017","4","Tucumán","20,5","24.242"

