provincia,departamento,sector,ambito,Localizacion,ElectricidadSi,ElectricidadRedpública,ElectricidadGrupoelectrógeno,ElectricidadPanelfotovoltaicosolar,ElectricidadGeneradoreólico,ElectricidadGeneradorhidráulico,ElectricidadOtro,EquipamientoEstablecimientoTelevisor,EquipamientoEstablecimientoSistemamultimediaoCañón,EquipamientoEstablecimientoScanner,EquipamientoEstablecimientoWebcam,EquipamientoEstablecimientoReproductordeCD,EquipamientoEstablecimientoReproductordeDVD,EquipamientoEstablecimientoImpresora,EquipamientoEstablecimientoEquipoemisorderadioAMFM,EquipamientoEstablecimientoEquiporeceptorderadioAMFM,EquipamientoEstablecimientoServidorparausoescolar,EquipamientoEstablecimientoImpresora3D,EquipamientoEstablecimientoEquipodeSonido,EquipamientoEstablecimientoPizarrasdigitales,EquipamientoBibliotecaTelevisor,EquipamientoBibliotecaSistemamultimediaoCañón,EquipamientoBibliotecaScanner,EquipamientoBibliotecaEquipamientoBibliotecaWebcam,EquipamientoBibliotecaReproductordeCD,EquipamientoBibliotecaReproductordeDVD,EquipamientoBibliotecaImpresora,EquipamientoBibliotecaEquipoemisorderadioAMFM,EquipamientoBibliotecaEquiporeceptorderadioAMFM,EquipamientoBibliotecaServidorparausoescolar,InternetTipodeservicioGratuito,InternetTipodeservicioPago,InternetTipodeconexiónTelefónica,InternetTipodeconexiónADSL,InternetTipodeconexiónCableMódem,InternetTipodeconexiónSatelital,InternetTipodeconexiónOtroTipo,InternetTipodeconexiónMóvil,EspaciosconconexiónEneláreadeadministración,EspaciosconconexiónEnlasaulas,EspaciosconconexiónEnlabibliotecas,EspaciosconconexiónEnotroespaciodelestablecimiento,EspaciosconconexiónEnellaboratorio,CooperadoraConpersoneríajurídica,CooperadoraSinpersoneríajurídica,CooperadoraNo,SistemadeGestiónEscolarSi,SistemadeGestiónEscolarProvistoporelMinisterio,SistemadeGestiónEscolarDesarrolladoporterceros,SistemadeGestiónEscolarEncargadoporelEstablecimiento,SistemadeGestiónEscolarPlanilladeCalculo,DisponedesalaolaboratoriodeinformáticaSi,LaboratorioFuncionaesespacioexclusivoSi,BibliotecaDisponedealmenosunaSi,BibliotecaFuncionaesespacioexclusivoSi,SubvenciónEstatalJardínMaternalSi,SubvenciónEstatalJardíndeInfantesSi,SubvenciónEstatalPrimariaSi,SubvenciónEstatalSecundariaSi,SubvenciónEstatalSNUSi
Buenos Aires,25 DE MAYO,Estatal,Rural,49,48,48,1,,,,,31,35,19,6,20,24,41,14,,3,1,27,20,8,7,3,1,5,6,7,1,,1,8,19,3,2,16,6,3,3,18,23,12,10,4,28,13,7,19,14,,1,4,12,6,23,13,,,,,
Buenos Aires,25 DE MAYO,Estatal,Urbano,43,43,43,,,,,,32,29,23,4,22,18,30,17,,1,2,27,14,11,9,4,,3,6,1,1,,,9,25,2,,27,2,4,2,30,21,18,13,7,25,5,13,20,20,,,,10,4,31,22,,,,,
Buenos Aires,25 DE MAYO,Privado,Urbano,9,9,9,,,,,,7,5,7,7,8,9,9,5,,4,1,9,,3,4,1,2,1,3,3,1,,2,,9,1,3,5,1,,2,9,6,3,6,2,,,9,7,5,,,2,2,1,5,4,,3,3,3,
Buenos Aires,9 DE JULIO,Estatal,Rural,48,48,48,,,,,,34,37,22,8,29,28,39,17,,6,2,33,25,13,12,5,1,11,10,9,4,,1,17,10,5,5,11,5,1,2,21,17,13,11,7,28,8,12,12,9,1,,2,12,7,32,19,,,,,
Buenos Aires,9 DE JULIO,Estatal,Urbano,37,37,37,,,,,,23,31,15,8,14,18,32,17,,3,6,31,17,10,8,5,1,5,6,10,3,,2,24,9,8,7,18,1,1,3,31,25,22,17,12,19,11,7,17,14,1,2,,11,9,28,21,,,,,
Buenos Aires,9 DE JULIO,Privado,Urbano,7,7,7,,,,,,6,7,6,4,7,6,7,5,,2,1,7,,2,2,2,,2,2,1,2,,1,,7,,2,2,2,,2,7,7,4,4,4,,,7,4,2,2,,,4,4,5,5,,2,2,3,
Buenos Aires,ADOLFO ALSINA,Estatal,Rural,26,26,26,,,,,,21,19,15,9,21,12,21,16,,8,1,17,16,6,6,5,4,7,4,5,5,,1,21,3,3,2,4,18,,,16,17,7,14,4,14,7,5,14,13,,,1,5,3,12,5,,,,,
Buenos Aires,ADOLFO ALSINA,Estatal,Urbano,19,19,19,,,,,,19,17,9,3,13,12,17,10,,,1,16,10,5,4,1,,3,3,1,1,,,11,8,3,1,9,3,4,,19,17,10,11,3,8,11,,10,10,,,,5,2,13,10,,,,,
Buenos Aires,ADOLFO GONZALES CHAVES,Estatal,Rural,22,22,21,1,1,,,,17,13,5,5,8,12,19,13,,6,,13,4,3,4,,,2,2,2,3,,1,10,3,2,1,4,7,2,1,10,11,2,7,2,13,8,1,16,16,,,,2,,17,3,,,,,
Buenos Aires,ADOLFO GONZALES CHAVES,Estatal,Urbano,14,14,14,1,,,,,11,11,5,4,7,6,11,8,,1,1,11,7,6,5,1,2,6,6,3,3,,,9,3,1,1,5,,3,3,11,8,9,7,5,9,5,,9,8,,,1,6,3,12,11,,,,,
Buenos Aires,ALBERTI,Estatal,Rural,17,17,17,,,,,,16,13,8,5,13,8,14,9,,4,1,11,6,2,4,1,1,3,3,2,1,,1,6,9,1,,5,6,3,,11,11,5,5,3,10,6,1,7,7,,,,6,3,8,6,,,,,
Buenos Aires,ALBERTI,Estatal,Urbano,10,10,10,,,,,,8,10,6,2,7,4,9,8,,,1,9,3,,4,1,,2,1,1,1,,,2,8,1,,6,2,1,1,9,10,6,6,3,5,3,2,4,4,,,,4,3,6,5,,,,,
Buenos Aires,ALMIRANTE BROWN,Estatal,Urbano,237,224,223,,,,,1,190,177,74,32,118,127,185,83,,30,11,181,54,71,44,3,8,30,45,15,26,,8,203,1,43,15,127,13,29,23,200,142,114,81,41,86,70,69,105,91,1,,13,57,41,203,150,,,,,
Buenos Aires,ALMIRANTE BROWN,Privado,Urbano,175,158,158,9,,,,,138,118,81,78,121,113,145,85,,29,8,150,14,34,22,10,13,31,26,25,16,,3,,150,70,15,94,5,8,15,146,90,45,81,83,,,159,76,47,13,12,4,90,72,96,69,3,46,45,44,1
Buenos Aires,ARRECIFES,Estatal,Rural,14,14,14,,,,,,12,10,3,1,7,8,10,6,,5,,10,4,2,2,,,1,3,2,1,,,10,1,1,1,6,2,4,,8,9,4,6,1,5,7,2,7,6,,,1,3,1,6,5,,,,,
Buenos Aires,ARRECIFES,Estatal,Urbano,31,31,31,,,,,,27,21,12,3,19,24,25,15,,9,2,22,9,13,9,4,1,9,10,6,3,,4,27,4,4,3,13,3,8,3,28,18,11,11,6,13,12,6,19,19,,,,8,6,23,15,,,,,
Buenos Aires,AVELLANEDA,Estatal,Urbano,185,177,176,,,,,1,149,143,80,29,107,111,158,79,,30,13,151,49,49,36,8,6,28,36,18,18,,5,136,14,40,3,98,7,19,22,144,93,70,60,41,113,44,20,67,52,2,5,8,65,50,148,110,,,,,
Buenos Aires,AVELLANEDA,Privado,Urbano,119,105,105,3,,,,2,88,95,68,67,88,73,100,60,,19,3,98,31,17,19,8,10,21,22,17,8,,7,5,99,30,3,75,3,5,17,103,69,32,62,66,1,,104,44,11,18,12,3,67,60,57,37,8,30,26,29,3
Buenos Aires,AYACUCHO,Estatal,Rural,39,37,29,1,7,1,,,27,28,9,5,15,24,26,20,,2,,17,12,8,10,3,4,3,7,7,6,,1,13,2,,,1,12,1,1,6,9,3,5,1,18,13,7,11,8,1,,2,5,,23,6,,,,,
Buenos Aires,AYACUCHO,Estatal,Urbano,25,25,24,1,1,,,,22,19,7,3,14,19,20,10,,2,2,22,8,11,4,1,1,7,10,3,2,,1,3,10,1,,6,3,4,,13,5,4,5,2,11,5,9,11,10,,,1,8,4,18,14,,,,,
Buenos Aires,AZUL,Estatal,Rural,43,41,28,,13,,,,24,30,14,6,21,21,31,22,,6,1,29,18,6,10,2,3,7,6,10,8,,1,20,1,,,3,18,,1,9,18,1,10,1,9,12,22,6,5,,,1,8,,27,5,,,,,
Buenos Aires,AZUL,Estatal,Urbano,61,60,60,,,,,,51,44,22,12,32,34,53,33,,3,4,51,21,13,16,2,4,9,12,11,8,,1,51,1,4,5,31,5,7,8,52,30,23,23,13,32,17,11,28,23,2,,3,24,15,47,29,,,,,
Buenos Aires,AZUL,Privado,Urbano,21,21,21,,,,,,16,20,16,8,21,18,19,16,,4,1,21,2,6,6,3,1,6,5,3,4,,2,4,17,1,1,15,1,2,6,19,17,10,15,9,3,2,16,6,4,1,,1,10,6,13,8,1,4,7,7,
Buenos Aires,BAHIA BLANCA,Estatal,Rural,6,6,6,,,,,,5,5,3,4,4,4,5,5,,,,5,2,2,2,2,2,1,1,2,2,,,4,,,,1,2,2,,3,3,2,,1,1,2,3,1,1,,,,1,1,4,3,,,,,
Buenos Aires,BAHIA BLANCA,Estatal,Urbano,196,196,196,1,,,,,163,169,79,37,122,104,182,109,,23,10,163,70,75,58,12,10,60,49,37,34,,4,117,51,16,6,116,11,22,17,162,114,95,64,38,116,32,48,103,87,5,5,6,50,29,165,126,,,,,
Buenos Aires,BAHIA BLANCA,Privado,Urbano,85,84,84,,,,,,75,70,53,52,70,60,80,51,,15,2,79,10,15,13,10,10,20,16,18,14,,5,,82,10,7,65,4,5,10,82,66,39,58,38,,,84,50,21,13,14,2,40,38,56,43,9,21,15,19,4
Buenos Aires,BALCARCE,Estatal,Rural,34,34,33,,1,,,,22,19,14,3,13,11,27,14,,2,,18,11,6,4,1,1,2,3,2,1,,,12,6,,,5,12,2,,13,12,2,4,1,17,12,5,15,15,,,,5,,15,7,,,,,
Buenos Aires,BALCARCE,Estatal,Urbano,46,46,45,,1,,,,37,30,16,8,25,26,36,21,,9,1,31,14,18,9,2,2,5,9,4,1,,1,32,7,5,1,28,6,7,1,36,25,13,14,8,29,6,11,28,26,,,2,11,5,28,22,,,,,
Buenos Aires,BALCARCE,Privado,Urbano,4,4,4,,,,,,4,4,4,3,4,4,4,4,,2,,4,1,3,1,,2,3,1,,2,,2,,4,2,,4,,,2,4,4,3,3,3,1,,3,4,2,,2,,3,2,4,3,,3,3,1,
Buenos Aires,BARADERO,Estatal,Rural,25,24,21,3,3,1,,,18,17,12,4,14,13,21,13,,6,4,20,10,5,3,1,,4,2,5,2,,2,6,5,1,,2,6,,2,11,5,3,3,1,12,7,6,8,8,,,,5,1,14,6,,,,,
Buenos Aires,BARADERO,Estatal,Urbano,40,40,38,2,1,,,,26,26,13,4,16,15,27,14,,8,1,28,11,6,8,1,1,5,5,8,4,,1,26,2,9,5,15,2,1,2,27,15,13,13,5,14,14,12,16,14,2,,,10,6,31,22,,,,,
Buenos Aires,BARADERO,Privado,Urbano,10,10,10,,,,,,8,8,8,5,8,8,9,3,,,,7,5,7,7,,3,4,5,2,1,,,,10,5,2,4,,,1,10,9,7,8,6,,,10,7,3,2,2,,6,4,8,7,1,2,2,2,
Buenos Aires,BENITO JUAREZ,Estatal,Rural,13,13,13,,,,,,12,10,10,4,10,9,12,10,,1,1,11,6,5,5,5,2,6,4,5,5,,1,4,9,,1,5,4,2,2,13,10,4,3,,7,5,1,7,7,,,,1,,9,6,,,,,
Buenos Aires,BENITO JUAREZ,Estatal,Urbano,17,17,17,,,,,,14,17,13,3,12,12,17,11,,2,2,15,7,9,8,4,2,4,6,3,4,,,4,13,1,3,3,3,2,6,16,9,8,7,3,9,7,1,10,8,1,,1,3,2,16,12,,,,,
Buenos Aires,BERAZATEGUI,Estatal,Urbano,182,181,180,2,,,,1,154,139,73,28,95,104,159,83,,34,8,161,44,65,53,10,5,38,45,32,28,,9,156,11,35,17,78,26,33,22,166,115,101,71,34,95,44,42,85,70,1,3,11,51,33,171,129,,,,,
Buenos Aires,BERAZATEGUI,Privado,Urbano,103,98,96,8,,,,2,82,82,70,70,79,65,93,56,,15,8,94,22,16,19,12,13,25,14,23,13,,4,6,91,43,8,69,7,9,21,96,79,41,60,61,1,,97,32,18,5,8,1,63,54,57,39,3,27,25,25,3
Buenos Aires,BERISSO,Estatal,Urbano,57,55,55,,,,,,43,39,19,7,21,28,42,24,,10,5,41,12,24,9,3,3,13,16,5,9,,3,49,3,5,4,25,4,18,5,51,35,28,22,16,36,7,12,26,23,2,1,,20,11,49,34,,,,,
Buenos Aires,BERISSO,Privado,Urbano,21,21,21,,,,,,16,17,13,11,16,14,21,14,,4,,20,1,5,3,1,,2,2,3,3,,,,20,4,1,15,2,2,4,19,11,6,8,8,2,,19,12,5,2,2,3,9,8,12,11,,9,7,7,1
Buenos Aires,BOLIVAR,Estatal,Rural,40,40,39,1,,,,,30,29,16,4,18,23,27,19,,4,1,21,17,3,2,,,1,1,2,1,,,3,5,,1,3,4,,,5,6,2,5,1,22,9,9,7,6,1,,,1,1,13,4,,,,,
Buenos Aires,BOLIVAR,Estatal,Urbano,38,38,38,,,,,,30,28,14,9,24,22,29,25,,4,5,30,17,15,10,4,4,9,10,5,11,,1,17,10,1,1,15,6,3,4,26,18,15,8,4,17,8,13,9,8,1,,,8,6,25,21,,,,,
Buenos Aires,BOLIVAR,Privado,Urbano,7,7,7,,,,,,6,7,6,7,7,7,7,7,,,,7,,,2,4,3,4,2,5,2,,,,7,1,2,5,,2,1,7,7,6,6,6,,1,6,2,,,1,1,6,5,6,4,1,2,2,2,1
Buenos Aires,BRAGADO,Estatal,Rural,22,22,20,,1,,,2,20,17,13,3,13,13,19,15,,2,,21,8,6,4,,1,4,3,5,,,1,13,4,3,,10,6,1,1,12,13,4,6,1,13,5,4,7,6,,,1,3,1,12,9,,,,,
Buenos Aires,BRAGADO,Estatal,Urbano,31,31,31,1,1,1,1,,30,31,21,9,22,18,29,17,,5,5,29,19,9,7,1,2,7,4,4,6,,1,12,19,5,4,18,1,3,3,30,20,13,15,5,21,8,2,20,16,1,,3,7,5,24,17,,,,,
Buenos Aires,BRAGADO,Privado,Urbano,5,5,3,,3,,,,5,3,4,4,5,5,4,3,,1,1,5,,2,,,1,2,1,,1,,1,,5,2,,2,,,1,5,4,4,3,4,,,5,4,,2,1,1,4,3,4,3,1,1,1,3,
Buenos Aires,BRANDSEN,Estatal,Rural,29,29,28,,,,,1,19,20,13,6,14,11,20,14,,1,1,23,8,4,6,1,2,5,4,5,5,,,5,,,,3,2,,,5,1,2,3,1,14,4,11,10,5,,,5,5,2,19,6,,,,,
Buenos Aires,BRANDSEN,Estatal,Urbano,21,21,21,,,,,,17,18,11,2,13,11,16,9,,,1,13,6,9,5,1,1,3,4,3,1,,,5,4,3,,4,1,2,,8,2,4,2,1,13,3,5,7,6,,,1,7,2,19,14,,,,,
Buenos Aires,BRANDSEN,Privado,Urbano,10,8,8,,,,,,6,7,6,2,6,4,8,5,,2,,8,,1,2,,,2,2,,1,,,,8,1,2,4,2,1,,8,7,3,8,3,1,,7,4,4,,,,2,2,3,2,,2,3,2,
Buenos Aires,CAMPANA,Estatal,Rural,18,18,18,,,,,,10,16,7,3,9,14,15,8,,,3,17,6,5,10,2,3,6,8,6,7,,,3,,,,2,1,,1,3,2,2,2,2,10,4,4,4,3,,,1,5,4,15,9,,,,,
Buenos Aires,CAMPANA,Estatal,Urbano,73,73,73,,,,,,62,61,31,9,34,34,67,21,,11,10,56,22,25,18,2,3,11,13,11,6,,5,49,3,8,2,35,3,6,4,51,34,24,23,9,32,20,21,26,22,1,1,2,20,12,56,40,,,,,
Buenos Aires,CAMPANA,Privado,Urbano,38,36,36,7,,,,,30,34,23,25,27,21,36,17,,9,4,34,9,8,10,3,7,10,9,5,8,,1,,36,13,,31,5,3,14,36,35,17,23,11,,,36,14,5,3,3,3,12,7,21,10,2,5,4,5,
Buenos Aires,CAÑUELAS,Estatal,Rural,26,26,26,1,1,1,,,18,18,9,7,7,11,19,8,,2,1,19,5,8,7,,3,4,4,5,2,,2,6,5,,,3,6,2,,10,6,3,5,2,12,4,10,7,6,,1,,14,1,14,5,,,,,
Buenos Aires,CAÑUELAS,Estatal,Urbano,51,51,51,,,,,,36,38,15,5,25,29,40,22,,6,2,41,18,13,13,1,1,10,12,7,6,,3,25,13,6,2,23,5,5,1,36,22,12,8,7,22,14,15,20,19,,,1,15,6,35,24,,,,,
Buenos Aires,CAÑUELAS,Privado,Urbano,18,17,16,1,2,,,,17,16,12,13,15,15,17,7,,4,2,15,4,3,3,,1,3,3,3,,,,,17,5,2,10,6,1,2,17,14,5,12,11,1,,16,10,5,3,2,,11,10,10,4,,1,1,1,
Buenos Aires,CAPITAN SARMIENTO,Estatal,Rural,9,9,8,,,,,1,6,7,5,1,4,4,8,5,,,,8,3,1,,,,,1,,,,,7,1,1,,4,1,2,1,5,7,,1,,4,3,2,3,3,,,,3,,3,1,,,,,
Buenos Aires,CAPITAN SARMIENTO,Estatal,Urbano,18,18,18,,,,,,16,16,11,5,14,10,16,7,,7,1,15,4,10,7,3,1,8,7,8,2,,4,17,,1,1,12,1,2,2,16,12,13,11,9,10,6,2,14,13,,1,,9,7,16,12,,,,,
Buenos Aires,CARLOS CASARES,Estatal,Rural,34,34,34,,,,,,22,23,13,8,21,19,26,16,,4,1,25,17,4,7,2,2,5,6,5,3,,1,11,15,1,5,15,1,4,,18,20,11,12,,17,9,8,8,8,,,,5,1,19,11,,,,,
Buenos Aires,CARLOS CASARES,Estatal,Urbano,21,21,21,,,,,,13,18,13,8,11,9,20,7,,2,3,16,11,7,5,5,2,2,6,6,3,,2,4,16,3,1,14,,2,3,18,11,12,5,5,17,3,1,12,10,1,,1,6,3,18,14,,,,,
Buenos Aires,CARLOS TEJEDOR,Estatal,Rural,27,27,26,,,,,1,18,18,5,2,11,14,20,14,,3,2,16,13,4,5,2,1,4,4,3,2,,,17,3,1,1,12,5,3,2,13,15,5,5,2,6,12,9,11,10,,,1,5,1,11,7,,,,,
Buenos Aires,CARLOS TEJEDOR,Estatal,Urbano,16,16,16,,,,,,15,14,8,,9,8,14,8,,,1,10,6,2,7,2,,4,3,5,3,,,12,4,2,3,7,,4,1,14,9,7,7,,8,8,,8,8,,,,2,1,9,6,,,,,
Buenos Aires,CARMEN DE ARECO,Estatal,Rural,16,16,16,,,,,,11,13,2,2,6,10,14,3,,1,,8,3,3,4,1,1,3,4,5,1,,,2,3,,,4,1,,,5,4,2,2,,10,4,2,6,4,2,,,5,1,12,5,,,,,
Buenos Aires,CARMEN DE ARECO,Estatal,Urbano,26,26,26,,,,,,19,20,11,4,14,12,22,11,,4,1,22,12,6,5,3,2,4,5,2,1,,2,8,10,1,2,7,4,4,,17,9,7,8,2,11,10,5,10,8,,1,1,5,4,20,11,,,,,
Buenos Aires,CASTELLI,Estatal,Rural,16,15,14,,1,,,1,8,11,4,2,3,6,13,8,,,,10,2,,,,,,,,,,,4,1,1,,1,1,2,,3,4,1,2,1,11,3,2,2,2,,,,1,,6,1,,,,,
Buenos Aires,CASTELLI,Estatal,Urbano,8,8,8,,,,,,7,6,4,1,3,4,7,3,,1,,6,2,1,,,,,,,1,,,6,2,1,,4,,3,,7,6,2,4,3,4,1,3,3,3,,,,3,3,6,3,,,,,
Buenos Aires,CHACABUCO,Estatal,Rural,31,29,29,,1,,,,25,17,6,6,16,18,17,12,,4,,20,13,7,5,2,2,7,8,5,4,,,11,3,1,1,4,6,3,,8,12,4,6,2,14,8,7,7,4,,,3,9,3,18,10,,,,,
Buenos Aires,CHACABUCO,Estatal,Urbano,51,40,40,,,,,,28,25,5,11,21,22,26,19,,6,1,34,17,6,6,1,1,7,3,4,5,,1,28,7,5,,21,3,6,6,32,20,11,18,4,12,16,12,14,10,,1,3,10,3,28,18,,,,,
Buenos Aires,CHACABUCO,Privado,Urbano,9,9,9,,,,,,9,6,6,5,9,6,9,5,,4,1,9,,8,2,,2,8,5,2,4,,2,,9,2,,7,,1,3,9,6,8,4,1,1,,8,1,,1,,,3,1,9,8,4,4,2,2,
Buenos Aires,CHASCOMUS,Estatal,Urbano,67,66,60,1,4,,,3,44,54,34,16,32,31,59,30,,6,4,38,24,15,16,6,2,12,12,11,8,,3,25,8,8,3,17,7,7,4,30,21,18,19,9,40,12,15,19,15,2,,2,16,6,43,22,,,,,
Buenos Aires,CHASCOMUS,Privado,Urbano,10,10,10,,,,,,6,10,6,6,9,9,10,6,,2,,10,1,3,3,1,2,4,4,3,1,,,,10,5,,5,2,1,1,10,9,8,8,4,,,10,4,4,,,,4,4,9,5,,4,3,3,
Buenos Aires,CHIVILCOY,Estatal,Rural,33,33,30,,,,1,2,20,24,9,7,17,9,25,14,,,1,18,20,4,8,2,1,3,2,7,4,,,16,5,2,,7,5,5,4,14,15,3,7,,24,4,5,15,14,,,1,10,1,16,6,,,,,
Buenos Aires,CHIVILCOY,Estatal,Urbano,59,59,58,,,,1,,51,51,19,13,35,33,48,30,,9,2,49,28,22,16,5,4,9,16,10,6,,2,50,5,8,3,31,6,12,5,53,48,33,33,15,44,8,7,32,24,2,1,5,16,8,45,35,,,,,
Buenos Aires,CHIVILCOY,Privado,Urbano,19,19,19,,,,,,11,17,10,11,17,15,19,10,,2,,19,,3,6,3,3,8,6,4,4,,1,,19,2,,11,4,1,1,19,18,11,15,5,,,19,8,7,,1,,5,4,12,8,3,5,5,5,1
Buenos Aires,COLON,Estatal,Rural,11,11,11,,,,,,7,9,5,2,8,7,10,5,,,,9,3,2,2,,,1,2,,,,,4,2,,,2,2,2,,5,4,2,1,2,2,7,2,4,4,,,,2,,8,5,,,,,
Buenos Aires,COLON,Estatal,Urbano,21,21,21,,,,,,19,19,9,7,11,14,20,13,,3,2,18,8,12,8,2,3,5,8,5,6,,1,10,8,1,1,9,3,4,4,18,11,8,9,7,6,13,2,13,11,1,,1,9,6,18,13,,,,,
Buenos Aires,COLON,Privado,Urbano,9,9,9,,,,,,6,8,7,2,7,5,9,6,,,,9,2,2,4,1,,,,,1,,,,9,3,,4,,2,,9,6,4,3,3,,,9,7,4,2,1,,2,2,6,3,,3,3,3,
Buenos Aires,CORONEL DE MARINA L ROSALES,Estatal,Rural,17,17,16,,,,1,,13,12,8,1,7,6,13,9,,,1,14,11,4,3,,,2,2,2,2,,,10,4,1,1,10,2,,,12,6,3,3,2,6,5,6,4,3,,,1,2,1,8,5,,,,,
Buenos Aires,CORONEL DE MARINA L ROSALES,Estatal,Urbano,48,47,47,1,,1,,,41,36,17,10,24,23,43,20,,7,2,36,15,19,9,1,4,8,10,8,6,,1,39,7,6,1,39,,2,4,45,27,23,18,6,18,19,10,24,19,,1,4,9,5,40,28,,,,,
Buenos Aires,CORONEL DE MARINA L ROSALES,Privado,Urbano,9,9,9,,,,,,9,9,7,4,8,9,9,2,,2,1,9,,4,3,,,4,4,3,,,2,,9,3,,6,,2,,8,3,3,5,4,,,9,5,1,1,1,2,5,3,7,3,,3,3,3,
Buenos Aires,CORONEL DORREGO,Estatal,Rural,24,24,23,,1,,,,18,19,10,3,15,13,23,11,,2,1,15,9,5,3,2,,4,4,3,3,,1,10,5,5,,4,5,3,1,11,11,2,4,1,18,1,5,4,4,,,,4,1,14,6,,,,,
Buenos Aires,CORONEL DORREGO,Estatal,Urbano,16,16,16,,,,,,11,11,6,3,11,8,11,4,,2,2,13,5,6,3,1,1,2,2,2,,,1,10,1,2,,5,2,2,,9,9,6,5,2,11,,5,5,5,,,,4,4,12,9,,,,,
Buenos Aires,CORONEL DORREGO,Privado,Urbano,5,5,5,,,,,,4,3,3,2,4,4,5,4,,1,,4,,2,1,,,,1,,1,,1,1,4,1,,4,2,,,5,5,4,4,3,,1,4,2,1,,1,,3,2,5,3,,2,2,2,
Buenos Aires,CORONEL PRINGLES,Estatal,Rural,19,19,9,2,9,,,1,13,14,9,3,10,10,14,8,,,1,11,7,,,1,,1,,1,,,,1,3,,,1,1,2,1,2,3,3,2,2,10,3,6,2,2,,,,2,1,9,6,,,,,
Buenos Aires,CORONEL PRINGLES,Estatal,Urbano,29,29,26,3,3,,,,25,24,15,7,18,14,21,15,,6,1,23,17,6,4,,,2,4,2,3,,1,13,10,5,1,16,1,1,2,21,18,13,11,4,19,4,6,17,16,,1,,2,2,23,14,,,,,
Buenos Aires,CORONEL SUAREZ,Estatal,Rural,27,27,27,,,,,,23,23,18,8,20,20,25,15,,9,2,21,16,9,11,6,4,10,8,8,6,,1,14,7,2,1,6,8,5,2,13,19,9,9,5,17,7,3,7,7,,,,5,3,23,11,,,,,
Buenos Aires,CORONEL SUAREZ,Estatal,Urbano,50,50,49,,,,,1,41,37,24,13,31,32,42,30,,15,4,39,18,18,13,5,4,11,15,6,12,,5,23,21,11,2,20,10,5,4,41,30,19,16,8,32,9,9,26,21,2,1,2,13,8,37,29,,,,,
Buenos Aires,CORONEL SUAREZ,Privado,Urbano,8,8,8,,,,,,8,8,7,3,8,8,7,5,,2,,7,1,,,,,,,,,,,2,6,4,,6,,,,8,4,5,3,5,1,,7,4,4,,,,5,4,7,4,3,4,3,4,
Buenos Aires,DAIREAUX,Estatal,Rural,28,26,24,,1,,,1,18,20,12,4,11,11,20,9,,5,,14,10,4,3,,,4,3,2,2,,1,14,5,2,,9,3,6,2,13,13,1,9,,16,7,5,7,4,1,,2,4,,15,4,,,,,
Buenos Aires,DAIREAUX,Estatal,Urbano,15,15,13,,1,,,1,12,12,3,1,8,11,13,9,,,2,13,6,4,5,,,3,2,3,,,,2,10,2,,5,1,4,1,10,8,6,8,3,9,3,3,9,8,,,1,3,3,11,8,,,,,
Buenos Aires,DOLORES,Estatal,Rural,16,15,9,1,6,,,1,12,12,5,2,4,4,14,9,,2,1,15,6,2,2,1,,2,1,3,1,,,7,,,,5,2,,,6,7,2,3,1,10,5,1,4,4,,,,3,3,10,3,,,,,
Buenos Aires,DOLORES,Estatal,Urbano,22,22,22,,,,,,17,19,10,4,14,14,20,12,,9,2,20,7,7,6,1,1,2,5,4,3,,2,22,,6,,20,,2,2,22,15,14,18,8,9,11,2,12,12,,,,13,7,20,16,,,,,
Buenos Aires,Enmascarado,Estatal,Rural,19,19,18,1,1,,,,12,10,5,2,9,7,11,8,,,,12,5,1,3,,,3,1,2,1,,,8,2,2,1,2,3,3,,10,6,3,5,,9,1,9,7,7,,,,3,,14,6,,,,,
Buenos Aires,Enmascarado,Estatal,Urbano,24,23,23,,,,,,19,17,10,3,16,17,18,14,,,,18,9,8,7,,,6,7,8,6,,,15,5,4,,15,2,2,2,20,12,8,7,4,14,5,4,13,13,,,,2,1,19,11,,,,,
Buenos Aires,Enmascarado,Privado,,1,1,1,,,,,,1,1,1,1,,,1,1,,,,1,,,,,,,,,,,,,1,,,,1,,,1,,,,,,,1,,,,,,,,1,,,,,,
Buenos Aires,Enmascarado,Privado,Rural,63,61,60,5,,,,1,48,49,38,23,43,39,56,27,,5,9,54,5,15,18,11,9,14,13,16,9,,3,14,43,11,3,29,14,10,7,57,38,26,34,25,4,11,46,29,21,3,2,3,27,21,43,33,12,23,15,29,
Buenos Aires,Enmascarado,Privado,Urbano,106,104,104,2,1,,,1,96,90,61,42,87,76,101,70,,26,5,95,13,31,30,11,12,33,25,27,26,,9,8,95,17,1,73,13,8,9,103,84,57,55,36,9,2,93,46,38,2,2,4,40,33,81,63,4,32,32,38,8
Buenos Aires,ENSENADA,Estatal,Urbano,43,43,43,,,,,,30,34,14,7,17,23,33,19,,8,7,30,23,14,15,3,1,6,9,7,6,,4,33,2,2,1,27,3,4,3,33,26,25,18,9,22,11,10,16,13,1,,2,12,6,42,31,,,,,
Buenos Aires,ENSENADA,Privado,Urbano,10,9,9,,2,,,,6,7,5,1,6,3,9,4,,1,1,9,,,,,,,,,,,,,9,3,,8,1,1,1,9,8,,6,1,,,9,2,1,,1,,3,1,5,1,,3,3,3,
Buenos Aires,ESCOBAR,Estatal,Urbano,110,105,105,,1,,,,71,79,39,14,46,53,86,30,,8,15,86,36,18,18,5,3,18,15,6,13,,2,67,9,27,11,32,6,12,5,75,46,38,26,22,59,30,16,49,42,1,1,5,29,18,84,60,,,,,
Buenos Aires,ESCOBAR,Privado,Urbano,107,97,96,7,1,,,1,67,83,63,61,76,57,90,47,,16,6,85,19,9,18,6,13,19,16,13,10,,2,3,90,26,11,55,9,8,15,93,69,39,57,43,1,,96,41,10,19,7,5,45,33,60,35,,13,13,15,
Buenos Aires,ESTEBAN ECHEVERRIA,Estatal,Urbano,129,129,129,,1,,,,113,111,46,20,72,79,112,64,,11,3,111,41,43,28,7,4,26,29,22,20,,3,93,14,23,8,65,10,14,9,104,68,58,38,21,93,19,17,71,62,1,1,7,33,19,116,90,,,,,
Buenos Aires,ESTEBAN ECHEVERRIA,Privado,Urbano,78,71,71,7,2,,,,61,59,44,48,66,57,68,40,,21,11,69,9,9,5,3,7,10,8,5,8,,2,,70,24,10,50,5,4,9,70,44,12,45,47,,,71,45,17,13,14,1,54,47,32,22,2,21,17,15,
Buenos Aires,EXALTACION DE LA CRUZ,Estatal,Rural,20,20,20,,,,,,17,15,8,4,13,11,17,10,,,1,19,6,3,2,1,1,4,4,2,1,,,15,2,2,2,11,2,1,,16,10,7,7,1,13,3,4,9,5,,,4,3,2,13,8,,,,,
Buenos Aires,EXALTACION DE LA CRUZ,Estatal,Urbano,23,23,23,,,,,,15,18,12,4,10,11,19,8,,2,1,18,7,7,8,2,2,5,3,3,4,,1,21,1,7,2,14,1,,1,20,8,3,3,3,14,6,3,13,9,,,4,6,3,16,11,,,,,
Buenos Aires,EXALTACION DE LA CRUZ,Privado,Urbano,10,6,6,2,,,,,6,6,5,4,6,5,6,3,,3,,6,,1,1,1,1,1,1,1,1,,1,,6,2,,6,1,,,6,6,2,6,5,2,,4,4,1,1,2,,5,4,2,2,,2,2,2,
Buenos Aires,EZEIZA,Estatal,Urbano,85,83,83,,1,,,,60,58,18,14,41,36,61,34,,8,2,65,34,18,16,3,4,10,12,12,12,,1,60,,13,2,26,7,14,8,58,37,21,25,8,51,15,17,52,43,2,2,5,16,9,61,48,,,,,
Buenos Aires,EZEIZA,Privado,Urbano,53,50,49,10,,,,1,42,39,31,33,38,31,48,31,,14,4,48,8,8,5,2,5,9,5,6,6,,2,1,48,26,6,26,9,5,7,48,36,16,31,21,,,50,24,15,7,1,1,23,18,26,16,,8,5,9,1
Buenos Aires,FLORENCIO VARELA,Estatal,Rural,5,5,5,,,,,,4,5,2,1,2,3,5,1,,,1,5,,2,1,,,1,1,1,,,,2,,,,,2,,,2,1,1,,1,1,3,1,2,2,,,,2,1,5,4,,,,,
Buenos Aires,FLORENCIO VARELA,Estatal,Urbano,198,192,191,,,,,1,152,126,58,21,88,106,147,71,,9,7,151,36,58,42,8,9,30,42,16,19,,,142,3,24,9,73,18,20,18,140,104,78,54,29,68,41,83,70,60,1,,9,48,32,168,126,,,,,
Buenos Aires,FLORENCIO VARELA,Privado,Urbano,90,88,88,7,,,,,76,58,40,45,63,57,79,47,,19,1,80,4,20,5,3,2,16,14,5,9,,3,,84,34,5,49,15,7,14,83,45,23,43,40,,,88,29,13,3,7,6,42,35,46,29,1,29,27,27,2
Buenos Aires,FLORENTINO AMEGHINO,Estatal,Rural,8,8,8,,,,,,7,6,4,1,4,3,8,2,,1,2,5,1,1,1,,,1,1,1,1,,,3,2,,1,1,2,,1,4,2,,2,,6,2,,4,3,,,1,,,6,2,,,,,
Buenos Aires,FLORENTINO AMEGHINO,Estatal,Urbano,13,13,13,,,,,,12,10,2,,3,5,11,5,,,,10,2,3,1,,,,1,1,,,,8,3,2,,5,1,4,1,11,7,6,6,2,9,,4,6,6,,,,7,4,10,6,,,,,
Buenos Aires,GENERAL ALVARADO,Estatal,Rural,13,13,13,,,,,,13,8,8,3,6,7,13,8,,,1,7,3,3,3,1,1,1,1,2,3,,,5,1,2,,2,2,,,6,2,2,2,2,4,7,2,6,5,,1,,4,1,12,5,,,,,
Buenos Aires,GENERAL ALVARADO,Estatal,Urbano,31,31,31,,,,,,26,27,14,4,20,17,29,19,,1,3,22,6,7,3,,,3,6,2,1,,,3,14,3,3,5,2,4,1,17,6,7,8,3,20,10,1,15,14,1,,,13,6,26,15,,,,,
Buenos Aires,GENERAL ALVARADO,Privado,Urbano,15,15,15,,,,,,12,13,12,11,12,12,15,10,,4,,14,,2,3,2,4,4,2,3,2,,,,15,6,2,3,2,3,1,15,10,5,8,5,,1,14,7,6,,,1,5,5,11,6,1,5,6,5,
Buenos Aires,GENERAL ALVEAR,Estatal,Rural,27,27,25,1,3,,,,22,21,11,5,15,17,24,11,,,1,10,12,3,3,,,3,3,1,,,,3,1,,,3,1,,,2,3,1,2,1,16,5,6,8,6,1,,1,5,1,13,2,,,,,
Buenos Aires,GENERAL ALVEAR,Estatal,Urbano,19,19,18,,1,,,,8,12,3,2,6,8,10,5,,,1,12,6,5,4,1,1,3,6,2,1,,,5,7,,,8,2,2,1,11,7,4,7,2,7,4,8,12,9,2,,1,3,2,14,9,,,,,
Buenos Aires,GENERAL ARENALES,Estatal,Rural,7,7,7,,,,,,6,3,,,2,4,4,2,,,,6,1,,,,,,,,,,,4,2,,,2,4,,,6,4,1,2,,3,1,3,2,2,,,,1,,4,1,,,,,
Buenos Aires,GENERAL ARENALES,Estatal,Urbano,18,18,18,,,,,,17,15,3,1,16,13,17,9,,,1,14,6,6,3,,,5,6,2,1,,,15,3,1,4,10,,4,1,18,10,7,12,4,8,10,,12,10,,1,1,6,5,14,12,,,,,
Buenos Aires,GENERAL ARENALES,Privado,Urbano,8,8,8,,,,,,7,5,2,3,5,4,8,5,,2,,5,1,,,,,1,,2,2,,,5,3,1,,6,2,,,7,3,2,3,4,,,8,1,1,,,,6,5,5,4,,3,2,3,
Buenos Aires,GENERAL BELGRANO,Estatal,Rural,19,19,18,,1,,,1,13,12,2,1,6,7,10,5,,1,1,10,6,3,4,,,1,2,2,2,,,3,4,,,3,5,1,,6,5,3,3,,9,3,7,5,5,,,,2,,7,4,,,,,
Buenos Aires,GENERAL BELGRANO,Estatal,Urbano,15,15,15,,,,,,13,11,3,,7,6,13,5,,,1,13,5,3,2,,,4,3,1,2,,,2,7,,,6,2,1,,9,7,4,5,,9,3,3,4,4,,,,4,1,14,7,,,,,
Buenos Aires,GENERAL GUIDO,Estatal,Rural,21,19,15,4,1,,,,12,16,7,5,5,5,16,3,,2,1,9,3,1,1,,1,,1,1,,,1,4,5,,,2,6,1,,9,8,4,5,2,14,3,4,3,2,,,1,6,1,10,5,,,,,
Buenos Aires,GENERAL JUAN MADARIAGA,Estatal,Rural,18,18,15,1,2,,,,14,11,8,2,8,11,15,7,,,,8,2,2,2,1,1,1,1,1,1,,,4,,1,,1,1,1,,3,2,,,,11,2,5,7,7,,,,5,,7,2,,,,,
Buenos Aires,GENERAL JUAN MADARIAGA,Estatal,Urbano,34,34,34,,,,,,23,24,13,2,16,18,26,15,,1,1,21,11,6,5,2,,4,6,6,3,,,23,2,8,3,8,5,11,1,23,16,14,11,6,20,7,7,17,16,,,1,6,3,23,17,,,,,
Buenos Aires,GENERAL JUAN MADARIAGA,Privado,Urbano,5,5,5,,,,,,3,4,4,4,3,3,4,4,,,,4,,,3,,1,2,,,3,,,,5,5,,2,,,3,5,4,4,3,2,,,5,1,1,,,,2,,4,2,,,1,1,
Buenos Aires,GENERAL LA MADRID,Estatal,Rural,20,20,16,,4,,,,15,16,11,3,10,10,16,7,,5,,16,9,7,9,5,1,5,7,6,3,,2,10,4,1,,3,7,4,1,11,10,7,6,1,9,8,3,5,4,,,1,2,,15,4,,,,,
Buenos Aires,GENERAL LA MADRID,Estatal,Urbano,17,17,16,,1,,,,11,13,3,1,8,7,12,6,,2,2,12,8,5,8,1,1,5,4,3,3,,,3,10,,,8,4,1,2,12,8,9,6,2,5,7,5,6,5,,1,,2,2,13,9,,,,,
Buenos Aires,GENERAL LAS HERAS,Estatal,Rural,20,20,20,,,,,,15,15,7,4,12,8,17,7,,5,,16,8,2,3,1,,2,2,3,1,,1,15,4,1,,4,13,1,,13,17,,6,,11,4,5,5,5,,,,7,1,9,2,,,,,
Buenos Aires,GENERAL LAS HERAS,Estatal,Urbano,13,13,12,1,,,,,8,8,4,4,8,5,8,4,,2,1,8,3,4,,,,3,1,,1,,,9,2,1,,8,4,,,9,8,4,6,4,5,3,5,7,7,,,,4,1,9,6,,,,,
Buenos Aires,GENERAL LAVALLE,Estatal,Rural,17,16,9,2,7,,,,11,8,7,4,8,6,10,6,,1,,8,2,5,6,5,3,4,5,7,4,,,6,,,1,2,1,2,,6,1,1,1,1,6,3,7,7,7,,,,2,1,11,3,,,,,
Buenos Aires,GENERAL PAZ,Estatal,Rural,29,29,29,,,,,,22,21,14,3,10,9,24,13,,8,,20,14,3,5,1,,2,2,4,3,,2,21,1,2,,7,10,2,1,13,20,1,4,,19,5,5,7,7,,,,4,,12,8,,,,,
Buenos Aires,GENERAL PAZ,Estatal,Urbano,14,14,14,,,,,,9,8,5,4,6,3,11,6,,2,1,9,5,4,3,,1,3,3,1,2,,,5,7,1,3,4,5,1,1,8,7,2,4,1,7,2,5,6,4,1,,1,1,,9,7,,,,,
Buenos Aires,GENERAL PINTO,Estatal,Rural,18,18,16,,1,,,1,12,14,3,1,7,6,14,6,,4,,10,10,3,4,1,,1,1,1,1,,,4,7,2,1,4,3,1,,9,6,3,5,1,8,3,7,2,2,,,,4,3,8,7,,,,,
Buenos Aires,GENERAL PINTO,Estatal,Urbano,11,11,11,,,,,,10,10,3,1,3,4,11,3,,2,1,8,3,1,,,,1,1,4,2,,,,10,1,1,5,1,1,1,10,3,,1,1,7,3,1,4,3,1,,,4,3,9,6,,,,,
Buenos Aires,GENERAL PUEYRREDON,Estatal,Rural,33,32,31,1,,,,,24,22,11,3,16,17,28,13,,5,1,28,9,5,5,1,2,5,5,1,2,,1,9,6,6,,8,4,,1,15,7,4,4,2,18,7,7,12,9,2,,1,10,3,22,11,,,,,
Buenos Aires,GENERAL PUEYRREDON,Estatal,Urbano,267,262,262,,1,,,,227,182,104,44,167,175,243,165,,34,7,218,39,101,61,10,12,54,69,32,44,,13,203,18,42,29,100,23,47,19,216,135,104,84,41,152,49,61,119,100,7,4,8,63,36,224,156,,,,,
Buenos Aires,GENERAL PUEYRREDON,Privado,Urbano,239,238,238,4,,,,,227,195,162,149,201,188,233,163,,58,10,227,43,59,49,31,40,67,58,63,46,,13,1,232,73,40,152,6,13,35,232,189,103,160,125,1,,237,130,69,29,24,8,126,99,141,95,17,63,53,49,2
Buenos Aires,GENERAL RODRIGUEZ,Estatal,Rural,10,9,9,,,,,,7,6,4,,1,4,6,2,,1,,7,2,2,2,1,,,,2,,,,6,,1,,2,3,,1,6,4,1,1,,7,,2,4,3,,,1,1,,6,2,,,,,
Buenos Aires,GENERAL RODRIGUEZ,Estatal,Urbano,66,58,58,1,1,,,,39,46,19,4,20,27,43,15,,4,2,42,16,14,12,2,,6,8,5,5,,1,39,2,2,1,20,13,12,2,40,23,13,10,3,23,17,18,24,21,,,3,10,3,42,31,,,,,
Buenos Aires,GENERAL RODRIGUEZ,Privado,Urbano,27,25,25,1,,,,,20,21,19,15,19,12,24,9,,3,,23,2,3,4,1,2,6,5,2,3,,,,24,4,,18,1,3,2,24,22,7,9,8,1,,24,13,5,4,2,2,11,9,10,9,,5,7,6,
Buenos Aires,GENERAL SAN MARTIN,Estatal,Urbano,177,164,164,,,,,,132,146,111,65,103,102,156,60,,35,17,145,64,48,40,10,8,33,30,23,13,,5,133,12,23,10,111,8,17,11,143,105,75,71,44,64,58,42,97,84,8,1,4,59,37,138,102,,,,,
Buenos Aires,GENERAL SAN MARTIN,Privado,Urbano,121,121,121,,,,,,109,109,87,84,99,95,120,60,,23,15,115,18,19,18,14,13,23,21,25,2,,1,1,119,19,28,80,1,8,12,118,84,44,75,92,,,121,51,18,22,9,2,93,74,78,54,12,39,32,35,5
Buenos Aires,GENERAL VIAMONTE,Estatal,Rural,21,21,21,,,,,,15,14,8,3,12,8,19,9,,5,1,13,7,1,4,1,1,3,2,2,1,,1,7,3,,,1,6,3,2,8,8,3,2,3,11,7,3,7,5,,1,1,2,1,13,7,,,,,
Buenos Aires,GENERAL VIAMONTE,Estatal,Urbano,16,16,16,,,,,,15,12,5,3,11,13,13,8,,2,2,14,8,6,3,,1,2,4,4,,,,9,5,,,10,2,2,1,13,6,7,4,4,10,3,3,6,5,,,1,7,4,14,12,,,,,
Buenos Aires,GENERAL VILLEGAS,Estatal,Rural,50,50,50,1,,,,,33,33,23,10,26,22,39,20,,3,1,28,8,14,9,4,6,8,9,9,1,,2,22,10,7,1,16,5,6,,29,21,16,14,9,23,18,9,26,19,3,1,3,15,8,30,20,,,,,
Buenos Aires,GENERAL VILLEGAS,Estatal,Urbano,26,26,26,,,,,,20,22,14,5,11,10,20,16,,5,2,18,7,10,11,3,3,5,5,7,8,,2,17,3,4,2,11,4,1,2,18,14,11,8,6,8,10,8,17,17,,,,9,6,21,17,,,,,
Buenos Aires,GUAMINI,Estatal,Rural,26,24,21,1,1,,,1,20,16,9,2,13,13,18,9,,7,1,14,6,4,3,3,2,4,4,3,2,,1,12,5,3,1,5,9,1,1,13,14,4,5,2,11,7,8,7,6,,,1,3,2,16,5,,,,,
Buenos Aires,GUAMINI,Estatal,Urbano,16,16,16,,,,,,13,9,6,3,12,11,11,10,,1,2,13,3,9,4,,,4,5,2,3,,,8,6,,2,4,6,3,1,12,4,5,5,3,5,8,3,6,5,,,1,3,1,13,9,,,,,
Buenos Aires,HIPOLITO YRIGOYEN,Estatal,Rural,7,7,7,,,,,,6,4,3,3,3,2,5,3,,,1,3,1,,1,1,1,1,1,1,1,,,3,,1,,1,2,,,3,3,,,,4,1,2,,,,,,3,2,5,2,,,,,
Buenos Aires,HIPOLITO YRIGOYEN,Estatal,Urbano,8,8,8,,,,,,7,7,4,1,5,4,7,4,,1,1,7,5,,1,,,,1,,,,,,7,,1,4,,2,,7,5,4,4,3,2,5,1,5,5,,,,5,2,7,5,,,,,
Buenos Aires,HURLINGHAM,Estatal,Urbano,92,89,89,,,,,,79,67,46,19,55,54,80,43,,23,5,71,35,34,23,6,2,19,27,6,9,,8,75,7,11,7,58,6,8,13,81,54,41,32,21,44,23,22,56,45,1,,10,33,19,71,54,,,,,
Buenos Aires,HURLINGHAM,Privado,Urbano,50,50,50,2,,,,,36,40,34,35,40,39,45,30,,13,4,48,8,8,12,9,16,18,13,16,12,,3,,48,21,9,28,1,6,7,48,41,30,36,34,,,50,34,11,16,6,1,34,30,36,25,1,9,9,11,2
Buenos Aires,ITUZAINGO,Estatal,Urbano,70,70,69,1,,,,2,60,60,27,9,46,47,64,30,,8,5,56,16,22,12,3,5,15,15,9,5,,4,53,8,12,9,35,4,6,6,58,27,24,17,10,38,18,14,38,36,1,,1,23,12,62,55,,,,,
Buenos Aires,ITUZAINGO,Privado,Urbano,71,69,69,8,,,,,59,54,46,44,56,53,67,35,,14,6,62,11,16,19,6,11,15,14,19,6,,1,2,67,20,10,51,2,6,7,69,57,31,53,44,1,,68,39,18,11,10,,46,42,52,38,5,19,19,21,4
Buenos Aires,JOSE C. PAZ,Estatal,Urbano,111,111,111,,,,,,73,77,31,9,32,40,83,24,,4,3,81,16,33,20,3,2,14,20,4,8,,3,68,8,5,4,53,8,7,5,72,52,36,25,7,40,36,35,42,33,3,1,5,13,6,88,70,,,,,
Buenos Aires,JOSE C. PAZ,Privado,Urbano,61,57,57,2,,,,,47,42,29,25,41,39,53,26,,8,,56,10,9,10,3,5,12,10,10,5,,,,54,24,10,25,4,5,9,54,23,15,25,28,1,,56,27,11,6,9,1,32,31,30,23,1,20,20,16,1
Buenos Aires,JUNIN,Estatal,Rural,26,26,26,,,,,,15,18,6,2,9,7,20,8,,1,,19,5,4,3,2,,2,2,5,1,,,8,10,1,2,12,4,1,,16,11,4,5,3,11,5,10,5,4,,,1,6,2,10,5,,,,,
Buenos Aires,JUNIN,Estatal,Urbano,73,72,72,,,,,,55,59,36,13,41,45,63,32,,9,7,60,25,15,11,2,3,9,12,8,7,,1,58,7,11,5,51,,5,6,63,43,29,23,13,28,19,26,27,21,,3,3,16,7,49,34,,,,,
Buenos Aires,JUNIN,Privado,Urbano,28,28,28,,,,,,23,22,20,17,22,19,28,16,,4,1,27,,6,9,4,6,8,5,9,5,,2,1,27,10,,18,,3,3,28,26,13,20,15,1,,27,15,7,4,4,,16,13,18,12,4,10,8,7,1
Buenos Aires,LA COSTA,Estatal,Urbano,52,52,52,,,,,,38,48,28,8,28,21,47,20,,6,3,42,14,20,13,4,2,10,11,8,1,,2,40,6,13,4,35,1,1,2,45,19,22,15,6,33,12,7,26,17,3,1,5,13,5,46,37,,,,,
Buenos Aires,LA COSTA,Privado,Urbano,20,19,19,,,,,,17,15,14,7,16,13,16,6,,3,,18,1,5,3,2,2,3,1,3,3,,2,2,16,6,2,9,,2,4,17,14,8,11,8,,,19,10,7,2,1,,8,7,10,8,,6,6,4,
Buenos Aires,LA MATANZA,Estatal,Urbano,608,571,571,,,,,1,382,477,196,93,261,289,468,205,,73,28,443,102,152,127,21,10,80,97,64,60,,15,435,35,111,25,243,31,76,56,452,302,236,164,109,304,150,122,225,187,7,3,28,170,114,501,398,,,,,
Buenos Aires,LA MATANZA,Privado,Urbano,368,363,362,11,,,,1,298,298,224,226,293,277,348,186,,82,15,348,50,59,50,21,37,61,65,50,27,,14,3,350,137,43,208,17,18,66,350,228,96,200,218,10,1,354,182,102,50,25,5,236,200,193,119,21,132,111,110,7
Buenos Aires,LA PLATA,Estatal,Rural,6,6,6,,1,,,,4,5,2,,3,2,5,2,,,,6,1,,1,,,,,,,,,1,1,,,1,1,,,2,1,,,,4,2,,1,1,,,,1,,4,2,,,,,
Buenos Aires,LA PLATA,Estatal,Urbano,349,322,321,,1,,,1,236,241,127,39,172,174,264,148,,42,25,231,88,81,62,17,8,46,67,52,40,,12,229,34,37,6,174,18,44,26,253,156,121,85,44,167,71,85,125,112,4,3,6,80,49,284,189,,,,,
Buenos Aires,LA PLATA,Privado,Urbano,307,296,296,11,2,,,1,211,241,178,184,215,172,287,186,,29,12,274,38,28,44,17,28,53,38,42,36,,1,2,289,77,18,211,24,13,38,290,221,121,179,94,6,3,287,132,84,19,25,4,91,72,162,123,2,68,61,65,8
Buenos Aires,LANUS,Estatal,Urbano,212,201,201,,1,,,1,162,150,70,27,111,114,174,81,,24,11,151,48,63,51,10,4,38,39,17,21,,4,163,17,26,14,95,9,30,36,175,113,78,65,33,95,54,52,78,70,,1,7,46,31,152,109,,,,,
Buenos Aires,LANUS,Privado,Urbano,151,144,144,7,,,,,111,122,95,99,113,98,140,84,,29,9,136,40,23,15,8,17,26,24,23,13,,5,1,142,49,13,91,13,7,27,143,111,46,85,96,1,,143,58,26,14,15,3,96,83,68,49,6,38,36,38,3
Buenos Aires,LAPRIDA,Estatal,Rural,14,14,7,,7,,,,10,11,8,3,5,4,12,8,,1,,7,6,5,5,4,3,2,2,5,5,,,,,,,,,,,,,,,,3,8,3,2,2,,,,2,1,8,4,,,,,
Buenos Aires,LAPRIDA,Estatal,Urbano,19,19,17,,2,,,,17,16,6,2,13,12,17,12,,1,2,14,6,8,8,,2,4,6,3,2,,1,1,10,1,1,7,1,2,1,11,2,4,3,2,5,11,3,7,6,,,1,5,4,14,10,,,,,
Buenos Aires,LAS FLORES,Estatal,Rural,37,37,27,1,10,,,,28,32,18,7,21,18,29,20,,6,1,18,14,5,8,5,3,3,4,7,1,,,3,1,,,1,3,1,,4,2,2,1,1,25,6,6,6,5,,,1,7,1,18,6,,,,,
Buenos Aires,LAS FLORES,Estatal,Urbano,23,23,23,,,,,,21,21,11,1,10,13,19,13,,5,1,20,11,4,6,1,,1,1,5,4,,1,6,10,3,2,9,,3,,16,8,8,6,3,14,7,2,8,7,,,1,5,3,16,11,,,,,
Buenos Aires,LAS FLORES,Privado,Urbano,5,5,5,,,,,,5,4,3,3,4,4,5,4,,,,5,,,,,,1,,1,,,,,5,1,,4,,1,,5,4,2,5,2,,2,3,5,3,1,,1,2,2,4,1,,1,1,2,
Buenos Aires,LEANDRO N. ALEM,Estatal,Rural,16,16,15,,,,,1,11,11,6,4,10,7,14,7,,1,,10,3,3,4,2,3,4,3,3,4,,,9,2,2,1,4,4,,1,9,9,2,4,1,10,3,3,9,8,,,1,5,,9,5,,,,,
Buenos Aires,LEANDRO N. ALEM,Estatal,Urbano,17,17,17,,,,,,16,14,5,,11,13,16,7,,2,,16,8,7,8,1,,8,8,3,4,,1,11,6,4,3,5,1,8,1,17,6,10,4,4,11,5,1,8,5,1,,2,9,7,15,13,,,,,
Buenos Aires,LEZAMA,Estatal,Rural,10,10,10,,,,,,6,6,3,3,6,5,10,6,,1,,4,7,,,,,,,1,,,,2,,,,1,1,,,,2,,1,,2,5,3,3,3,,,,1,,1,1,,,,,
Buenos Aires,LINCOLN,Estatal,Rural,51,51,50,,,,,1,34,34,19,8,26,26,40,21,,6,1,25,19,7,7,1,2,8,8,6,5,,,8,14,4,,10,5,4,1,19,16,11,8,4,13,22,16,12,11,,,1,11,4,29,13,,,,,
Buenos Aires,LINCOLN,Estatal,Urbano,27,27,26,,,,,1,19,25,15,7,17,17,25,13,,5,3,23,9,11,7,7,3,8,9,9,5,,1,12,11,2,1,17,2,2,3,23,13,11,9,5,12,12,3,14,12,1,,1,12,4,23,16,,,,,
Buenos Aires,LINCOLN,Privado,Urbano,14,14,14,,,,,,12,10,10,4,8,10,13,7,,4,,13,1,4,4,,2,2,2,1,2,,1,1,13,2,,11,1,1,1,14,11,6,8,5,1,1,12,8,2,5,1,,5,4,9,7,,3,4,4,1
Buenos Aires,LOBERIA,Estatal,Rural,36,36,31,2,1,,,2,28,26,14,4,18,17,32,16,,5,2,17,16,4,6,2,1,3,3,3,1,,1,11,3,6,,5,2,2,1,10,13,5,6,5,21,8,7,16,14,,,2,11,3,19,7,,,,,
Buenos Aires,LOBERIA,Estatal,Urbano,20,20,20,,,,,,14,15,10,4,14,13,16,6,,3,1,14,12,3,8,1,2,6,6,4,1,,,3,11,3,1,8,2,1,1,14,11,6,4,3,10,8,2,12,10,1,,1,5,5,16,12,,,,,
Buenos Aires,LOBOS,Estatal,Rural,35,35,35,1,,,,,24,28,14,10,18,19,26,14,,9,3,25,17,3,5,1,2,3,1,2,,,1,10,16,1,1,12,7,7,,20,25,4,8,3,6,23,6,17,14,,,3,11,1,14,4,,,,,
Buenos Aires,LOBOS,Estatal,Urbano,38,38,38,,,,,,29,24,11,7,23,20,29,15,,7,1,29,15,11,8,1,2,10,8,4,2,,2,3,27,1,2,19,2,2,4,26,19,11,10,3,6,16,16,18,15,,,3,8,4,25,20,,,,,
Buenos Aires,LOBOS,Privado,Urbano,8,8,8,,,,,,7,7,5,5,7,7,8,4,,1,,8,,,,,,,,,,,,,7,1,3,2,1,1,1,7,4,3,6,5,,3,5,8,3,2,2,1,6,5,6,5,1,1,2,2,
Buenos Aires,LOMAS DE ZAMORA,Estatal,Urbano,290,285,285,,,,,,241,252,121,58,168,181,265,118,,17,10,256,79,86,59,9,9,48,51,41,27,,5,189,43,34,8,150,15,20,33,229,128,97,73,33,105,49,131,100,75,4,3,18,73,48,240,178,,,,,
Buenos Aires,LOMAS DE ZAMORA,Privado,Urbano,256,245,244,18,1,,,2,204,206,159,150,199,179,239,129,,46,9,224,50,33,31,8,22,44,35,23,20,,5,2,237,73,21,174,12,14,36,238,159,70,136,141,2,,243,117,34,51,26,6,151,137,118,81,7,61,58,66,6
Buenos Aires,LUJAN,Estatal,Rural,28,28,28,,,,,,21,23,12,5,12,14,21,12,,1,,19,6,4,5,1,1,1,1,2,1,,,7,6,4,2,3,4,1,1,13,3,2,,,20,4,4,6,6,,,,6,3,18,12,,,,,
Buenos Aires,LUJAN,Estatal,Urbano,68,67,66,,,,,1,53,58,29,10,38,45,61,26,,5,2,57,24,22,18,1,1,14,19,9,4,,1,45,10,18,8,29,2,8,2,55,33,28,25,10,46,12,9,29,26,,1,2,18,11,55,44,,,,,
Buenos Aires,LUJAN,Privado,Urbano,48,41,41,1,,,,,31,34,28,24,29,27,39,25,,4,5,40,11,6,12,9,8,11,9,9,11,,1,1,39,17,5,28,5,4,7,39,32,17,25,20,1,,40,18,4,10,4,,23,20,27,20,1,8,7,8,2
Buenos Aires,MAGDALENA,Estatal,Rural,31,29,28,2,2,,,,20,14,7,2,9,12,26,8,,4,1,14,3,1,,,,1,3,1,1,,1,3,21,,,11,9,2,2,17,20,5,8,1,14,9,6,5,5,,,,2,,14,6,,,,,
Buenos Aires,MAGDALENA,Estatal,Urbano,24,23,23,1,,,,,18,18,11,2,9,10,17,7,,1,2,16,3,4,4,1,1,3,2,5,1,,,3,19,2,1,17,3,3,,20,17,13,9,4,13,4,6,6,5,,1,,8,6,20,13,,,,,
Buenos Aires,MAIPU,Estatal,Rural,15,15,13,2,2,,,,8,9,7,1,9,5,11,6,,,,9,3,3,2,,1,2,1,,1,,,1,2,,,,3,,,1,3,,,,6,5,4,2,2,,,,3,,7,3,,,,,
Buenos Aires,MAIPU,Estatal,Urbano,9,9,9,,,,,,7,8,6,3,6,6,6,4,,3,,7,1,5,1,,1,4,3,1,3,,,,3,,,3,,,,3,2,1,1,,6,1,2,2,2,,,,5,3,7,6,,,,,
Buenos Aires,MALVINAS ARGENTINAS,Estatal,Urbano,121,121,121,,,,,,91,89,42,13,53,61,98,26,,11,7,85,37,40,28,3,4,18,27,16,6,,5,90,10,26,6,55,10,12,13,97,54,37,20,15,39,49,33,103,100,1,,2,25,17,90,59,,,,,
Buenos Aires,MALVINAS ARGENTINAS,Privado,Urbano,106,96,95,1,,,,2,79,76,53,55,73,65,93,37,,19,7,88,18,13,10,6,13,15,11,15,7,,3,2,90,32,10,56,3,9,7,90,54,28,48,48,,,96,58,30,16,9,3,54,45,50,32,1,35,35,31,1
Buenos Aires,MAR CHIQUITA,Estatal,Rural,27,27,17,2,11,,,,21,19,15,6,19,18,22,13,,3,1,14,7,7,7,6,2,6,6,7,5,,1,6,4,2,1,3,1,3,1,10,5,2,3,,9,8,10,8,7,1,,,3,1,19,8,,,,,
Buenos Aires,MAR CHIQUITA,Estatal,Urbano,24,24,24,,,,,,16,16,7,,11,11,21,13,,3,1,20,6,5,3,1,,3,4,2,3,,1,15,3,6,,8,4,3,2,16,10,5,5,1,11,6,7,4,4,,,,4,3,17,10,,,,,
Buenos Aires,MARCOS PAZ,Estatal,Rural,10,10,10,,,,,,9,9,4,1,4,8,7,5,,2,,8,3,3,3,,,1,2,1,1,,,1,1,,,1,1,,,2,1,,,1,7,1,2,6,4,1,,1,2,1,8,5,,,,,
Buenos Aires,MARCOS PAZ,Estatal,Urbano,38,38,38,,,,,,33,30,20,6,16,24,36,20,,6,4,33,10,11,12,4,2,7,9,8,9,,2,28,5,4,1,26,1,1,5,33,8,8,4,6,18,14,6,12,11,1,,,11,5,33,23,,,,,
Buenos Aires,MARCOS PAZ,Privado,Urbano,15,15,15,,,,,,15,15,9,13,15,14,15,15,,9,2,15,5,6,6,3,4,7,7,3,4,,1,,15,4,,14,3,1,4,15,13,9,13,13,,,15,12,7,,3,2,11,10,11,9,1,5,4,4,1
Buenos Aires,MERCEDES,Estatal,Rural,28,28,26,,1,,,2,21,21,9,7,19,19,21,12,,4,2,19,8,8,11,3,4,10,9,7,4,,2,8,4,,,5,6,,2,10,9,1,3,2,8,7,13,7,6,,,1,6,2,17,5,,,,,
Buenos Aires,MERCEDES,Estatal,Urbano,54,53,53,,1,,,,38,43,17,10,24,29,43,25,,4,3,41,21,13,12,2,2,5,10,7,4,,,21,18,5,3,19,8,5,6,37,21,17,20,5,15,16,22,17,11,1,1,4,13,6,38,24,,,,,
Buenos Aires,MERCEDES,Privado,Urbano,30,28,28,2,,,,,23,24,19,15,19,18,28,13,,2,3,25,4,8,9,4,3,5,4,5,1,,,,28,11,,16,6,4,8,28,25,17,23,17,,,28,12,3,7,2,,13,11,18,13,3,8,8,8,2
Buenos Aires,MERLO,Estatal,Urbano,228,227,227,1,,,,,190,167,80,31,131,146,190,99,,21,12,190,39,77,62,9,5,43,58,17,23,,9,92,79,48,13,78,19,25,16,169,81,70,46,22,135,58,35,122,106,5,,11,60,37,186,144,,,,,
Buenos Aires,MERLO,Privado,Urbano,129,123,122,7,1,,,,106,102,74,70,102,97,112,63,,25,7,116,19,36,39,17,17,39,37,30,23,,7,1,120,55,11,71,4,13,12,120,78,51,68,76,,,123,65,42,6,9,8,85,76,86,52,3,46,40,35,3
Buenos Aires,MONTE,Estatal,Rural,16,16,16,,,,,,13,11,9,2,8,8,15,9,,2,,13,4,4,3,2,,2,2,1,1,,,10,,1,,1,9,,,9,8,1,4,3,14,1,1,4,3,1,,,5,4,9,7,,,,,
Buenos Aires,MONTE,Estatal,Urbano,19,19,19,,,,,,19,17,11,9,12,11,16,8,,3,1,17,6,10,6,3,2,7,7,6,5,,2,10,8,6,2,5,4,,2,16,14,8,7,2,13,3,3,5,4,,,1,6,3,15,10,,,,,
Buenos Aires,MONTE,Privado,Urbano,9,9,9,2,,,,,8,9,5,4,6,4,9,5,,1,3,8,1,5,3,1,1,2,2,1,2,,1,,9,3,,8,,,,9,7,6,7,5,,,9,4,3,,1,,5,3,5,2,1,3,3,3,
Buenos Aires,MONTE HERMOSO,Estatal,Urbano,11,11,11,,,,,,8,8,6,2,4,4,10,7,,3,1,10,4,4,4,,1,3,2,1,2,,1,11,,3,2,5,,3,,10,10,7,7,1,7,2,2,2,2,,,,1,1,8,7,,,,,
Buenos Aires,MORENO,Estatal,Urbano,245,231,230,,,,,1,150,176,83,17,92,96,172,62,,11,7,164,65,59,64,7,2,35,41,25,19,,2,190,13,15,28,89,23,41,23,193,124,99,72,41,95,61,75,112,97,,6,9,50,33,187,126,,,,,
Buenos Aires,MORENO,Privado,Urbano,126,118,118,2,,,,,93,101,76,68,87,83,113,60,,14,9,115,24,21,21,14,19,28,23,17,15,,1,,116,41,13,65,12,9,14,114,67,43,67,70,1,,117,62,40,12,7,3,74,67,83,61,,37,39,32,2
Buenos Aires,MORON,Estatal,Urbano,156,155,155,,,,,,131,122,74,29,83,89,133,64,,24,10,125,45,59,51,14,11,33,37,21,17,,6,135,10,35,4,103,6,12,18,143,93,69,58,34,97,47,11,87,81,1,,5,52,30,133,97,,,,,
Buenos Aires,MORON,Privado,Urbano,132,129,129,2,1,,,,111,118,91,86,113,102,125,70,,21,11,122,37,29,36,20,25,38,37,39,17,,5,3,126,42,19,83,8,7,18,128,103,54,86,76,1,,128,81,48,17,15,1,79,70,81,56,17,39,34,37,7
Buenos Aires,NAVARRO,Estatal,Rural,33,33,33,,,,,,26,24,14,7,23,21,25,14,,11,3,18,15,6,7,2,2,6,7,8,4,,1,11,5,,2,6,6,2,1,11,15,3,8,3,17,6,10,16,12,1,,3,6,2,17,8,,,,,
Buenos Aires,NAVARRO,Estatal,Urbano,20,20,20,1,,,,,14,11,6,1,9,11,12,7,,6,1,10,5,5,4,3,1,3,3,3,3,,2,11,3,,1,8,2,2,2,12,11,6,6,3,9,2,9,11,9,,,2,4,,13,6,,,,,
Buenos Aires,NAVARRO,Privado,Urbano,6,6,6,,,,,,6,6,5,3,6,4,6,4,,4,1,4,2,3,2,2,,3,3,3,2,,2,3,3,3,,5,,1,,6,5,6,5,3,,1,5,4,3,,,1,5,3,6,6,,1,2,2,1
Buenos Aires,NECOCHEA,Estatal,Rural,21,21,20,,2,,,,13,15,12,6,10,11,18,11,,3,2,15,10,5,7,2,2,4,6,5,2,,,9,4,2,,3,7,1,,9,9,5,3,,13,2,6,9,9,,,,5,1,13,7,,,,,
Buenos Aires,NECOCHEA,Estatal,Urbano,72,72,72,,,,,,55,64,40,16,43,41,67,27,,9,5,55,31,23,29,11,6,21,20,18,6,,2,35,23,14,7,29,10,8,3,54,34,30,25,18,38,23,11,28,24,,1,3,25,14,50,39,,,,,
Buenos Aires,NECOCHEA,Privado,Urbano,37,33,33,,,,,,22,31,24,17,23,21,32,15,,8,,32,5,5,8,1,1,8,8,5,2,,4,1,31,11,7,17,2,3,5,32,26,16,26,16,1,1,31,13,8,4,,1,15,11,19,9,6,13,9,9,1
Buenos Aires,OLAVARRIA,Estatal,Rural,50,49,43,4,5,,,,32,43,25,9,24,25,41,27,,4,3,32,14,9,12,6,,7,10,11,5,,,16,7,1,,5,10,4,4,16,17,5,5,1,25,15,10,12,11,1,,,13,3,26,10,,,,,
Buenos Aires,OLAVARRIA,Estatal,Urbano,93,93,90,,3,,,1,80,79,44,20,63,63,80,50,,16,5,77,36,27,23,4,7,20,24,14,14,,2,40,37,16,2,46,8,10,9,74,45,33,34,17,55,19,19,44,35,2,2,5,29,17,79,52,,,,,
Buenos Aires,OLAVARRIA,Privado,Urbano,34,34,34,1,,,,,29,31,14,16,28,22,34,28,,6,1,34,7,5,7,1,2,9,7,4,10,,1,,33,10,4,24,1,1,4,33,28,17,19,16,1,2,31,11,9,,,2,13,13,25,19,3,12,10,10,1
Buenos Aires,PATAGONES,Estatal,Rural,37,37,36,,1,,,,28,29,17,9,26,21,29,23,,9,,26,17,6,3,2,,8,5,3,4,,1,20,7,4,,5,11,6,4,18,22,8,13,2,18,7,12,13,12,,,1,7,1,20,7,,,,,
Buenos Aires,PATAGONES,Estatal,Urbano,26,26,26,,,,,,16,21,13,5,15,9,20,10,,4,3,19,4,10,10,1,,5,4,3,4,,,8,13,2,2,12,6,,3,19,8,8,3,2,16,4,6,14,12,1,,1,10,4,24,14,,,,,
Buenos Aires,PATAGONES,Privado,Urbano,5,5,5,,,,,,5,5,4,2,4,3,5,4,,1,,4,,,1,1,,2,1,3,2,,,,5,2,1,2,,,,5,3,3,3,3,,,5,3,1,2,,,3,3,3,3,,1,2,2,
Buenos Aires,PEHUAJO,Estatal,Rural,39,39,39,1,,,,,31,35,18,10,21,18,33,17,,4,2,25,20,5,5,,1,4,4,1,3,,1,15,6,2,,11,6,2,2,16,13,10,11,6,21,13,5,8,7,,,1,6,2,18,11,,,,,
Buenos Aires,PEHUAJO,Estatal,Urbano,41,41,41,,,,,,34,32,14,5,25,23,33,18,,12,3,33,14,15,14,3,1,7,9,5,7,,1,30,3,5,6,14,9,5,1,32,25,19,10,9,21,9,11,14,11,1,,2,15,5,32,23,,,,,
Buenos Aires,PEHUAJO,Privado,Urbano,7,7,7,,,,,,7,6,7,4,7,7,7,6,,,,7,,,2,,2,2,1,1,1,,,,7,5,1,3,,4,1,7,6,4,6,6,,,7,6,2,4,,,5,5,5,3,,2,1,1,
Buenos Aires,PELLEGRINI,Estatal,Rural,7,7,7,,,,,,4,5,4,1,3,4,6,3,,1,1,3,3,2,2,1,1,2,1,,,,,3,1,,,1,3,,,3,3,2,2,1,3,3,1,2,2,,,,2,,5,1,,,,,
Buenos Aires,PERGAMINO,Estatal,Rural,48,48,47,1,,,,,34,32,17,6,19,23,36,19,,3,3,34,22,7,8,2,,5,5,5,7,,1,25,5,8,1,16,3,2,3,26,25,9,13,8,23,11,14,8,6,,1,1,11,4,22,12,,,,,
Buenos Aires,PERGAMINO,Estatal,Urbano,69,69,68,,,,,1,63,61,25,10,44,42,59,34,,9,10,55,21,29,21,2,2,17,19,13,7,,2,50,13,8,6,40,6,9,4,60,42,27,24,10,44,13,12,33,27,2,1,3,21,13,54,43,,,,,
Buenos Aires,PERGAMINO,Privado,Rural,5,5,5,,,,,,5,2,2,1,2,3,4,2,,2,2,4,,1,,,,,1,,,,,2,3,2,1,3,1,,1,5,3,2,3,,3,1,1,2,1,,1,,3,2,4,2,,,,5,
Buenos Aires,PERGAMINO,Privado,Urbano,33,33,33,,,,,,31,24,21,14,29,25,33,19,,8,,29,2,11,9,3,4,12,12,7,6,,2,1,31,9,1,22,2,1,2,32,22,19,24,17,,,33,15,10,2,3,,15,13,22,18,4,10,5,5,
Buenos Aires,PILA,Estatal,Rural,15,13,3,8,7,,,,12,9,7,5,6,9,12,4,,3,,6,8,1,2,2,1,1,1,2,,,,3,,,,,3,,,,3,,,,13,,2,2,2,,,,1,,7,2,,,,,
Buenos Aires,PILA,Estatal,Urbano,11,10,7,2,3,,,,8,7,2,3,7,6,9,5,,,,7,3,2,4,,2,3,2,4,1,,,2,3,,,5,,,1,4,3,3,,2,4,1,6,,,,,,2,2,5,3,,,,,
Buenos Aires,PILAR,Estatal,Urbano,136,136,136,,,,,1,100,105,59,28,65,72,120,50,,21,5,117,39,42,30,8,5,20,24,18,12,,4,70,28,25,11,54,12,7,6,95,34,23,24,6,85,35,16,60,49,2,,9,20,8,104,79,,,,,
Buenos Aires,PILAR,Privado,Urbano,171,162,162,22,4,,,,126,147,115,123,130,109,159,79,,41,23,154,53,36,52,21,38,49,45,41,30,,10,2,159,68,38,88,14,23,22,160,133,83,125,110,4,,158,107,31,43,27,6,108,88,101,72,,29,32,24,1
Buenos Aires,PINAMAR,Estatal,Urbano,25,25,25,,,,,,22,21,8,7,9,7,20,7,,10,1,18,5,9,11,2,2,3,4,5,5,,2,20,4,13,3,12,1,2,1,24,21,17,14,7,13,7,5,13,12,,,1,8,2,24,19,,,,,
Buenos Aires,PINAMAR,Privado,Urbano,9,6,6,,,,,,5,6,5,4,5,3,6,2,,,,6,,,3,,,1,1,,,,,,6,,1,3,,1,1,6,6,3,4,1,,,6,2,,1,1,,,,4,2,,,,,
Buenos Aires,PRESIDENTE PERON,Estatal,Urbano,44,44,44,,,,,,34,35,16,3,17,16,35,13,,4,2,30,14,10,12,2,,9,8,5,3,,,44,,8,3,23,10,9,6,44,29,19,13,1,17,16,11,23,21,,,2,6,4,33,20,,,,,
Buenos Aires,PRESIDENTE PERON,Privado,Urbano,13,13,13,1,,,,,10,11,8,8,12,9,12,8,,1,,13,2,,,,,4,2,1,2,,,,13,4,1,9,2,,1,13,9,3,9,5,,,13,8,4,1,3,,5,5,5,4,,2,4,3,
Buenos Aires,PUAN,Estatal,Rural,27,27,27,,,,,,23,19,15,6,17,17,23,11,,7,1,20,11,2,4,,1,1,3,3,1,,2,19,4,1,,14,7,4,2,18,19,9,9,4,11,14,2,4,3,,,1,5,3,16,10,,,,,
Buenos Aires,PUAN,Estatal,Urbano,8,8,8,,,,,,7,7,6,3,7,6,8,4,,1,1,7,6,2,2,2,1,2,1,4,1,,,7,1,2,,7,,1,,7,5,6,4,4,4,4,,6,5,1,,,4,3,8,7,,,,,
Buenos Aires,PUAN,Privado,Urbano,9,9,9,,,,,,7,8,8,8,9,9,9,7,,1,1,9,4,1,3,3,2,6,4,3,5,,1,4,5,5,1,8,,1,,9,8,9,7,8,2,2,5,3,,1,1,1,7,6,9,7,1,2,3,5,1
Buenos Aires,PUNTA INDIO,Estatal,Rural,23,22,22,,,,,,16,16,9,5,10,10,19,9,,1,1,14,3,2,3,1,1,,1,3,1,,,15,,1,2,6,5,2,,14,15,6,5,4,13,3,6,6,5,,,1,5,2,15,4,,,,,
Buenos Aires,QUILMES,Estatal,Urbano,263,261,261,,1,,,,206,204,88,34,121,136,210,92,,26,17,203,51,82,60,11,9,49,60,28,26,,10,217,8,42,11,136,13,24,31,217,145,116,91,48,119,54,89,114,105,2,,7,77,45,223,173,,,,,
Buenos Aires,QUILMES,Privado,Urbano,200,192,191,16,1,,,2,149,148,110,124,152,135,176,117,,36,13,175,41,28,29,19,19,40,36,30,32,,11,2,179,62,12,120,5,13,27,180,123,63,115,98,1,1,191,69,23,18,21,7,97,83,106,69,13,59,43,42,6
Buenos Aires,RAMALLO,Estatal,Rural,17,17,17,,,,,,12,13,5,2,10,12,14,8,,5,,11,8,2,2,2,,1,2,2,1,,1,7,1,,1,3,3,,1,5,4,1,3,,15,2,,8,8,,,,4,2,8,4,,,,,
Buenos Aires,RAMALLO,Estatal,Urbano,29,29,29,,,,,,24,25,14,7,17,20,27,13,,3,2,27,9,8,7,1,1,4,6,3,2,,2,23,4,3,3,17,5,3,3,26,22,17,14,7,17,9,3,14,14,,,,8,4,23,14,,,,,
Buenos Aires,RAUCH,Estatal,Rural,25,22,17,,3,,,2,11,14,9,5,10,6,14,9,,2,3,13,11,1,2,1,1,2,1,1,1,,,16,1,,,1,14,2,,6,14,2,5,1,10,9,4,8,8,,,,4,1,8,4,,,,,
Buenos Aires,RAUCH,Estatal,Urbano,17,17,16,,1,,,,8,8,3,3,10,6,9,10,,1,1,8,7,2,4,,,2,3,3,1,,,13,3,2,,4,9,3,,9,13,2,6,3,5,6,6,3,3,,,,5,3,9,7,,,,,
Buenos Aires,RIVADAVIA,Estatal,Rural,29,29,28,1,,,,,14,26,13,5,6,8,22,11,,1,1,17,26,5,6,1,1,2,4,2,3,,1,29,,3,2,10,10,4,1,17,26,7,16,4,17,4,8,14,13,,,1,2,1,13,6,,,,,
Buenos Aires,RIVADAVIA,Estatal,Urbano,13,13,12,1,,,,,9,12,7,4,8,6,12,5,,1,2,9,10,3,5,3,2,4,3,2,2,,1,9,4,2,,5,6,1,2,12,12,9,9,4,7,5,1,6,5,,,1,5,1,12,9,,,,,
Buenos Aires,RIVADAVIA,Privado,Urbano,4,4,4,,,,,,4,4,4,2,4,2,4,2,,,,4,4,,2,2,2,2,,2,,,,2,2,1,,4,,,1,4,4,4,4,,,,4,2,1,,,1,,,4,4,,,1,1,
Buenos Aires,ROJAS,Estatal,Rural,24,24,24,,,,,,16,21,9,5,7,7,20,11,,4,1,13,13,7,5,,,3,3,2,4,,,10,4,1,,7,3,3,,8,10,5,4,2,16,7,1,3,2,,,1,9,2,16,8,,,,,
Buenos Aires,ROJAS,Estatal,Urbano,26,26,26,,,1,,,21,18,12,5,15,15,20,14,,3,1,18,9,8,5,,2,7,4,2,5,,1,21,2,4,3,15,4,2,3,21,19,10,10,5,11,8,7,17,12,2,,3,10,7,22,17,,,,,
Buenos Aires,ROQUE PEREZ,Estatal,Rural,30,30,29,,1,,,,22,18,8,2,12,13,25,13,,3,,15,13,2,1,1,,,1,2,,,,3,7,1,,4,2,4,,7,6,2,1,1,21,5,4,9,8,,,1,1,1,9,1,,,,,
Buenos Aires,ROQUE PEREZ,Estatal,Urbano,19,18,18,,,,,,12,10,6,2,9,9,13,12,,4,1,12,4,1,2,,,1,2,1,1,,,6,7,1,,4,6,3,2,10,10,5,3,3,11,,7,6,4,,,2,4,2,9,6,,,,,
Buenos Aires,SAAVEDRA,Estatal,Rural,23,23,23,,,,,,16,18,14,7,16,14,21,10,,5,1,18,12,4,5,3,2,4,5,5,1,,3,11,4,3,1,6,2,6,2,14,13,8,9,6,11,8,4,10,10,,,,9,4,16,10,,,,,
Buenos Aires,SAAVEDRA,Estatal,Urbano,14,14,14,,,,,,11,13,9,6,10,12,14,10,,3,1,14,7,2,5,2,2,5,4,3,3,,,5,8,7,1,4,1,3,1,13,10,8,9,5,8,6,,8,7,,,1,6,5,12,11,,,,,
Buenos Aires,SAAVEDRA,Privado,Urbano,7,7,7,,,,,,6,7,5,4,5,5,7,5,,4,,7,2,1,3,,3,3,4,4,5,,1,,7,1,,7,,,1,6,4,5,6,4,,,7,7,6,,1,,4,4,7,6,2,2,2,2,1
Buenos Aires,SALADILLO,Estatal,Rural,40,40,38,2,,,,,32,34,18,12,15,20,32,21,,1,4,32,22,6,6,5,4,2,4,5,2,,,9,11,,,10,7,2,3,14,13,5,6,4,24,13,3,11,10,,,1,9,3,23,10,,,,,
Buenos Aires,SALADILLO,Estatal,Urbano,32,31,31,,,,,,21,21,11,4,18,15,25,15,,1,2,23,9,11,12,3,2,8,8,8,7,,,10,16,,2,18,3,6,,22,21,13,9,6,16,5,11,11,10,,,1,10,10,26,16,,,,,
Buenos Aires,SALADILLO,Privado,Urbano,7,7,7,,,,,,7,6,6,5,5,5,7,2,,1,1,7,,2,2,,1,3,,2,,,1,,7,1,1,4,1,,2,7,7,4,5,5,1,1,5,6,5,1,,,5,5,5,5,,1,1,3,
Buenos Aires,SALLIQUELO,Estatal,Urbano,12,12,12,,,,,,12,11,7,3,9,6,12,6,,2,1,10,4,7,8,1,1,8,4,2,5,,1,8,4,,,5,3,3,1,12,8,9,9,2,9,2,1,9,9,,,,3,2,12,10,,,,,
Buenos Aires,SALTO,Estatal,Rural,19,19,19,,,,,,16,17,5,3,11,13,16,9,,4,1,14,6,4,4,,,4,4,2,2,,1,10,5,1,2,12,1,4,3,15,11,5,9,4,9,7,3,9,8,,,1,4,2,9,6,,,,,
Buenos Aires,SALTO,Estatal,Urbano,29,29,29,,,,,,19,20,9,1,10,15,23,6,,5,1,22,8,11,9,2,1,8,10,5,1,,2,3,21,3,4,18,1,,5,23,10,12,8,4,12,7,10,14,11,,,3,8,3,20,17,,,,,
Buenos Aires,SALTO,Privado,Urbano,7,7,7,,,,,,7,7,6,1,7,7,6,3,,6,,7,,2,,,,2,2,2,,,,,7,3,2,3,,,1,7,7,5,6,,,,7,5,4,1,,,,,6,2,,3,2,2,
Buenos Aires,SAN ANDRES DE GILES,Estatal,Rural,36,36,36,,,,,,28,28,15,6,23,27,32,20,,4,1,27,10,5,2,,,3,7,1,2,,,11,13,1,1,10,10,4,,21,16,4,8,1,20,11,5,8,6,,,2,3,,20,10,,,,,
Buenos Aires,SAN ANDRES DE GILES,Estatal,Urbano,30,30,30,,,,,,23,17,11,8,16,17,23,12,,2,2,20,4,5,3,1,3,4,5,4,,,,3,19,2,3,14,5,1,1,21,14,7,11,2,15,3,12,6,5,,,1,7,3,19,13,,,,,
Buenos Aires,SAN ANDRES DE GILES,Privado,Urbano,9,8,8,,,,,,8,7,2,2,5,4,8,6,,,,7,,,,,,,,,,,,,8,1,1,6,1,,,7,6,2,8,3,1,,7,5,2,2,1,,2,2,2,1,1,1,2,3,
Buenos Aires,SAN ANTONIO DE ARECO,Estatal,Rural,17,17,17,,,,,,14,13,6,1,9,10,13,5,,1,1,12,3,5,5,,1,5,5,3,3,,,7,3,2,,4,4,2,,8,6,3,6,,4,9,4,7,6,,,1,2,,12,10,,,,,
Buenos Aires,SAN ANTONIO DE ARECO,Estatal,Urbano,31,31,31,,,,,,25,24,13,5,23,19,27,21,,11,2,25,5,9,12,1,1,12,9,4,8,,3,9,17,4,1,14,4,4,1,22,15,12,12,5,5,20,6,12,12,,,,9,6,27,19,,,,,
Buenos Aires,SAN ANTONIO DE ARECO,Privado,Urbano,7,7,7,,,,,,6,7,7,7,7,6,7,5,,,,7,1,5,5,,3,4,4,,3,,,,7,,,4,1,2,,7,7,5,5,6,,1,6,4,,2,1,1,6,6,6,5,,1,1,1,1
Buenos Aires,SAN CAYETANO,Estatal,Rural,9,9,9,,,,,,7,8,5,3,7,4,8,3,,5,,8,5,3,5,2,2,4,3,3,2,,3,8,1,,,4,4,,1,4,8,4,4,,2,6,1,8,8,,,,,,5,3,,,,,
Buenos Aires,SAN CAYETANO,Estatal,Urbano,10,10,10,,,,,,8,9,7,3,6,4,8,4,,3,1,7,5,3,4,1,1,2,1,2,2,,1,9,1,,2,4,3,,4,9,9,7,7,4,5,3,2,9,9,,,,5,3,10,5,,,,,
Buenos Aires,SAN FERNANDO,Estatal,Rural,27,27,24,8,1,,,1,17,16,10,7,14,17,15,11,,,2,19,8,7,1,,,5,5,1,5,,,7,,1,,3,3,1,,6,6,3,4,,13,5,9,13,11,,,2,6,4,18,9,,,,,
Buenos Aires,SAN FERNANDO,Estatal,Urbano,72,72,71,1,,,,,56,61,25,13,33,43,58,25,,7,3,57,20,24,20,4,5,11,15,5,6,,4,56,3,15,3,43,3,5,7,57,32,19,16,8,22,16,34,42,35,,,7,21,13,63,43,,,,,
Buenos Aires,SAN FERNANDO,Privado,Urbano,67,65,65,1,1,,,,51,58,48,43,53,42,63,28,,12,11,57,9,11,9,12,12,11,9,19,5,,1,1,64,12,10,49,4,3,6,65,52,34,43,36,,,66,42,12,21,8,1,45,35,46,31,4,21,14,16,1
Buenos Aires,SAN ISIDRO,Estatal,Urbano,95,89,89,,,,,,76,70,44,23,57,58,79,35,,19,7,77,25,33,15,1,1,19,24,5,8,,2,76,8,10,3,71,2,5,8,84,59,42,44,43,37,18,35,45,40,1,1,3,48,35,79,62,,,,,
Buenos Aires,SAN ISIDRO,Privado,Urbano,185,178,178,6,4,,,,143,165,134,138,157,143,176,77,,46,13,167,62,42,49,21,38,57,51,46,19,,10,1,176,19,26,145,7,13,27,177,145,94,135,129,2,,176,111,27,53,23,8,128,118,120,90,7,25,26,26,5
Buenos Aires,SAN MIGUEL,Estatal,Urbano,126,123,123,,2,,,,94,100,49,21,65,74,101,45,,9,8,96,40,33,31,6,4,27,27,13,18,,3,83,15,19,10,65,3,10,7,94,41,34,25,13,48,47,29,60,54,1,1,4,28,16,109,75,,,,,
Buenos Aires,SAN MIGUEL,Privado,Urbano,145,136,135,6,3,,1,,110,113,89,81,104,102,132,65,,23,1,130,22,20,23,4,16,21,16,17,13,,5,1,130,49,16,85,8,10,22,129,93,49,87,89,1,,135,81,36,23,14,8,87,79,83,58,8,39,35,38,3
Buenos Aires,SAN NICOLAS,Estatal,Rural,6,6,6,,,,,,5,5,1,2,3,2,3,,,,,4,5,3,3,1,2,1,1,,,,,,2,,,2,,,,2,,,,,2,1,3,2,1,,,1,2,,5,3,,,,,
Buenos Aires,SAN NICOLAS,Estatal,Urbano,104,104,104,,,,,,79,89,39,16,65,61,91,54,,6,8,85,45,37,29,4,2,24,25,12,23,,2,28,49,13,6,47,13,8,6,77,26,32,22,22,54,36,14,48,40,1,,7,40,28,86,68,,,,,
Buenos Aires,SAN NICOLAS,Privado,Urbano,57,57,57,,,,,,48,50,43,34,48,43,57,34,,17,5,55,7,10,11,6,6,14,11,9,5,,4,,56,11,11,42,2,2,6,56,44,20,40,31,,,57,33,18,6,5,4,29,25,33,23,6,17,16,17,4
Buenos Aires,SAN PEDRO,Estatal,Rural,40,40,40,,,,,,27,28,10,3,13,15,29,24,,1,1,26,18,7,3,1,,2,3,3,4,,1,4,7,4,,4,4,1,1,9,4,1,2,1,22,10,8,7,6,1,,,5,1,16,4,,,,,
Buenos Aires,SAN PEDRO,Estatal,Urbano,47,47,46,,,,,1,42,37,13,7,26,33,44,26,,4,4,39,6,15,8,1,1,7,10,4,7,,,25,12,12,4,18,2,5,2,35,9,12,7,3,24,14,9,21,19,1,1,,8,4,41,29,,,,,
Buenos Aires,SAN PEDRO,Privado,Urbano,13,13,13,1,,,,,10,11,7,5,11,8,12,7,,,1,13,,1,2,2,1,3,2,4,1,,,3,10,2,5,8,,,1,13,10,7,6,5,,,13,3,3,,,,4,3,10,5,,3,4,4,1
Buenos Aires,SAN VICENTE,Estatal,Rural,10,10,10,,,,,,6,6,,,2,5,5,3,,1,,5,,3,1,,,,2,1,1,,,3,1,,,2,,1,1,3,1,1,2,,3,3,4,10,10,,,,2,,6,3,,,,,
Buenos Aires,SAN VICENTE,Estatal,Urbano,50,50,50,,,,,,40,36,7,8,19,26,33,19,,5,3,34,13,22,11,,2,11,13,2,3,,2,31,3,11,3,17,3,1,6,33,24,22,10,5,27,9,14,49,48,,,1,9,6,39,30,,,,,
Buenos Aires,SAN VICENTE,Privado,Urbano,17,15,14,,,,,1,12,12,6,10,11,11,14,6,,2,1,14,3,2,2,,1,2,2,2,1,,1,,15,6,2,11,1,,1,14,12,5,7,6,,,15,7,3,1,2,1,5,5,8,4,,2,2,4,
Buenos Aires,SUIPACHA,Estatal,Rural,16,16,15,,,,,1,9,12,3,1,6,4,11,5,,,,10,12,1,3,,,2,1,1,1,,,15,,2,,5,5,2,2,5,13,2,5,1,7,4,5,3,3,,,,5,1,10,3,,,,,
Buenos Aires,SUIPACHA,Estatal,Urbano,12,12,12,,,,,,7,8,1,3,7,7,8,4,,1,1,8,4,3,2,,,1,2,,1,,,12,,,1,3,2,3,3,9,9,5,5,3,5,3,4,4,3,,1,,2,,8,5,,,,,
Buenos Aires,SUIPACHA,Privado,Urbano,5,5,5,,,,,,2,5,3,3,5,5,5,4,,,,5,2,,3,,1,4,3,2,4,,,3,2,1,2,2,,,1,4,4,4,3,5,1,3,1,3,,1,2,,5,5,5,5,,,2,2,
Buenos Aires,TANDIL,Estatal,Rural,49,44,44,,1,,,,32,32,22,15,23,20,35,19,,7,3,35,13,8,6,3,2,5,5,6,4,,3,41,,2,3,13,22,5,1,25,36,12,18,5,22,6,16,12,9,,,3,10,5,30,13,,,,,
Buenos Aires,TANDIL,Estatal,Urbano,78,74,74,,3,,,,61,64,43,14,46,47,70,36,,13,6,65,23,23,16,6,3,9,15,11,6,,3,73,1,9,7,48,12,15,7,71,55,42,37,21,42,20,12,40,31,3,,6,26,16,62,49,,,,,
Buenos Aires,TANDIL,Privado,Urbano,48,36,36,,,,,,33,30,29,27,33,26,34,22,,6,1,34,6,9,6,5,5,10,7,8,3,,2,,35,13,2,26,,3,6,35,31,20,27,21,,,36,24,7,7,8,2,20,16,25,19,2,8,5,4,2
Buenos Aires,TAPALQUE,Estatal,Rural,26,26,19,1,7,,,,15,20,9,5,14,11,22,17,,4,,13,11,4,7,2,1,5,3,8,7,,1,4,4,2,,2,3,1,1,6,6,2,3,,19,1,6,3,2,,,1,2,,14,6,,,,,
Buenos Aires,TAPALQUE,Estatal,Urbano,13,13,11,1,1,,,,10,11,6,3,9,6,12,8,,4,1,7,5,7,6,2,1,5,5,4,5,,3,6,4,,,5,3,1,1,10,1,6,3,2,7,3,3,2,,,1,1,2,2,10,8,,,,,
Buenos Aires,TIGRE,Estatal,Rural,14,12,12,,,,,,4,5,3,1,4,5,7,2,,,,6,4,1,2,,,2,2,1,1,,,4,,,,,4,,,4,1,1,2,1,3,6,3,2,2,,,,,,5,1,,,,,
Buenos Aires,TIGRE,Estatal,Urbano,152,138,138,,,,,,96,112,52,26,59,63,118,55,,9,9,112,48,37,36,4,4,21,26,14,16,,1,102,12,37,7,73,5,12,11,111,57,39,29,16,69,32,37,68,54,6,1,7,26,13,108,80,,,,,
Buenos Aires,TIGRE,Privado,Urbano,167,163,163,8,1,,,1,126,136,125,120,117,94,159,63,,38,9,156,44,29,31,15,30,38,32,30,13,,8,1,160,34,23,97,13,15,22,160,123,72,116,97,,,165,86,26,40,16,4,93,86,100,66,4,37,22,25,
Buenos Aires,TORDILLO,Estatal,Rural,10,10,9,1,1,,,,3,8,4,,4,2,9,4,,1,,7,2,,3,1,,1,2,1,,,,5,,1,,2,2,1,1,4,5,2,1,,4,3,3,1,1,,,,1,,7,4,,,,,
Buenos Aires,TORNQUIST,Estatal,Rural,26,26,26,1,,,,,20,20,10,2,17,12,22,13,,2,2,11,12,2,5,1,,4,3,5,2,,,20,3,2,1,9,4,8,1,15,20,8,8,3,18,7,1,14,14,,,,6,,17,7,,,,,
Buenos Aires,TORNQUIST,Estatal,Urbano,16,16,16,,,,,,13,14,10,4,11,11,14,9,,3,4,13,6,5,5,2,,5,6,5,3,,,11,3,1,,12,1,2,1,14,12,9,11,5,10,6,,15,12,1,,2,6,4,13,7,,,,,
Buenos Aires,TRENQUE LAUQUEN,Estatal,Rural,52,51,51,,,,,,30,31,14,6,22,18,31,19,,5,2,26,4,7,9,2,1,3,4,6,3,,3,31,10,1,,12,20,5,4,13,35,9,15,5,26,7,18,5,4,1,,,5,1,34,8,,,,,
Buenos Aires,TRENQUE LAUQUEN,Estatal,Urbano,37,37,36,1,,,,,30,30,17,7,22,23,31,16,,6,2,27,8,20,14,2,2,12,15,6,8,,5,5,24,11,1,16,5,1,3,28,8,14,4,2,23,7,7,13,10,,,3,8,4,35,28,,,,,
Buenos Aires,TRENQUE LAUQUEN,Privado,Urbano,14,14,14,,,,,,11,10,7,8,9,6,13,6,,3,,13,2,5,5,4,4,6,4,5,4,,1,,13,6,1,7,1,,4,13,13,7,8,5,1,,13,11,7,3,1,,7,6,9,7,1,4,3,2,
Buenos Aires,TRES ARROYOS,Estatal,Rural,31,31,31,1,,,,,19,26,12,7,17,17,28,19,,3,2,21,15,3,5,3,1,1,1,4,2,,,18,3,2,,12,6,1,4,16,17,3,6,3,10,13,8,9,9,,,,3,1,11,5,,,,,
Buenos Aires,TRES ARROYOS,Estatal,Urbano,53,53,53,,,,,,42,37,17,13,35,32,48,31,,11,2,43,22,21,6,2,5,17,16,14,11,,7,45,5,6,3,32,6,7,3,50,33,26,20,12,29,16,8,24,22,1,1,,15,9,38,32,,,,,
Buenos Aires,TRES ARROYOS,Privado,Urbano,14,14,14,,,,,,14,13,11,9,14,13,14,8,,4,5,14,3,12,2,3,2,6,5,9,4,,2,1,13,,1,10,,2,3,14,8,13,8,12,1,2,11,10,2,6,2,,12,10,14,11,4,6,6,5,
Buenos Aires,TRES DE FEBRERO,Estatal,Urbano,157,157,155,,,,,2,130,108,79,40,84,79,144,65,,34,12,131,53,55,44,10,11,32,37,17,18,,11,120,17,19,11,100,12,10,12,137,81,47,41,26,65,43,49,81,77,1,,3,55,34,119,71,,,,,
Buenos Aires,TRES DE FEBRERO,Privado,Urbano,117,117,116,2,3,1,,1,97,101,81,73,101,86,115,61,,24,9,116,19,34,23,12,20,45,39,25,17,,3,3,112,27,22,76,3,5,19,115,80,55,85,79,,,117,69,27,19,17,6,82,76,79,58,12,41,36,33,4
Buenos Aires,TRES LOMAS,Estatal,Rural,9,9,9,,,,,,7,7,3,2,6,3,6,5,,3,1,6,5,,2,,,1,1,1,1,,,6,3,,,1,6,2,,5,6,2,3,1,5,2,2,4,4,,,,1,1,6,3,,,,,
Buenos Aires,TRES LOMAS,Estatal,Urbano,10,10,10,,,,,,7,8,3,1,7,3,8,5,,1,1,7,4,1,1,,1,2,1,,,,1,6,4,1,,3,6,1,,8,4,2,3,1,3,4,3,6,6,,,,2,1,8,4,,,,,
Buenos Aires,VICENTE LOPEZ,Estatal,Urbano,98,95,95,,1,1,,,74,80,47,30,62,52,85,48,,13,7,85,29,28,23,4,4,18,18,12,13,,5,75,17,21,3,75,2,7,11,91,63,39,40,32,31,26,38,52,41,9,1,1,37,24,72,48,,,,,
Buenos Aires,VICENTE LOPEZ,Privado,Urbano,156,153,153,11,,,,,123,134,113,123,134,118,149,68,,32,18,144,52,31,36,20,32,45,38,40,21,,8,,153,15,14,135,7,17,19,153,132,76,120,98,1,2,150,93,14,58,17,4,96,80,92,70,8,23,23,27,3
Buenos Aires,VILLA GESELL,Estatal,Urbano,21,21,21,,,,,,16,14,4,,3,7,20,9,,2,2,12,3,9,2,,,1,3,1,3,,1,20,1,11,6,9,,3,3,21,16,10,10,3,15,3,3,12,12,,,,5,1,15,11,,,,,
Buenos Aires,VILLA GESELL,Privado,Urbano,13,13,13,,,,,,12,11,11,10,10,7,13,11,,3,,13,1,2,1,,,3,3,,3,,1,1,12,5,5,6,2,1,1,13,9,3,9,7,,,13,8,5,2,1,,5,5,7,5,,4,5,4,
Buenos Aires,VILLARINO,Estatal,Rural,39,39,35,,4,,,,26,30,19,5,18,18,27,17,,2,1,21,20,7,7,1,,6,5,3,5,,,17,1,,,7,5,7,1,12,16,8,6,1,14,8,17,12,11,,,1,9,4,21,9,,,,,
Buenos Aires,VILLARINO,Estatal,Urbano,29,29,29,,,,,,24,27,10,8,20,20,23,16,,2,3,26,11,13,11,3,3,9,11,6,5,,1,22,6,4,2,20,,5,3,27,15,12,7,6,18,5,6,16,14,,,2,9,5,21,13,,,,,
Buenos Aires,ZARATE,Estatal,Rural,16,16,13,3,,,,,15,12,7,4,11,8,11,9,,5,,9,2,3,3,3,1,2,,3,3,,1,5,,,,1,4,,,4,2,,1,1,6,3,7,4,3,,,1,6,2,11,4,,,,,
Buenos Aires,ZARATE,Estatal,Urbano,80,79,77,3,1,,,,61,60,20,10,35,38,66,36,,8,10,66,31,16,11,1,1,8,11,3,6,,2,43,15,13,4,40,4,6,1,58,30,17,15,7,38,14,27,30,29,,,1,17,11,61,47,,,,,
Buenos Aires,ZARATE,Privado,Urbano,35,34,34,,,,,,25,29,24,25,27,22,34,19,,7,5,31,4,6,7,3,8,8,7,6,5,,2,,34,8,7,23,,1,6,34,30,15,27,19,,,34,20,6,6,5,3,19,16,24,15,,11,5,6,1
Catamarca,AMBATO,Estatal,Rural,36,36,36,,,,,,21,19,8,4,12,14,21,13,,3,1,33,10,6,4,1,1,4,5,2,3,,,24,,,,2,23,,,9,18,2,4,3,,18,18,2,2,,,,7,4,19,6,,,,,
Catamarca,ANCASTI,Estatal,Rural,42,42,42,1,,,,,24,27,18,5,24,19,28,15,,17,4,30,14,4,7,3,2,5,6,7,3,,4,29,,,,2,25,2,,18,23,,14,,,13,29,1,1,,,,7,,22,4,,,,,
Catamarca,ANDALGALA,Estatal,Rural,38,37,34,2,1,,,,20,18,8,5,13,14,23,9,,5,,19,9,4,4,3,2,2,3,4,1,,2,10,1,,1,3,7,,,8,5,,3,1,,8,30,,,,,,6,3,21,5,,,,,
Catamarca,ANDALGALA,Estatal,Urbano,16,15,15,,,,,,9,11,6,2,8,8,13,7,,1,,13,7,2,3,1,,2,2,3,1,,,7,,3,1,1,2,,,6,2,1,,,2,1,12,1,,1,,,10,4,13,6,,,,,
Catamarca,ANTOFAGASTA DE LA SIERRA,Estatal,Rural,12,11,6,2,4,,,,9,7,7,2,6,5,8,3,,4,,7,6,3,3,3,1,3,2,3,1,,1,5,,,,,5,,,3,2,1,4,1,,4,7,,,,,,1,,5,3,,,,,
Catamarca,BELEN,Estatal,Rural,104,100,86,2,13,,,,54,49,26,18,39,39,62,22,,16,1,56,33,17,5,,2,7,9,6,2,,2,43,1,5,2,6,29,3,1,34,28,11,21,10,,19,85,10,10,,,,27,11,55,22,,,,,
Catamarca,BELEN,Estatal,Urbano,19,19,19,,,,,,11,12,9,5,7,8,11,6,,1,2,13,10,8,6,,1,5,6,2,3,,1,,12,4,1,6,1,,,12,1,3,,2,,5,14,4,4,,,,10,8,12,9,,,,,
Catamarca,CAPAYAN,Estatal,Rural,52,52,52,,,,,,33,32,15,13,29,19,34,18,,4,2,34,12,6,6,4,4,5,4,6,3,,,36,,,,,34,2,,23,23,1,10,5,1,3,48,3,3,,,,18,5,40,9,,,,,
Catamarca,CAPAYAN,Estatal,Urbano,15,15,15,,,,,,9,12,6,2,9,8,10,7,,2,,11,7,1,2,1,,1,2,1,1,,,10,1,,,2,9,,,6,5,2,2,3,,1,14,,,,,,5,4,11,4,,,,,
Catamarca,CAPITAL,Estatal,Urbano,107,107,107,,,,,,66,88,28,18,48,43,78,36,,6,5,95,36,24,25,6,2,18,16,15,17,,2,64,10,10,8,29,20,14,5,63,56,37,39,30,2,22,83,16,14,1,1,,33,28,93,67,,,,,
Catamarca,CAPITAL,Privado,Urbano,24,24,24,,,,,,18,23,18,15,17,16,24,4,,3,2,23,6,5,6,3,4,5,5,6,1,,,,24,10,14,10,,2,2,24,13,13,15,13,,1,23,6,1,3,2,,16,16,22,18,,11,11,12,6
Catamarca,EL ALTO,Estatal,Rural,55,54,53,,,,,2,32,31,12,9,23,25,32,15,,14,,31,20,10,10,4,4,8,10,11,5,,5,26,1,,1,2,23,2,,18,18,,11,,1,17,36,1,1,,,,11,1,28,6,,,,,
Catamarca,Enmascarado,Privado,Urbano,13,13,13,,,,,,12,12,10,4,12,10,11,2,,1,,13,1,10,9,1,3,7,7,3,1,,1,,12,7,4,5,,1,1,11,7,5,9,3,,,13,2,1,1,,,6,6,12,8,,9,9,8,1
Catamarca,FRAY MAMERTO ESQUIU,Estatal,Rural,13,13,13,,,,,,9,7,5,3,9,9,9,4,,2,2,7,2,1,2,,1,1,2,2,,,,4,2,,,,5,,1,4,3,2,4,3,,6,7,4,2,2,,,2,2,12,4,,,,,
Catamarca,FRAY MAMERTO ESQUIU,Estatal,Urbano,15,15,15,,,,,,10,12,5,5,11,8,11,8,,,2,11,8,3,5,,,3,3,1,2,,,11,1,,,4,5,2,2,8,8,6,4,6,,3,12,5,4,1,,,7,5,13,8,,,,,
Catamarca,LA PAZ,Estatal,Rural,81,81,81,,,,,,47,45,19,10,38,36,44,29,,9,5,44,26,10,8,5,3,8,8,8,8,,2,46,1,1,,2,38,9,1,26,35,6,18,4,,10,71,9,9,,,,13,4,49,9,,,,,
Catamarca,LA PAZ,Estatal,Urbano,17,17,17,,,,,,11,13,5,2,6,5,12,4,,2,,11,6,2,3,1,1,1,1,1,1,,1,11,1,,1,2,4,4,1,9,10,2,4,2,1,4,12,1,1,,,,3,2,8,4,,,,,
Catamarca,PACLIN,Estatal,Rural,35,35,35,,,,,,29,16,8,2,19,16,19,12,,3,2,30,9,3,4,1,,1,,2,1,,,10,,,,1,10,,,8,10,4,6,1,,9,26,2,1,1,,,6,,14,4,,,,,
Catamarca,POMAN,Estatal,Rural,32,32,27,,5,,,,18,23,9,3,13,12,18,10,,12,1,23,14,6,5,2,3,4,3,4,3,,1,20,,,,3,16,,2,13,8,1,5,2,,13,19,3,3,,,,11,4,20,5,,,,,
Catamarca,POMAN,Estatal,Urbano,11,11,11,,,,,,10,9,4,2,6,5,9,5,,2,1,9,5,5,4,1,,4,4,3,3,,,4,,,,1,3,,,4,1,1,1,2,,3,8,,,,,,3,3,8,5,,,,,
Catamarca,SANTA MARIA,Estatal,Rural,63,62,46,3,14,,,1,26,30,14,5,30,28,31,9,,9,1,37,20,3,7,5,1,8,9,6,3,,1,22,1,,2,3,21,1,,17,13,5,10,1,,14,49,2,2,,,,16,6,30,9,,,,,
Catamarca,SANTA MARIA,Estatal,Urbano,23,22,22,,,,,,16,18,8,4,13,12,16,4,,2,1,16,6,7,5,1,1,6,6,2,,,,2,10,9,2,3,3,,,12,4,5,3,3,,8,14,1,1,,,,6,4,18,11,,,,,
Catamarca,SANTA ROSA,Estatal,Rural,36,36,36,,,,,,24,25,12,4,17,17,28,15,,6,2,25,9,5,4,,,2,4,3,2,,,15,2,,,3,14,,,10,13,2,2,,1,9,26,2,1,1,,,6,1,18,7,,,,,
Catamarca,SANTA ROSA,Estatal,Urbano,7,7,7,,,,,,4,5,4,1,3,3,6,5,,1,,4,2,2,2,,,,,,1,,1,3,1,,,1,,3,,4,1,1,1,,,2,5,,,,,,3,2,5,3,,,,,
Catamarca,TINOGASTA,Estatal,Rural,64,64,60,1,4,,,,41,27,19,19,25,17,32,25,,9,7,44,20,8,4,1,2,4,4,7,8,,3,22,1,2,,1,21,,1,15,15,6,7,8,,11,53,3,3,,,,15,9,39,22,,,,,
Catamarca,TINOGASTA,Estatal,Urbano,24,24,24,,,,,,16,20,10,1,11,8,19,13,,2,2,19,12,7,8,1,,2,3,5,4,,,1,5,,1,4,1,,1,6,2,1,3,1,,6,18,1,,1,,,10,7,21,13,,,,,
Catamarca,VALLE VIEJO,Estatal,Rural,16,16,16,,,,,,9,8,4,,8,8,9,4,,4,,11,4,3,2,2,,2,3,2,1,,3,4,,,1,1,1,,1,4,4,2,2,2,,1,15,,,,,,4,3,9,3,,,,,
Catamarca,VALLE VIEJO,Estatal,Urbano,25,25,25,,,,,,17,19,5,1,15,9,19,10,,7,,21,11,7,5,2,,5,3,3,3,,5,11,2,1,2,4,6,2,2,10,6,4,9,6,,3,22,1,1,,,,11,9,20,11,,,,,
Chaco,1§ DE MAYO,Estatal,Rural,17,17,17,,,,,,9,14,3,2,5,6,11,7,,,,11,7,1,2,1,,1,1,2,,,,4,1,1,,1,2,1,,5,3,3,2,,2,6,9,4,3,,,1,1,,6,5,,,,,
Chaco,1§ DE MAYO,Estatal,Urbano,9,9,9,,,,,,5,6,3,1,1,4,7,2,,,,6,2,3,1,1,1,1,2,2,,,,1,,,,,1,,,1,1,1,,,,5,4,4,3,1,,,4,2,3,3,,,,,
Chaco,12 DE OCTUBRE,Estatal,Rural,29,28,28,,,,,,11,23,8,4,9,7,23,11,,2,,14,11,,1,,,,1,,1,,,11,1,1,,1,8,1,2,8,9,3,2,2,,24,5,7,7,,,,5,1,11,7,,,,,
Chaco,12 DE OCTUBRE,Estatal,Urbano,20,20,20,,,,,,16,16,7,2,5,4,18,8,,,2,15,13,5,3,2,1,1,1,4,1,,,4,7,,,5,4,3,,11,7,4,6,2,1,16,3,8,4,2,2,,5,5,12,9,,,,,
Chaco,2 DE ABRIL,Estatal,Rural,13,13,13,,,,,,6,3,3,1,4,3,12,4,,3,,5,5,2,1,1,,1,2,1,2,,1,5,,,,,3,2,,3,3,2,2,,1,7,5,1,1,,,,1,,6,4,,,,,
Chaco,2 DE ABRIL,Estatal,Urbano,9,9,9,,,,,,6,6,3,1,4,4,8,3,,,1,6,4,,,,,,,1,,,,3,3,1,,1,3,1,,5,2,2,4,2,1,7,1,2,1,,,1,3,3,3,3,,,,,
Chaco,25 DE MAYO,Estatal,Rural,37,35,35,,,,,,15,18,9,4,10,9,21,8,,2,,18,9,1,2,1,,,1,2,,,,2,,,,,,2,,2,1,,,,4,15,18,2,2,,,,,,11,5,,,,,
Chaco,25 DE MAYO,Estatal,Urbano,23,23,23,,,,,,12,17,7,2,9,7,14,4,,,,16,9,4,3,2,,1,1,3,1,,,5,3,,1,2,4,1,,8,6,2,3,,3,10,10,6,5,,1,,4,2,12,10,,,,,
Chaco,9 DE JULIO,Estatal,Rural,35,35,35,,,,,,28,24,11,7,14,18,29,22,,2,1,25,18,3,,,,1,3,2,4,,,1,,,,,1,,,1,,,1,,9,19,7,5,5,,,,2,,11,6,,,,,
Chaco,9 DE JULIO,Estatal,Urbano,25,25,25,,,,,,17,18,9,3,16,14,20,14,,5,1,21,11,10,6,4,1,4,5,9,4,,2,12,6,2,,15,2,1,3,18,12,10,10,10,3,17,5,7,5,,,2,10,9,13,13,,,,,
Chaco,ALMIRANTE BROWN,Estatal,Rural,47,44,22,1,21,,,1,30,33,9,7,16,13,32,15,,19,1,27,9,5,2,,1,2,3,4,3,,1,23,1,,,2,20,2,,5,20,,5,,2,27,18,14,13,,,1,7,3,8,6,,,,,
Chaco,ALMIRANTE BROWN,Estatal,Urbano,43,42,40,,1,,,1,23,32,16,7,13,8,30,13,,2,3,27,12,11,4,1,1,3,2,6,3,,,5,15,,2,4,4,6,4,20,7,8,6,4,8,20,15,9,4,,1,4,9,8,19,13,,,,,
Chaco,ALMIRANTE BROWN,Privado,Urbano,6,6,6,,,,,,4,4,3,1,2,3,4,1,,,,4,,2,2,2,1,2,3,3,1,,,,4,,,3,,1,,4,1,1,1,1,,2,4,1,,,,1,3,2,4,2,,2,1,3,
Chaco,BERMEJO,Estatal,Rural,36,36,35,,,,,1,19,26,6,2,6,7,22,10,,2,3,19,7,4,,,,,,2,1,,,2,2,,,1,1,1,1,4,1,2,1,,5,10,21,3,2,,,1,5,2,12,10,,,,,
Chaco,BERMEJO,Estatal,Urbano,22,22,22,,,,,,11,13,7,1,5,7,14,6,,2,,12,3,1,1,1,,,,2,1,,,8,4,2,1,5,2,1,1,11,3,2,2,,4,6,12,1,1,,,,4,2,7,6,,,,,
Chaco,CHACABUCO,Estatal,Rural,22,22,21,,,,,1,13,14,6,2,11,9,20,14,,5,,14,12,3,4,,,3,1,5,2,,,2,,,,,1,1,,,2,,1,,5,11,6,6,4,,,2,8,1,10,5,,,,,
Chaco,CHACABUCO,Estatal,Urbano,31,31,31,,,,,,16,25,11,8,14,11,28,12,,2,4,23,12,8,6,3,3,5,4,10,3,,,10,9,4,4,10,2,2,1,19,12,7,5,7,10,16,5,7,5,,1,1,12,8,18,13,,,,,
Chaco,COMANDANTE FERNANDEZ,Estatal,Rural,33,33,29,,,,,4,17,24,7,9,17,20,23,12,,4,,16,9,5,5,,,2,2,4,1,,,11,,1,,1,9,1,2,6,10,3,8,2,2,13,18,8,6,,,2,9,3,11,6,,,,,
Chaco,COMANDANTE FERNANDEZ,Estatal,Urbano,78,77,77,1,1,,,1,53,54,14,8,31,30,56,29,,7,2,54,25,14,5,3,2,5,6,9,6,,1,23,12,5,2,10,13,9,1,34,24,13,15,12,14,40,24,24,16,1,2,5,18,14,38,27,,,,,
Chaco,COMANDANTE FERNANDEZ,Privado,Urbano,38,38,38,,,,,,31,31,25,20,25,26,35,15,,9,8,35,13,9,11,8,7,8,8,9,3,,3,2,34,20,5,19,3,6,2,35,27,10,21,19,,,38,15,4,3,6,2,18,16,18,12,,8,9,10,6
Chaco,Enmascarado,Privado,Rural,8,8,8,,,,,,3,4,1,,1,1,5,1,,1,,3,,2,1,,,,,1,,,,2,2,,,1,2,1,,4,2,1,1,,2,,6,1,,1,,,1,1,3,2,,1,1,4,1
Chaco,Enmascarado,Privado,Urbano,39,39,37,,,,,2,21,21,20,11,14,13,30,13,,3,3,26,4,7,2,4,3,5,3,7,3,,,4,28,9,6,21,3,1,1,31,18,11,13,9,3,2,34,13,4,2,3,4,10,9,15,11,1,8,7,13,9
Chaco,FRAY JUSTO SANTA MARIA DE ORO,Estatal,Rural,18,18,18,,,,,,14,15,10,4,4,5,16,6,,4,,9,10,3,2,1,1,,,1,,,,12,1,,,3,9,2,,12,10,4,6,2,,11,7,2,2,,,,5,2,5,5,,,,,
Chaco,FRAY JUSTO SANTA MARIA DE ORO,Estatal,Urbano,14,14,14,,,,,,9,10,6,3,8,4,10,6,,4,2,12,6,2,1,1,1,1,1,2,2,,1,6,5,4,1,3,3,3,,9,7,2,,4,3,9,2,4,3,,,1,3,3,4,3,,,,,
Chaco,GENERAL BELGRANO,Estatal,Rural,7,7,7,,,,,,6,7,7,2,4,3,7,4,,,,5,3,1,,,,,,,,,,,,,,,,,,,,,,,3,4,,1,,,,1,1,,1,1,,,,,
Chaco,GENERAL BELGRANO,Estatal,Urbano,14,14,14,,,,,1,11,13,4,2,4,4,13,8,,1,1,10,5,3,1,1,1,,1,3,1,,1,6,3,1,,4,1,3,1,9,9,3,5,3,2,11,1,5,4,,,1,4,2,6,4,,,,,
Chaco,GENERAL DONOVAN,Estatal,Rural,15,15,15,,,,,,7,11,5,2,4,4,11,4,,,,10,3,2,2,1,,1,1,1,,,,2,,,,,1,1,,2,1,1,2,1,2,3,10,1,,,,1,3,1,6,4,,,,,
Chaco,GENERAL DONOVAN,Estatal,Urbano,20,20,20,,,,,,12,12,3,2,10,7,14,9,,2,2,13,5,3,1,1,1,2,2,3,2,,,4,2,,,1,3,2,,6,3,1,3,1,1,7,12,2,1,,1,,5,4,9,8,,,,,
Chaco,GENERAL GUEMES,Estatal,Rural,230,209,162,2,47,1,,,103,124,41,20,36,32,126,46,,28,2,80,44,7,5,1,,1,3,5,2,,2,55,2,3,,6,42,3,7,39,40,9,15,3,7,75,148,27,19,2,2,4,18,1,51,26,,,,,
Chaco,GENERAL GUEMES,Estatal,Urbano,91,85,73,2,12,,,,28,49,22,5,20,15,54,18,,3,3,38,16,7,7,3,1,3,4,8,3,,,32,8,1,,13,20,3,6,36,31,12,11,7,5,20,66,30,19,1,1,9,13,9,21,17,,,,,
Chaco,GENERAL GUEMES,Privado,Rural,11,11,11,,,,,,5,6,5,4,1,1,7,2,,,,7,,1,1,1,1,1,1,1,,,,1,5,,,1,4,1,,6,5,5,,5,,,11,4,4,,,,5,5,7,6,,1,3,3,1
Chaco,GENERAL GUEMES,Privado,Urbano,24,24,24,1,,,,,13,14,10,5,9,6,18,7,,5,,13,,,1,1,1,3,1,4,1,,,1,15,8,1,4,1,4,2,16,11,7,9,3,1,,23,10,4,,3,3,3,2,8,6,,7,7,9,5
Chaco,INDEPENDENCIA,Estatal,Rural,28,28,28,,,,,,19,19,9,8,12,10,18,11,,5,,13,6,2,,,,1,1,,1,,,6,2,,,2,3,2,1,5,6,,2,,3,11,14,4,3,,,1,3,1,5,3,,,,,
Chaco,INDEPENDENCIA,Estatal,Urbano,23,23,23,,,,,,13,12,5,,7,8,16,10,,2,1,16,11,1,3,,,1,,1,2,,,6,4,,1,2,1,5,1,9,6,3,6,4,4,14,5,9,8,,,1,8,4,10,9,,,,,
Chaco,LIBERTAD,Estatal,Rural,14,14,14,,,,,,8,9,3,,5,5,10,6,,1,,6,1,2,2,1,,1,1,2,2,,,2,1,,,,3,,,3,1,1,1,1,,3,11,5,4,,,1,3,2,4,3,,,,,
Chaco,LIBERTAD,Estatal,Urbano,13,13,13,,,,,1,4,9,5,4,5,3,10,3,,1,1,6,2,,1,,,,,2,,,,6,,,,1,,5,,5,4,,2,2,1,3,9,2,2,,,,3,2,4,3,,,,,
Chaco,LIBERTADOR GENERAL SAN MARTIN,Estatal,Rural,97,95,92,,1,,,2,37,72,27,14,22,22,73,27,,14,4,45,38,9,7,5,2,3,6,9,6,,2,13,3,1,1,3,10,2,1,16,5,4,6,4,4,31,62,14,11,1,,2,22,9,27,21,,,,,
Chaco,LIBERTADOR GENERAL SAN MARTIN,Estatal,Urbano,56,55,55,1,,,,,22,35,18,9,18,14,35,19,,3,1,31,16,6,6,5,1,6,4,11,5,,,20,12,4,3,15,10,1,4,32,14,12,12,9,5,21,30,18,15,2,1,,11,7,25,19,,,,,
Chaco,LIBERTADOR GENERAL SAN MARTIN,Privado,Urbano,10,10,10,,,,,,6,6,6,3,3,3,9,4,,,,7,,1,3,2,1,2,2,3,3,,,1,6,1,1,4,2,,,7,4,3,3,,1,,9,4,2,1,,1,3,3,7,5,1,2,2,3,
Chaco,MAIPU,Estatal,Rural,48,48,45,,,,,3,33,37,7,3,11,11,38,14,,9,1,23,19,5,6,,,2,1,5,2,,3,3,,,,,3,1,,1,2,2,3,1,2,17,29,7,6,,,1,6,2,16,10,,,,,
Chaco,MAIPU,Estatal,Urbano,27,27,25,,1,,,1,11,14,9,2,7,7,16,9,,1,,10,7,4,1,1,,2,2,3,2,,,6,1,,,2,3,2,1,7,3,4,4,2,,6,21,7,4,1,,2,8,6,14,10,,,,,
Chaco,MAYOR LUIS J FONTANA,Estatal,Rural,29,29,27,,,,,2,20,26,8,6,13,11,23,16,,4,,13,9,4,7,1,1,6,5,7,7,,3,16,1,2,1,,10,3,2,16,15,6,6,1,2,19,8,7,6,,,1,9,2,17,7,,,,,
Chaco,MAYOR LUIS J FONTANA,Estatal,Urbano,36,36,36,,,,,,30,30,17,10,22,21,32,21,,7,3,31,9,13,5,3,1,11,9,11,7,,3,19,8,5,3,6,6,7,5,25,19,15,15,16,3,24,9,12,9,,1,2,19,19,20,18,,,,,
Chaco,MAYOR LUIS J FONTANA,Privado,Urbano,24,23,22,,,,,1,15,19,16,8,16,12,23,7,,3,,21,3,6,4,7,2,7,4,10,1,,,2,20,13,7,8,2,3,3,22,12,9,11,12,3,,21,10,2,1,6,1,11,10,11,11,,8,8,7,3
Chaco,O HIGGINS,Estatal,Rural,29,29,29,,,,,,17,16,8,4,9,11,14,8,,6,1,13,11,4,1,,,1,1,2,3,,1,15,,1,,1,9,4,,12,14,7,6,4,5,10,14,6,4,,,2,3,1,14,8,,,,,
Chaco,O HIGGINS,Estatal,Urbano,25,25,25,,,,,,17,19,9,5,7,7,16,9,,1,1,14,7,5,2,1,1,2,4,4,3,,1,10,5,2,3,6,3,4,2,15,7,9,6,5,5,7,13,9,7,,,2,9,4,15,10,,,,,
Chaco,O HIGGINS,Privado,Urbano,5,5,5,,,,,,3,,,,1,,2,1,,,,1,,,,,,,,,,,,1,1,1,,1,1,,,2,1,,1,,,1,4,,,,,,,,1,,,1,2,2,1
Chaco,PRESIDENCIA DE LA PLAZA,Estatal,Rural,11,11,9,,,,,2,9,7,2,1,1,2,8,2,,1,1,4,3,,,,,,,,,,,2,,,,,1,1,,2,1,,,,,3,8,2,2,,,,1,,5,2,,,,,
Chaco,PRESIDENCIA DE LA PLAZA,Estatal,Urbano,13,13,13,,,,,,5,8,4,1,4,4,10,2,,1,1,10,4,2,,3,1,3,3,4,1,,,10,,2,,10,2,1,1,10,5,4,2,2,1,5,7,4,3,1,,,4,2,5,4,,,,,
Chaco,QUITILIPI,Estatal,Rural,50,49,49,,,,,,25,33,15,9,16,18,35,17,,6,,23,18,1,3,1,1,,,2,1,,1,2,1,,1,,,2,,2,1,,,,,25,25,7,3,1,,3,3,,15,7,,,,,
Chaco,QUITILIPI,Estatal,Urbano,32,30,30,,,,,,18,21,6,5,11,13,18,10,,3,4,18,15,4,5,3,2,4,2,5,3,,2,8,6,,,6,7,2,1,12,8,4,4,4,3,16,13,12,11,1,,,9,5,14,12,,,,,
Chaco,SAN FERNANDO,Estatal,Rural,26,26,26,,,,,,12,16,,2,14,5,12,4,,2,,12,5,,3,,,1,1,1,,,,8,,1,1,,2,4,,6,4,2,2,,1,16,9,4,3,,,1,3,1,8,5,,,,,
Chaco,SAN FERNANDO,Estatal,Urbano,262,262,262,1,,,,1,172,219,81,37,124,104,206,113,,23,6,209,76,60,41,18,9,31,38,59,26,,6,147,30,38,12,105,22,21,9,174,104,61,66,57,29,149,84,102,81,3,8,10,92,71,140,111,,,,,
Chaco,SAN FERNANDO,Privado,Urbano,162,161,161,3,1,,,,85,107,80,73,99,81,123,72,,13,7,121,12,24,24,8,15,30,24,23,21,,3,13,117,37,20,86,5,11,16,126,97,46,75,43,3,2,157,55,10,15,16,14,44,38,74,53,13,38,30,29,26
Chaco,SAN LORENZO,Estatal,Rural,32,32,32,,,,,,21,23,10,3,8,8,28,12,,11,1,12,14,2,1,1,,,,2,,,,18,2,1,,1,14,3,1,14,16,1,4,1,4,8,20,6,4,1,,1,4,,6,1,,,,,
Chaco,SAN LORENZO,Estatal,Urbano,12,11,11,,,,,,5,8,4,1,5,6,9,5,,4,2,9,4,2,1,,,1,2,1,3,,,4,2,,,2,3,1,,5,3,1,1,3,1,6,5,3,2,,,1,4,2,5,3,,,,,
Chaco,SARGENTO CABRAL,Estatal,Rural,27,26,26,,,,,,13,11,4,5,7,4,14,4,,1,2,11,3,1,1,,,1,,1,,,,1,,,,,1,,,1,1,,,,1,7,19,2,1,1,,,3,1,6,3,,,,,
Chaco,SARGENTO CABRAL,Estatal,Urbano,17,17,17,,,,,,9,11,5,3,5,4,11,7,,,,10,1,3,2,1,1,1,1,1,1,,,7,2,1,,2,2,2,2,9,3,3,1,,1,9,7,2,2,,,,2,1,6,4,,,,,
Chaco,TAPENAGA,Estatal,Rural,20,20,20,,,,,,10,16,8,2,5,6,18,5,,6,,13,4,3,1,1,,1,,2,,,,15,,1,,1,12,,1,12,13,3,5,1,1,6,13,6,3,,,3,1,1,6,5,,,,,
Chubut,BIEDMA,Estatal,Urbano,59,59,59,,,,,,53,56,43,9,39,43,58,37,,4,6,57,26,30,21,12,5,21,23,19,11,,2,51,5,35,5,31,2,10,1,55,32,36,18,13,15,15,29,29,26,,1,2,13,10,55,47,,,,,
Chubut,BIEDMA,Privado,Urbano,15,15,15,2,,,,,9,11,12,10,12,10,13,9,,2,1,12,1,1,5,3,3,4,3,4,2,,,1,11,6,2,6,,3,1,12,12,5,9,6,,,15,5,3,2,,,6,5,11,5,,2,2,1,
Chubut,CUSHAMEN,Estatal,Rural,54,54,47,9,,1,,,39,45,30,13,32,28,47,31,,12,1,39,23,14,17,2,3,12,9,8,12,,3,42,5,17,7,12,17,5,2,47,30,23,22,9,7,29,18,17,13,1,,3,16,7,39,26,,,,,
Chubut,Enmascarado,Estatal,Rural,11,11,9,2,,,,1,11,10,5,3,8,7,11,4,,3,1,6,1,5,3,,1,4,2,2,1,,1,7,3,1,,2,5,2,1,10,7,3,2,1,2,3,6,4,2,1,,1,,,9,5,,,,,
Chubut,Enmascarado,Estatal,Urbano,12,12,11,1,,,,,8,9,4,3,6,8,9,8,,4,1,7,4,3,2,,,3,4,2,1,,1,8,3,2,,4,4,1,,11,3,4,3,2,1,4,7,2,1,,,1,3,2,10,8,,,,,
Chubut,Enmascarado,Privado,Rural,3,3,3,1,,,,,1,2,2,2,1,,3,2,,1,1,2,,,,,,,,1,,,,,3,1,,1,1,1,,2,2,1,2,1,,,3,1,1,,,,1,1,3,1,,,,1,
Chubut,Enmascarado,Privado,Urbano,8,8,8,,,,,,6,8,6,2,7,5,7,3,,,,7,2,,3,1,1,3,1,1,,,,,7,,1,3,2,,1,7,6,5,4,4,1,1,6,5,2,1,1,1,4,3,7,4,,,1,4,
Chubut,ESCALANTE,Estatal,Urbano,123,123,123,,,,,,102,116,81,37,89,81,116,80,,31,1,111,45,56,56,27,15,45,47,46,38,,13,83,14,54,13,31,10,6,3,97,39,45,26,28,51,43,29,42,33,4,2,3,48,33,97,76,,,,,
Chubut,ESCALANTE,Privado,Urbano,56,56,56,,,,,,44,47,42,28,46,35,53,33,,10,7,47,12,8,6,10,5,9,6,11,4,,,4,48,36,8,23,3,6,9,52,40,21,29,20,2,,54,20,2,5,12,1,16,15,30,20,,2,7,4,1
Chubut,FUTALEUFU,Estatal,Rural,18,18,18,,,,,,15,17,12,6,13,14,17,7,,9,2,13,7,8,7,3,1,7,7,6,4,,4,15,,1,,4,9,2,1,15,9,6,7,3,5,9,4,6,5,,,1,7,3,14,10,,,,,
Chubut,FUTALEUFU,Estatal,Urbano,49,49,48,1,,,,,32,40,26,14,33,25,41,28,,12,2,37,15,14,11,3,4,9,10,8,12,,4,28,12,25,7,10,3,3,2,40,21,18,11,14,12,11,26,12,10,,1,1,19,12,41,26,,,,,
Chubut,FUTALEUFU,Privado,Urbano,7,7,7,,,,,,3,6,5,2,4,2,7,7,,,,6,,1,2,,2,1,,2,2,,,,7,2,2,1,1,1,1,7,4,3,3,1,2,,5,4,,2,2,,2,2,4,3,,1,3,2,
Chubut,GAIMAN,Estatal,Rural,10,10,9,,,,,1,9,9,6,2,7,8,9,7,,5,1,9,1,5,3,1,1,4,4,5,2,,1,3,1,,,,2,2,,4,2,3,2,1,2,5,3,3,1,1,1,,3,,8,6,,,,,
Chubut,GAIMAN,Estatal,Urbano,7,7,7,,,,,,6,6,5,3,6,4,7,4,,1,,6,3,4,2,2,1,2,3,3,2,,,3,1,3,,,,1,,4,2,4,1,2,1,1,5,4,4,,,,2,1,6,4,,,,,
Chubut,GASTRE,Estatal,Rural,10,10,2,8,,,,,9,10,6,,3,4,10,2,,6,,9,3,,1,1,,,,1,,,,9,,1,,2,5,1,1,9,6,4,2,3,,2,8,4,2,,,2,3,,7,3,,,,,
Chubut,LANGUIÑEO,Estatal,Rural,12,12,10,2,1,,,,11,11,10,9,10,9,12,7,,6,1,11,6,7,6,5,5,4,5,6,1,,2,11,,1,,1,9,,1,11,7,7,4,2,4,3,5,6,5,,,1,5,3,10,8,,,,,
Chubut,PASO DE INDIOS,Estatal,Rural,7,7,4,1,,,,2,7,4,3,1,7,5,7,4,,1,,6,1,2,1,,,1,1,,1,,,3,,,,1,2,,,3,,,,,,5,2,2,2,,,,2,1,6,4,,,,,
Chubut,RAWSON,Estatal,Rural,5,5,5,,,,,,4,5,5,2,4,4,5,3,,,,5,3,2,,,1,,,2,,,,1,3,,,,3,,1,4,1,1,,1,,3,2,,,,,,5,3,5,4,,,,,
Chubut,RAWSON,Estatal,Urbano,125,125,125,,,,,1,92,101,59,26,86,81,105,89,,27,5,103,45,35,39,24,6,44,44,50,34,,9,83,17,64,7,32,13,6,6,100,29,54,28,29,19,50,56,62,47,3,6,6,40,28,102,75,,,,,
Chubut,RAWSON,Privado,Urbano,29,29,29,,,,1,,25,24,21,20,25,23,28,24,,8,1,27,9,12,12,6,9,13,10,13,13,,3,,27,14,1,17,3,,7,27,20,19,20,17,,2,27,13,,7,4,2,15,12,21,13,1,7,6,4,1
Chubut,RIO SENGUER,Estatal,Rural,16,16,16,1,,,,,15,14,12,6,12,15,15,12,,8,,12,5,7,4,4,3,5,6,3,6,,5,12,2,1,,3,8,3,1,14,6,4,6,1,2,6,8,7,6,,,1,2,1,10,6,,,,,
Chubut,SARMIENTO,Estatal,Rural,4,4,4,,,,,,4,4,3,,2,3,4,3,,2,,4,,2,2,2,,2,2,2,2,,2,4,,,,,4,,,4,3,1,3,,,2,2,,,,,,1,,3,1,,,,,
Chubut,SARMIENTO,Estatal,Urbano,12,12,12,,,,,,10,8,7,2,6,8,9,8,,2,2,9,2,4,4,2,,5,5,2,4,,1,7,5,6,4,1,,1,,10,5,5,6,,3,4,5,4,4,,,,1,1,9,7,,,,,
Chubut,TEHUELCHES,Estatal,Rural,13,13,13,,,,,,11,11,10,5,10,11,12,7,,5,1,11,4,6,5,4,2,3,5,4,2,,2,4,6,2,,2,6,,,10,4,7,3,3,2,5,6,3,3,,,,4,2,11,7,,,,,
Chubut,TELSEN,Estatal,Rural,8,8,5,4,,,,,6,6,3,4,4,3,7,3,,5,,5,3,2,2,,,,1,2,,,1,8,,1,,2,6,,,8,4,3,2,,,,8,,,,,,1,1,5,5,,,,,
Ciudad de Buenos Aires,Comuna 1,Estatal,Urbano,83,83,83,2,2,,,,56,78,75,46,60,56,77,38,,15,19,65,52,33,22,12,7,28,29,25,11,,7,74,8,6,10,53,6,18,13,81,71,57,50,47,39,18,26,67,58,4,3,2,53,46,74,61,,,,,
Ciudad de Buenos Aires,Comuna 1,Privado,Urbano,74,74,72,6,1,,,2,65,71,65,59,70,67,73,42,,21,10,63,18,21,20,15,16,28,26,23,14,,6,3,69,13,13,53,5,7,12,72,56,43,52,49,1,,73,46,9,23,12,2,49,41,58,46,6,23,21,18,16
Ciudad de Buenos Aires,Comuna 10,Estatal,Urbano,86,86,86,,1,,,,49,74,64,36,47,48,76,28,,14,7,74,43,37,14,10,4,24,29,25,8,,8,85,,4,2,70,8,14,11,70,80,49,36,39,41,23,22,79,77,,,2,44,36,62,54,,,,,
Ciudad de Buenos Aires,Comuna 10,Privado,Urbano,28,28,28,3,,,,,25,27,25,24,25,24,28,15,,9,4,28,7,3,8,6,7,11,9,12,5,,1,,28,5,4,25,1,,5,28,26,20,21,22,,,28,16,3,9,2,2,24,19,22,16,8,18,19,19,3
Ciudad de Buenos Aires,Comuna 11,Estatal,Urbano,81,81,81,2,1,,,,53,79,60,46,50,44,70,31,,13,12,75,54,34,24,8,15,31,29,21,10,,7,81,,9,3,65,8,15,13,67,77,55,44,47,39,18,24,72,72,,,,45,43,61,55,,,,,
Ciudad de Buenos Aires,Comuna 11,Privado,Urbano,41,41,41,3,,,,,35,39,39,32,39,38,41,21,,6,4,38,11,12,12,8,11,15,13,12,6,,2,1,40,6,3,37,,4,6,41,35,27,33,32,,,41,23,4,15,3,1,32,30,32,26,15,21,20,19,2
Ciudad de Buenos Aires,Comuna 12,Estatal,Urbano,80,80,80,1,,,,,56,71,65,34,48,42,68,25,,15,16,63,49,37,19,6,10,23,26,20,8,,6,77,,11,5,58,9,17,11,70,70,53,42,42,53,16,11,71,70,1,,,46,36,62,55,,,,,
Ciudad de Buenos Aires,Comuna 12,Privado,Urbano,47,47,47,,,,,,40,45,43,43,45,40,46,31,,9,7,47,15,21,18,10,14,23,19,18,10,,3,,47,10,9,40,2,4,10,47,42,36,37,36,,,47,28,1,18,5,4,35,32,42,31,15,30,29,26,1
Ciudad de Buenos Aires,Comuna 13,Estatal,Urbano,55,55,55,,,,,1,37,53,46,29,36,31,47,27,,15,8,51,33,29,13,9,10,19,21,17,7,,6,54,,3,1,40,7,7,12,49,54,35,31,31,39,7,9,48,47,,1,,31,26,45,40,,,,,
Ciudad de Buenos Aires,Comuna 13,Privado,Urbano,80,80,80,5,,,,,71,74,69,72,77,70,79,47,,27,15,76,32,32,31,22,34,40,35,33,16,,8,1,79,8,8,68,4,7,11,80,74,56,70,58,1,,79,61,11,42,6,2,61,53,68,54,17,25,25,23,7
Ciudad de Buenos Aires,Comuna 14,Estatal,Urbano,57,57,57,1,1,,,,40,55,53,34,36,31,53,27,,10,11,50,36,21,19,4,5,14,15,13,8,,3,54,2,8,2,47,7,9,6,52,49,35,28,33,33,11,13,49,43,2,2,2,34,28,44,35,,,,,
Ciudad de Buenos Aires,Comuna 14,Privado,Urbano,68,68,68,2,1,,,,54,62,61,57,64,55,67,38,,16,10,59,21,21,24,22,24,35,31,35,14,,6,1,67,8,17,55,6,5,11,68,61,52,55,48,,,68,46,9,26,10,1,48,44,59,43,10,19,19,19,5
Ciudad de Buenos Aires,Comuna 15,Estatal,Urbano,69,69,69,,,,,,48,66,54,40,54,39,61,29,,9,9,58,47,33,22,10,12,24,25,22,9,,6,68,1,15,2,52,8,22,12,60,65,47,40,33,41,16,12,59,58,1,,,37,33,57,53,,,,,
Ciudad de Buenos Aires,Comuna 15,Privado,Urbano,36,36,36,2,,,,,30,32,35,33,31,29,35,20,,15,4,34,16,10,19,8,18,19,17,13,10,,6,1,35,6,3,32,2,4,4,36,32,26,31,28,,,36,26,3,14,8,1,26,21,29,22,11,14,15,10,2
Ciudad de Buenos Aires,Comuna 2,Estatal,Urbano,28,28,28,,,,,,19,24,26,15,15,14,25,11,,7,6,25,16,11,8,6,6,9,10,7,4,,3,27,1,3,,18,2,9,7,26,22,18,14,14,17,6,5,26,25,,1,,16,14,22,18,,,,,
Ciudad de Buenos Aires,Comuna 2,Privado,Urbano,51,51,51,1,,,,,43,47,43,40,46,45,51,33,,13,3,46,17,11,18,14,16,19,20,22,7,,3,3,48,6,2,41,2,8,8,51,46,29,45,31,,1,50,34,11,17,6,,30,24,40,25,6,14,13,12,4
Ciudad de Buenos Aires,Comuna 3,Estatal,Urbano,67,67,67,,,,,,49,62,55,34,50,47,61,28,,8,10,60,39,25,16,7,7,16,22,17,6,,5,64,3,6,3,52,4,14,6,60,58,46,35,39,35,18,14,60,54,1,3,2,40,36,54,44,,,,,
Ciudad de Buenos Aires,Comuna 3,Privado,Urbano,56,56,56,3,1,,,,43,52,46,40,48,45,54,23,,9,7,45,14,15,22,11,12,21,24,18,9,,3,3,52,10,5,42,1,7,7,55,46,38,44,42,,,56,36,10,19,6,1,39,34,46,36,6,18,20,18,5
Ciudad de Buenos Aires,Comuna 4,Estatal,Urbano,119,119,119,1,,,,,84,113,107,62,69,70,108,49,,24,23,107,84,63,36,19,15,31,36,31,10,,14,117,2,18,11,79,12,35,25,108,109,82,76,64,68,18,33,100,98,,,2,69,60,103,86,,,,,
Ciudad de Buenos Aires,Comuna 4,Privado,Urbano,34,34,34,1,,,,,29,32,28,23,29,26,33,21,,7,3,31,10,7,9,5,8,10,8,10,7,,3,4,30,7,5,25,1,2,7,34,27,19,23,24,2,,32,17,7,9,1,,26,24,26,20,9,27,26,19,1
Ciudad de Buenos Aires,Comuna 5,Estatal,Urbano,50,50,50,,,,,,38,47,42,19,31,34,46,18,,8,12,41,32,21,17,8,6,17,21,15,7,,5,48,2,9,2,37,3,12,10,46,44,32,27,28,33,9,8,41,37,2,,2,32,27,40,35,,,,,
Ciudad de Buenos Aires,Comuna 5,Privado,Urbano,45,45,45,1,,,,,37,37,35,33,37,36,42,21,,11,9,36,13,9,16,11,9,17,15,15,5,,2,1,43,3,3,42,,1,3,44,36,29,36,35,,,45,23,1,11,9,2,32,30,34,27,3,18,19,17,12
Ciudad de Buenos Aires,Comuna 6,Estatal,Urbano,52,52,52,,1,,,,38,49,41,33,36,32,42,19,,9,12,48,31,29,18,10,9,16,20,16,6,,5,47,3,10,3,33,4,12,7,43,44,37,20,31,37,7,8,37,34,3,,,30,26,40,36,,,,,
Ciudad de Buenos Aires,Comuna 6,Privado,Urbano,37,37,37,2,,,,,32,32,30,31,31,27,35,20,,9,1,33,10,7,12,8,8,11,9,10,6,,3,1,36,3,4,34,1,2,7,37,30,25,28,32,,,37,20,2,15,2,1,32,31,31,26,7,18,18,19,2
Ciudad de Buenos Aires,Comuna 7,Estatal,Urbano,76,76,76,,,,,,51,74,64,32,48,39,65,38,,8,12,69,51,37,23,10,11,26,25,21,13,,4,75,,3,4,52,9,23,5,64,67,51,36,46,44,17,15,63,59,2,1,1,47,40,61,53,,,,,
Ciudad de Buenos Aires,Comuna 7,Privado,Urbano,44,44,44,,,,,,38,39,38,34,40,36,43,26,,11,7,42,10,13,17,9,13,18,17,21,8,,4,,43,7,2,36,,1,8,43,37,28,36,32,,,44,25,4,14,5,2,34,32,35,26,11,25,24,18,4
Ciudad de Buenos Aires,Comuna 8,Estatal,Urbano,103,103,101,2,,,,,60,96,93,39,54,43,97,34,,10,21,90,57,39,35,8,8,25,26,19,11,,4,101,1,18,8,54,9,36,9,98,87,60,50,51,48,14,41,95,92,1,,2,52,47,88,70,,,,,
Ciudad de Buenos Aires,Comuna 8,Privado,Urbano,24,24,24,1,,,,,18,24,23,19,20,16,24,9,,5,4,23,6,5,9,6,8,13,11,7,2,,1,5,19,4,7,15,1,2,1,24,18,17,19,17,,,24,12,,11,,1,19,17,21,17,7,19,18,15,4
Ciudad de Buenos Aires,Comuna 9,Estatal,Urbano,92,92,92,,1,1,,,51,88,67,41,48,38,75,31,,12,16,81,56,32,22,10,11,24,26,31,10,,8,91,1,13,3,55,16,14,20,74,83,56,46,48,44,23,25,82,75,3,1,3,53,42,65,59,,,,,
Ciudad de Buenos Aires,Comuna 9,Privado,Urbano,26,26,26,3,,,,,22,22,22,23,22,20,24,12,,4,1,23,8,8,7,6,6,10,8,7,3,,,,25,4,4,20,,2,7,25,23,19,22,21,,,26,19,2,13,3,1,21,20,22,19,11,22,22,17,3
Córdoba,CALAMUCHITA,Estatal,Rural,70,70,51,4,18,1,,,58,60,41,16,43,44,58,30,,15,4,51,43,13,17,9,5,15,9,13,9,,3,58,,9,1,20,29,6,4,44,48,11,22,10,2,34,34,67,67,,,,17,3,52,12,,,,,
Córdoba,CALAMUCHITA,Estatal,Urbano,38,38,38,,,,,,34,36,22,17,23,20,33,13,,7,8,30,16,8,7,1,2,5,7,3,,,2,31,5,12,6,19,4,4,2,34,21,9,15,12,1,29,8,38,38,,,,21,6,25,13,,,,,
Córdoba,CALAMUCHITA,Privado,Urbano,16,16,16,,,,,,13,11,10,7,10,9,13,5,,5,1,14,3,3,3,3,2,3,2,3,1,,,,16,4,3,8,3,2,,16,13,7,12,10,,,16,16,13,2,1,,10,10,10,8,,6,6,7,1
Córdoba,CAPITAL,Estatal,Urbano,695,695,695,3,,,,,609,630,325,158,436,444,639,128,,101,41,618,419,237,221,54,37,164,172,103,36,,34,612,49,303,75,420,33,57,81,649,452,323,275,238,69,444,182,629,619,2,5,3,289,172,614,400,,,,,
Córdoba,CAPITAL,Privado,Urbano,435,435,434,20,,,,1,368,416,348,296,375,345,431,90,,83,25,415,126,134,151,85,86,198,166,171,29,,23,7,425,87,127,300,25,34,72,429,352,304,354,326,7,3,425,434,343,58,33,,323,287,368,304,,104,108,131,32
Córdoba,COLON,Estatal,Rural,61,61,59,,2,,,1,51,51,28,13,34,26,48,28,,6,2,49,31,13,11,3,3,6,4,3,5,,,35,9,7,1,15,19,4,1,37,29,8,10,4,6,36,19,56,56,,,,24,4,55,21,,,,,
Córdoba,COLON,Estatal,Urbano,127,127,127,2,,,,,106,115,73,32,78,74,119,63,,22,19,117,74,27,28,11,6,23,22,20,15,,4,101,13,58,15,64,6,15,11,110,81,42,51,38,22,82,23,122,120,1,,1,54,28,101,54,,,,,
Córdoba,COLON,Privado,Urbano,67,67,67,7,1,,,,42,63,57,52,53,48,66,16,,9,6,62,26,12,20,10,14,25,20,23,4,,2,1,66,28,25,33,5,8,7,67,53,39,56,44,6,3,58,67,53,12,2,,44,41,47,37,,16,16,16,6
Córdoba,CRUZ DEL EJE,Estatal,Rural,91,90,82,,10,,,,77,66,30,16,45,56,66,27,,8,4,50,52,13,14,6,4,13,10,16,6,,1,79,,4,,11,66,2,,49,67,15,33,15,2,43,46,74,74,,,,37,6,66,13,,,,,
Córdoba,CRUZ DEL EJE,Estatal,Urbano,40,40,40,,,,,,36,33,15,7,18,22,28,12,,4,4,33,21,12,8,3,,5,8,4,2,,1,33,2,14,6,16,6,1,5,33,28,13,14,16,4,21,15,37,37,,,,21,18,27,22,,,,,
Córdoba,CRUZ DEL EJE,Privado,Urbano,12,12,12,,,,,,8,11,4,4,8,10,11,3,,,,10,1,2,2,2,,2,2,4,2,,,,12,8,,3,1,1,,12,2,5,4,9,,,12,12,12,,,,7,7,10,7,,4,4,4,4
Córdoba,Enmascarado,Estatal,Rural,19,19,17,,2,,,,17,10,5,4,9,11,15,2,,7,,13,11,3,3,2,1,2,2,3,1,,2,15,1,,1,,15,,,2,15,1,1,1,1,2,16,19,19,,,,2,,10,1,,,,,
Córdoba,Enmascarado,Estatal,Urbano,9,9,9,,,,,,8,7,7,2,6,5,6,3,,2,2,8,6,3,3,2,,2,2,,,,1,5,3,,,6,2,,1,8,7,2,5,2,1,7,1,9,9,,,,1,1,7,4,,,,,
Córdoba,Enmascarado,Privado,Rural,21,21,18,3,3,2,,,19,18,15,7,17,16,19,5,,2,,19,,8,5,2,3,6,4,2,2,,1,8,12,3,4,6,3,6,2,20,14,14,16,9,3,1,17,21,21,,,,12,9,17,7,,3,3,17,
Córdoba,Enmascarado,Privado,Urbano,8,8,8,,,,,,8,7,6,6,7,7,8,2,,3,,5,,2,3,3,4,5,5,1,2,,,2,5,5,,3,,2,2,7,6,6,5,3,2,,6,8,8,,,,3,3,7,7,,2,2,4,2
Córdoba,GENERAL ROCA,Estatal,Rural,34,34,29,,5,,,,26,21,23,12,22,21,33,4,,7,1,24,26,9,9,7,3,8,8,9,2,,2,29,2,4,3,13,13,3,,22,27,9,16,5,2,23,9,34,34,,,,26,4,28,4,,,,,
Córdoba,GENERAL ROCA,Estatal,Urbano,30,30,30,,1,,,,24,23,19,8,22,20,28,10,,7,5,25,15,9,8,1,,7,8,4,3,,2,27,3,7,7,20,4,3,4,29,27,18,15,12,3,19,8,30,30,,,,15,8,26,14,,,,,
Córdoba,GENERAL SAN MARTIN,Estatal,Rural,50,50,50,,1,,,,41,46,27,21,37,31,45,20,,10,3,42,31,18,21,7,6,13,15,12,6,,3,44,5,12,2,24,17,4,8,41,46,15,20,9,3,44,3,48,48,,,,14,3,42,10,,,,,
Córdoba,GENERAL SAN MARTIN,Estatal,Urbano,83,83,82,2,,,1,,71,78,50,16,50,43,77,28,,15,8,72,47,23,24,9,4,19,21,18,8,,1,64,15,26,9,37,19,5,11,76,72,44,52,27,7,74,2,82,82,,,,36,21,69,39,,,,,
Córdoba,GENERAL SAN MARTIN,Privado,Rural,4,4,4,,,,,,4,4,3,1,2,3,4,1,,,1,4,,1,1,2,,1,1,1,,,,2,2,,1,3,1,,,4,3,2,3,2,,,4,4,4,,,,2,,3,2,,,,4,
Córdoba,GENERAL SAN MARTIN,Privado,Urbano,37,37,37,7,,,,,34,34,29,22,33,29,37,4,,4,,35,8,8,13,7,8,15,11,14,3,,,2,35,7,16,23,1,4,7,37,31,27,32,25,4,,33,37,31,4,2,,25,22,34,24,,9,8,11,7
Córdoba,ISCHILIN,Estatal,Rural,43,43,40,,3,,,,31,32,23,8,28,29,32,5,,6,1,30,26,8,8,5,2,8,5,6,2,,2,31,2,2,2,4,23,1,5,16,27,7,11,2,,27,16,41,41,,,,9,2,27,5,,,,,
Córdoba,ISCHILIN,Estatal,Urbano,27,27,27,,,,,,24,26,16,2,16,18,22,10,,2,2,24,21,11,11,3,1,7,7,6,5,,,20,1,15,2,5,2,,3,20,17,7,6,6,3,18,6,27,27,,,,11,4,23,10,,,,,
Córdoba,JUAREZ CELMAN,Estatal,Rural,45,45,40,,,,,5,35,38,27,11,24,24,43,4,,11,3,31,30,11,14,7,3,10,8,12,1,,2,38,2,4,1,20,10,7,3,23,35,8,16,5,2,39,4,45,45,,,,36,5,35,10,,,,,
Córdoba,JUAREZ CELMAN,Estatal,Urbano,47,47,47,,,,,,43,39,35,11,31,28,46,17,,9,8,40,27,12,10,2,1,8,8,6,3,,1,38,7,17,10,28,3,3,4,44,32,15,23,17,3,38,6,47,46,1,,,25,14,32,15,,,,,
Córdoba,JUAREZ CELMAN,Privado,Rural,4,4,4,1,,,,,4,4,3,3,4,4,4,2,,3,1,4,1,2,2,1,1,2,2,2,1,,1,3,1,,,3,,1,,4,4,3,4,1,3,,1,4,4,,,,,,3,1,,,,4,
Córdoba,JUAREZ CELMAN,Privado,Urbano,12,12,12,1,,,,,12,12,8,7,12,12,12,3,,3,1,12,1,5,6,2,2,7,5,5,2,,,3,9,2,5,6,1,,2,12,12,11,11,9,5,,7,11,11,,,,8,6,12,10,,3,3,7,2
Córdoba,MARCOS JUAREZ,Estatal,Rural,41,41,41,,,,,,25,30,20,9,26,21,34,9,,3,,32,28,5,10,6,1,6,6,8,,,,32,1,5,2,16,16,2,3,19,29,4,12,4,1,14,26,36,36,,,,7,1,21,4,,,,,
Córdoba,MARCOS JUAREZ,Estatal,Urbano,85,85,85,1,,,,,79,74,59,26,64,50,81,34,,19,11,77,63,19,19,8,5,17,14,13,7,,6,69,14,21,26,51,4,6,7,83,73,35,45,41,18,54,13,82,81,,1,,45,35,63,35,,,,,
Córdoba,MARCOS JUAREZ,Privado,Urbano,37,37,37,,1,,,,30,33,30,21,32,29,35,10,,12,8,33,4,12,12,5,4,16,12,11,4,,3,12,25,5,11,24,3,3,3,37,33,28,32,29,14,9,14,37,37,,,,29,24,35,23,,11,11,16,5
Córdoba,MINAS,Estatal,Rural,41,41,40,,1,,,,29,23,13,3,11,17,32,8,,4,1,19,18,6,5,5,1,1,2,8,3,,,37,,1,,3,31,2,,19,33,3,11,,2,25,14,41,41,,,,19,2,31,8,,,,,
Córdoba,POCHO,Estatal,Rural,40,40,31,1,9,,,,29,30,15,5,21,19,32,10,,5,1,26,23,6,7,4,3,5,6,9,3,,,33,1,6,,3,28,2,1,21,25,6,16,4,4,32,4,37,37,,,,9,3,30,9,,,,,
Córdoba,PRESIDENTE ROQUE SAENZ PEÑA,Estatal,Rural,35,35,35,,,,,,23,23,23,11,21,20,30,6,,8,2,23,16,6,4,5,3,5,7,5,2,,2,31,3,4,2,17,13,1,4,22,30,6,9,5,1,19,15,34,34,,,,23,5,26,7,,,,,
Córdoba,PRESIDENTE ROQUE SAENZ PEÑA,Estatal,Urbano,27,27,27,,,,,,23,24,21,8,19,19,26,8,,6,3,26,16,7,9,5,2,10,9,7,3,,1,27,,9,2,17,2,2,6,27,23,14,18,10,3,19,5,27,27,,,,17,11,24,15,,,,,
Córdoba,PRESIDENTE ROQUE SAENZ PEÑA,Privado,Urbano,7,7,6,,,,,1,7,6,6,2,7,7,7,2,,3,,7,4,3,2,,,2,4,1,1,,2,,7,1,,6,,1,1,7,7,6,6,7,1,1,5,7,6,1,,,7,7,7,6,,2,2,3,2
Córdoba,PUNILLA,Estatal,Rural,33,32,30,,2,,,,24,27,18,9,16,16,27,14,,3,1,20,16,6,11,3,3,3,6,8,6,,,27,3,9,1,7,11,1,6,27,24,12,15,8,2,18,13,32,32,,,,9,2,27,12,,,,,
Córdoba,PUNILLA,Estatal,Urbano,107,107,107,1,,,,,89,96,61,20,72,67,95,57,,14,8,93,64,25,33,8,3,24,16,18,20,,2,88,11,39,15,57,9,8,11,94,81,46,54,30,5,86,16,104,103,,,1,53,21,88,47,,,,,
Córdoba,PUNILLA,Privado,Urbano,57,57,57,1,,,,,50,56,52,41,50,52,57,15,,8,2,54,14,17,26,15,13,26,23,18,4,,2,,57,16,20,28,4,4,6,57,50,43,43,38,,,57,57,46,6,4,1,34,34,45,40,,16,18,24,5
Córdoba,RIO CUARTO,Estatal,Rural,117,117,112,,5,,,1,103,95,65,31,80,64,105,26,,33,5,93,68,32,26,17,6,19,18,23,6,,10,72,24,10,2,40,43,8,5,60,86,19,34,15,7,94,16,112,111,1,,,79,10,80,15,,,,,
Córdoba,RIO CUARTO,Estatal,Urbano,138,138,138,,,,,,126,128,79,53,97,91,131,44,,36,18,128,87,41,35,14,13,35,35,28,8,,10,107,26,52,15,77,12,12,12,130,96,55,59,46,18,106,14,138,138,,,,82,43,117,60,,,,,
Córdoba,RIO CUARTO,Privado,Urbano,77,77,77,,1,,,,64,75,61,43,69,67,76,23,,19,9,73,19,15,20,12,18,28,25,22,4,,3,,76,19,22,45,7,8,7,76,68,51,64,56,4,2,71,77,70,2,5,,56,54,61,47,,19,19,31,8
Córdoba,RIO PRIMERO,Estatal,Rural,93,93,93,,,,,,65,65,40,10,51,48,70,33,,8,3,67,54,18,26,13,7,17,16,21,11,,2,68,13,10,1,30,37,8,5,42,67,9,20,6,4,70,19,93,93,,,,20,6,55,10,,,,,
Córdoba,RIO PRIMERO,Estatal,Urbano,33,33,33,,,,,,28,32,18,6,20,17,29,10,,7,4,30,21,7,10,4,2,8,7,5,5,,1,28,4,7,5,19,1,6,4,32,21,10,13,6,4,28,1,33,32,1,,,9,7,25,16,,,,,
Córdoba,RIO PRIMERO,Privado,Urbano,11,11,10,,,,,1,9,9,10,3,9,9,11,2,,,,10,2,5,7,3,2,7,7,5,1,,,1,10,4,4,4,,2,,11,6,6,4,10,,1,10,11,9,1,1,,11,10,9,9,,3,4,6,1
Córdoba,RIO SECO,Estatal,Rural,50,50,43,,7,,,,42,26,16,8,30,29,39,6,,13,1,31,35,9,10,7,5,8,6,9,2,,5,32,2,,,4,28,2,2,19,22,4,11,4,2,32,16,50,50,,,,9,2,32,7,,,,,
Córdoba,RIO SECO,Estatal,Urbano,11,11,11,,,,,,9,9,5,1,7,7,8,3,,2,1,9,5,3,3,2,1,3,3,3,,,1,6,3,1,,4,2,2,1,6,2,1,2,2,2,3,6,11,11,,,,2,2,6,4,,,,,
Córdoba,RIO SEGUNDO,Estatal,Rural,68,68,67,,1,,,,54,60,38,25,38,38,65,37,,11,3,60,40,16,21,15,9,18,16,21,18,,4,54,11,4,3,30,23,6,6,44,60,16,27,11,5,54,9,68,68,,,,21,6,52,13,,,,,
Córdoba,RIO SEGUNDO,Estatal,Urbano,62,62,61,,,,,1,56,57,45,24,34,38,59,33,,16,10,57,29,21,16,10,2,11,16,14,12,,5,46,16,24,8,39,4,5,4,62,56,33,31,25,12,47,3,61,60,,1,,31,14,55,29,,,,,
Córdoba,RIO SEGUNDO,Privado,Urbano,29,29,29,,,,,,24,27,25,13,22,19,29,5,,6,,27,1,7,5,5,1,9,9,5,,,1,2,27,12,4,16,4,3,4,29,26,14,20,19,3,3,23,29,27,1,1,,18,16,22,15,,7,7,12,3
Córdoba,SAN ALBERTO,Estatal,Rural,79,79,68,3,12,2,,,62,51,21,20,51,44,56,15,,10,1,54,32,12,7,2,2,15,11,8,4,,1,63,3,3,2,12,41,7,6,35,50,8,10,6,4,54,21,61,61,,,,16,6,50,20,,,,,
Córdoba,SAN ALBERTO,Estatal,Urbano,20,20,20,,,,,,20,18,9,3,16,17,19,10,,4,6,18,11,9,9,3,1,8,9,4,4,,2,13,5,5,3,10,1,3,,18,10,6,9,6,2,18,,16,16,,,,9,7,15,7,,,,,
Córdoba,SAN ALBERTO,Privado,Urbano,7,7,7,,,,,,7,7,4,5,6,5,7,2,,,1,7,,5,3,,4,5,4,2,1,,,,7,5,2,3,,1,1,7,4,5,6,5,,,7,7,7,,,,7,6,7,5,,2,2,4,
Córdoba,SAN JAVIER,Estatal,Rural,57,57,55,,2,,,,48,42,23,9,34,32,42,18,,6,1,45,31,12,9,2,1,9,9,6,5,,1,43,2,3,,27,14,5,1,32,32,7,13,3,1,49,7,42,42,,,,30,5,41,13,,,,,
Córdoba,SAN JAVIER,Estatal,Urbano,42,42,42,,,,,,35,36,20,10,25,27,34,11,,6,3,35,21,13,12,3,2,12,12,7,4,,3,37,1,12,4,24,6,2,1,33,32,16,13,10,1,25,16,37,36,,1,,15,7,34,19,,,,,
Córdoba,SAN JAVIER,Privado,Urbano,13,13,13,,1,,,,11,12,9,7,10,11,13,2,,2,,12,2,6,7,2,2,6,6,4,2,,2,1,12,3,4,8,2,3,2,13,10,8,11,9,1,,12,13,8,3,2,,9,9,10,7,,3,3,4,2
Córdoba,SAN JUSTO,Estatal,Rural,181,181,179,1,,,,2,146,137,95,40,114,110,158,70,,29,8,132,97,31,36,17,9,28,25,30,27,,4,137,32,30,5,72,56,18,11,114,153,38,75,30,13,147,21,178,178,,,,55,14,119,32,,,,,
Córdoba,SAN JUSTO,Estatal,Urbano,114,114,114,,1,,,,105,110,73,43,85,83,111,32,,41,16,105,81,33,33,11,8,35,27,25,19,,13,82,30,35,8,83,6,7,20,111,98,52,69,53,23,85,6,114,114,,,,73,43,95,59,,,,,
Córdoba,SAN JUSTO,Privado,Rural,8,8,8,1,,,,,7,8,6,4,6,6,8,3,,2,,8,1,2,2,1,1,2,2,3,1,,1,4,4,1,1,5,,,3,8,7,6,6,6,2,3,3,8,7,1,,,6,4,8,4,,1,1,7,
Córdoba,SAN JUSTO,Privado,Urbano,56,56,56,,,,,,55,54,48,32,49,48,56,28,,13,3,56,16,20,20,12,9,23,22,25,9,,3,2,54,13,16,34,6,9,7,56,52,41,47,49,10,7,39,56,56,,,,49,46,45,34,,14,14,21,6
Córdoba,SANTA MARIA,Estatal,Rural,74,74,73,,1,,,,62,55,33,15,41,42,61,34,,13,2,57,42,9,7,5,2,10,6,8,6,,1,52,7,7,4,19,25,3,4,47,46,13,17,5,3,52,19,73,71,2,,,17,5,50,14,,,,,
Córdoba,SANTA MARIA,Estatal,Urbano,58,58,58,,,,,,54,54,34,9,35,42,52,20,,6,5,54,38,12,12,5,1,8,8,3,5,,1,37,12,28,9,20,4,1,2,48,26,12,18,6,6,45,7,57,57,,,,27,11,49,28,,,,,
Córdoba,SANTA MARIA,Privado,Urbano,25,25,25,,,,,,19,24,16,9,19,13,25,3,,1,1,22,5,5,9,3,2,8,6,9,,,1,2,23,6,9,7,2,7,1,25,19,15,16,16,1,,24,25,22,3,,,18,14,24,18,,8,7,8,
Córdoba,TERCERO ARRIBA,Estatal,Rural,48,48,45,,2,,1,,35,37,30,13,36,30,43,14,,6,2,41,20,8,9,9,6,9,8,9,2,,1,38,5,9,2,14,15,6,4,34,41,10,17,14,2,34,12,44,44,,,,22,8,39,10,,,,,
Córdoba,TERCERO ARRIBA,Estatal,Urbano,79,79,79,,,,,,75,74,51,22,49,48,73,39,,15,8,72,52,30,33,11,6,20,20,15,13,,2,69,9,31,10,51,7,4,9,77,70,46,47,30,7,67,5,78,77,,,1,39,23,68,47,,,,,
Córdoba,TERCERO ARRIBA,Privado,Urbano,33,33,33,1,,,,,30,32,28,24,28,28,32,10,,9,,33,5,12,16,4,5,14,11,10,5,,4,3,30,5,6,18,2,5,6,33,32,29,28,27,3,4,26,33,30,1,2,,27,25,30,28,,10,10,14,5
Córdoba,TOTORAL,Estatal,Rural,52,52,51,,1,,,,44,37,32,17,35,36,44,8,,14,1,40,32,14,14,13,6,12,13,16,3,,6,46,3,7,5,9,31,2,,32,40,15,16,5,1,51,,51,51,,,,12,3,37,7,,,,,
Córdoba,TOTORAL,Estatal,Urbano,6,6,6,,,,,,6,6,3,1,3,4,6,2,,3,2,5,1,,,,,,,1,,,,6,,2,3,2,2,,,6,4,2,3,2,1,3,2,6,6,,,,3,1,5,4,,,,,
Córdoba,TULUMBA,Estatal,Rural,59,59,51,,8,,,,49,49,25,6,32,38,50,8,,26,3,43,40,8,9,4,,6,6,10,3,,4,38,3,2,1,6,32,2,2,20,30,9,8,5,3,39,17,59,59,,,,16,8,38,7,,,,,
Córdoba,UNION,Estatal,Rural,87,87,87,1,,,,1,69,74,47,24,62,48,80,26,,15,2,73,57,17,21,11,8,16,14,22,4,,2,76,3,3,12,37,24,9,7,55,70,18,34,18,5,56,26,73,73,,,,27,9,56,16,,,,,
Córdoba,UNION,Estatal,Urbano,73,73,73,,1,,,,67,67,45,16,57,50,65,27,,15,7,61,48,22,23,8,2,23,17,14,9,,2,58,14,20,8,49,10,2,6,69,58,39,34,31,9,53,11,72,71,,,1,41,20,61,29,,,,,
Córdoba,UNION,Privado,Rural,4,4,4,,,,,,3,4,3,3,2,3,4,2,,,,4,1,1,3,,1,,2,3,2,,,2,2,,1,1,1,1,,4,4,3,2,2,3,,1,4,4,,,,2,2,4,4,,,,4,
Córdoba,UNION,Privado,Urbano,38,38,38,1,,,,,35,36,29,24,35,32,38,8,,12,2,38,14,11,10,11,8,20,17,23,4,,2,8,30,7,11,31,3,1,5,38,37,32,32,29,14,4,20,38,37,,1,,30,29,36,32,,10,11,15,9
Corrientes,BELLA VISTA,Estatal,Rural,49,49,47,,,,,2,21,29,20,6,20,12,25,12,,5,1,30,9,3,6,4,1,5,5,6,3,,,37,1,,1,18,14,3,3,30,27,9,9,9,,11,38,14,12,,,2,13,7,29,11,,,,,
Corrientes,BELLA VISTA,Estatal,Urbano,23,23,23,1,,,,,19,20,12,6,13,10,19,9,,4,3,20,12,8,5,4,,5,3,5,1,,,21,2,3,2,17,,3,4,19,18,9,11,11,1,13,9,8,7,,,1,11,9,20,9,,,,,
Corrientes,BELLA VISTA,Privado,Urbano,5,5,5,,,,,,4,5,5,4,4,2,5,3,,1,,5,,1,1,1,1,2,2,3,1,,,1,4,3,,3,,1,1,5,4,4,3,4,,1,4,2,2,,,,5,4,5,2,,3,3,2,
Corrientes,BERON DE ASTRADA,Estatal,Rural,9,9,9,1,,,,,6,6,2,4,7,4,6,6,,2,,6,4,2,2,,2,2,,2,2,,1,5,,,,1,5,,,3,4,3,3,2,,5,4,4,4,,,,2,1,6,2,,,,,
Corrientes,CAPITAL,Estatal,Rural,23,23,23,,,,,,16,21,5,3,13,9,16,10,,1,,21,7,4,4,2,,4,2,6,5,,,22,,1,1,9,7,4,,21,10,5,4,4,1,16,6,6,6,,,,5,4,20,14,,,,,
Corrientes,CAPITAL,Estatal,Urbano,185,185,185,,,,,,152,167,103,47,117,110,167,96,,35,11,169,85,52,40,23,11,41,40,41,27,,7,161,8,17,15,117,24,21,17,159,108,65,76,64,14,132,39,101,93,,1,7,80,61,147,99,,,,,
Corrientes,CAPITAL,Privado,Urbano,58,58,58,,,,,,49,55,47,39,46,44,58,30,,15,3,54,9,26,28,22,18,26,25,30,16,,9,1,57,22,11,41,3,4,11,58,41,36,42,36,2,2,54,38,20,10,7,1,39,36,55,36,1,17,15,14,3
Corrientes,CONCEPCION,Estatal,Rural,44,41,40,,,,,1,20,33,17,3,16,7,25,19,,3,2,19,8,2,3,2,,1,,1,1,,,7,2,1,,2,5,,2,7,4,1,,2,,19,25,6,6,,,,6,5,28,14,,,,,
Corrientes,CONCEPCION,Estatal,Urbano,17,17,17,1,,,,,6,12,5,1,6,4,13,10,,,1,10,7,,4,,,2,,3,2,,,7,3,,,3,2,5,,10,5,1,3,2,,12,5,8,8,,,,5,4,15,9,,,,,
Corrientes,CURUZU CUATIA,Estatal,Rural,43,43,41,1,2,,,1,27,30,15,5,17,17,35,21,,6,1,23,5,2,1,1,,2,3,3,2,,2,36,1,,,9,25,2,1,15,29,7,13,5,,12,31,13,13,,,,11,4,36,15,,,,,
Corrientes,CURUZU CUATIA,Estatal,Urbano,34,34,34,,,,,,26,24,13,7,14,13,26,20,,9,5,28,4,9,6,2,5,5,5,6,4,,4,27,3,,3,15,4,6,4,28,24,11,18,11,2,21,11,14,11,1,,2,14,11,30,15,,,,,
Corrientes,CURUZU CUATIA,Privado,Urbano,8,8,8,2,,,,,7,6,7,4,4,4,7,2,,2,,6,,3,2,2,1,2,2,3,1,,,1,6,1,,5,1,1,1,7,5,5,4,6,2,1,5,4,3,1,,,5,4,6,5,,4,4,5,
Corrientes,EMPEDRADO,Estatal,Rural,44,44,43,,1,,,,22,28,15,6,19,13,32,19,,2,1,20,11,3,5,1,1,2,,4,3,,,19,,2,,4,10,3,5,13,13,1,4,1,1,15,28,12,12,,,,9,1,24,6,,,,,
Corrientes,EMPEDRADO,Estatal,Urbano,10,10,10,,,,,,8,8,5,1,3,4,8,5,,,3,7,2,,,,,1,1,1,,,,7,1,,2,,3,2,1,8,1,1,3,1,1,9,,5,5,,,,3,3,7,5,,,,,
Corrientes,Enmascarado,Privado,Rural,17,17,17,2,1,,,,15,12,8,3,9,8,17,10,,5,,16,,3,4,1,,3,3,8,4,,1,9,7,2,,3,7,3,4,16,11,8,6,6,8,,9,12,12,,,,6,4,15,10,,,,15,
Corrientes,Enmascarado,Privado,Urbano,19,19,19,3,,,,,14,18,13,5,13,11,19,9,,3,,17,,4,6,4,3,6,3,8,2,,1,1,18,9,3,8,1,5,2,19,9,8,8,8,4,1,14,9,7,,1,1,11,11,14,11,,9,8,8,3
Corrientes,ESQUINA,Estatal,Rural,80,76,67,1,11,,,,39,42,19,13,28,24,49,27,,12,4,39,15,9,10,5,3,4,4,12,5,,2,35,3,3,,6,15,12,3,32,29,7,11,6,1,31,48,6,6,,,,24,3,35,10,,,,,
Corrientes,ESQUINA,Estatal,Urbano,14,14,14,,,,,,8,12,5,3,7,7,11,7,,2,2,12,3,4,4,1,1,3,3,4,3,,1,10,1,2,,7,1,1,2,9,4,3,5,7,2,10,2,8,8,,,,7,4,13,10,,,,,
Corrientes,GENERAL ALVEAR,Estatal,Rural,12,12,12,,,,,,7,8,5,3,6,5,7,2,,5,,6,2,1,1,1,,1,1,1,,,,2,,,,,2,,,2,1,1,1,1,1,1,10,8,8,,,,2,1,5,,,,,,
Corrientes,GENERAL ALVEAR,Estatal,Urbano,10,10,10,,,,,,9,10,4,3,10,10,6,6,,3,1,3,3,1,1,1,1,1,1,1,,,,3,1,,1,,2,1,,4,3,1,2,1,1,2,7,4,4,,,,5,1,8,3,,,,,
Corrientes,GENERAL PAZ,Estatal,Rural,50,50,50,,,,,,27,28,19,11,16,18,33,22,,3,,31,10,5,3,3,2,4,3,5,4,,1,12,,1,,4,7,2,2,11,7,3,4,2,,38,12,18,16,,,2,12,3,29,13,,,,,
Corrientes,GENERAL PAZ,Estatal,Urbano,16,16,16,,,,,,7,12,8,4,7,8,14,8,,2,4,10,3,,1,,,1,1,,,,,6,4,2,,3,3,2,1,9,2,2,1,4,,7,9,7,7,,,,5,4,9,6,,,,,
Corrientes,GOYA,Estatal,Rural,114,112,98,4,14,,,,68,86,46,46,65,47,83,64,,7,8,80,23,23,29,13,17,27,21,27,27,,1,92,,9,,30,42,11,10,61,81,27,34,26,3,52,59,31,29,,,2,39,12,81,36,,,,,
Corrientes,GOYA,Estatal,Urbano,37,37,37,1,1,,,,35,30,19,9,26,22,30,22,,8,3,36,16,13,9,2,2,8,8,5,5,,1,20,11,4,3,21,2,3,1,27,12,12,12,12,7,30,,18,16,,2,,16,13,25,19,,,,,
Corrientes,GOYA,Privado,Urbano,7,7,7,1,,,,,6,7,6,4,6,5,7,4,,1,,7,1,4,2,1,1,4,3,4,2,,,,6,2,4,2,1,,,6,5,5,6,5,1,,6,3,2,1,,,6,6,7,5,,5,5,6,2
Corrientes,ITATI,Estatal,Rural,15,15,15,,,,,,5,10,7,1,3,3,12,3,,1,1,10,3,2,3,2,,2,2,3,2,,,9,,,,1,8,1,,8,8,6,6,4,,2,13,2,2,,,,5,2,9,6,,,,,
Corrientes,ITATI,Estatal,Urbano,7,7,7,,,,,,5,6,3,2,5,5,6,1,,,1,6,3,1,1,,,,,,,,,4,1,1,,2,2,2,,4,4,4,3,3,1,3,3,,,,,,4,3,4,4,,,,,
Corrientes,ITUZAINGO,Estatal,Rural,35,35,33,,1,,1,1,18,23,11,3,6,9,26,8,,4,1,21,9,4,7,3,1,2,3,10,4,,,26,,,,7,13,7,3,22,17,7,9,4,1,11,23,9,9,,,,10,4,27,9,,,,,
Corrientes,ITUZAINGO,Estatal,Urbano,26,26,24,,,,,2,15,22,13,6,10,6,21,12,,1,5,18,7,5,5,3,1,3,3,6,4,,1,20,4,2,3,9,4,9,,21,14,7,8,6,,18,8,15,15,,,,11,9,21,15,,,,,
Corrientes,LAVALLE,Estatal,Rural,60,59,58,1,,,1,,30,38,18,8,25,17,42,26,,5,1,31,17,10,11,4,3,13,5,10,11,,1,8,4,1,,5,5,3,,11,5,4,6,6,,24,36,8,8,,,,19,5,38,12,,,,,
Corrientes,LAVALLE,Estatal,Urbano,14,14,14,,,,,,9,13,7,2,7,5,14,8,,3,3,12,3,4,5,1,,4,4,2,2,,,6,4,,,4,3,2,1,10,,1,2,4,1,12,1,7,7,,,,5,2,13,4,,,,,
Corrientes,MBURUCUYA,Estatal,Rural,18,18,18,,,,,,6,13,4,4,6,6,10,6,,1,1,4,2,,4,1,1,2,1,2,1,,,,1,1,,,,,,1,,,,,1,4,13,4,3,1,,,4,,14,2,,,,,
Corrientes,MBURUCUYA,Estatal,Urbano,10,10,10,,,,,,5,7,5,2,6,5,8,6,,,2,6,,3,3,1,,2,1,1,1,,,5,1,,,4,3,,,6,3,2,1,2,1,4,5,5,5,,,,6,2,7,2,,,,,
Corrientes,MERCEDES,Estatal,Rural,29,29,27,3,,,,,17,23,12,7,16,12,23,7,,2,1,11,3,4,4,1,,3,2,3,,,,22,5,,,4,16,7,1,22,21,6,11,4,1,13,15,10,10,,,,9,3,24,11,,,,,
Corrientes,MERCEDES,Estatal,Urbano,35,35,35,,,,,,28,27,19,9,18,16,34,22,,6,4,27,3,13,5,3,3,8,7,5,4,,3,28,5,5,2,18,2,4,6,25,29,12,12,13,4,19,12,19,18,,,1,17,14,21,16,,,,,
Corrientes,MERCEDES,Privado,Urbano,4,4,4,,,,,,4,4,4,2,3,2,4,3,,1,,4,,1,1,1,1,2,2,2,1,,1,,4,2,1,3,1,,1,4,4,3,2,4,,2,2,3,3,,,,3,2,4,2,,2,2,3,
Corrientes,MONTE CASEROS,Estatal,Rural,35,35,34,,,,,1,20,30,16,9,19,16,26,20,,8,4,23,10,5,11,4,2,6,5,4,6,,,32,1,,,13,11,6,3,16,17,5,19,6,1,24,10,16,16,,,,15,4,26,5,,,,,
Corrientes,MONTE CASEROS,Estatal,Urbano,26,26,26,1,,,,,20,22,13,5,17,15,21,13,,10,5,25,8,9,2,2,1,8,8,4,5,,2,20,5,3,2,10,8,3,2,21,15,11,7,14,3,19,4,14,12,1,,1,17,14,24,15,,,,,
Corrientes,PASO DE LOS LIBRES,Estatal,Rural,26,25,24,1,2,,,,12,20,13,8,14,6,20,9,,2,,15,8,5,6,4,3,5,1,4,,,,18,2,1,1,9,10,2,2,13,13,3,6,5,,10,16,14,13,,,1,8,3,21,4,,,,,
Corrientes,PASO DE LOS LIBRES,Estatal,Urbano,27,27,27,,,,,,18,23,16,7,17,13,24,15,,5,3,23,7,6,8,3,1,5,5,7,3,,2,20,5,3,5,11,6,,5,23,14,8,10,9,1,12,14,18,16,2,,,14,13,20,16,,,,,
Corrientes,PASO DE LOS LIBRES,Privado,Urbano,9,9,9,1,,,,,7,7,8,5,6,6,9,9,,3,1,9,1,2,1,3,2,1,2,4,2,,1,,8,4,3,3,,,,8,6,3,4,2,,,9,4,3,,1,,5,3,6,2,,3,3,2,
Corrientes,SALADAS,Estatal,Rural,39,39,38,,1,,,,18,25,13,5,15,15,23,13,,2,,24,11,8,8,4,2,7,6,8,5,,,17,,1,,2,5,4,5,13,10,6,12,6,,15,24,6,6,,,,8,3,26,7,,,,,
Corrientes,SALADAS,Estatal,Urbano,16,16,16,1,,,,,13,10,6,4,9,5,12,6,,2,3,12,8,1,1,1,1,1,1,1,1,,,14,1,2,2,4,2,2,8,11,10,4,6,6,1,13,2,12,12,,,,13,12,13,10,,,,,
Corrientes,SAN COSME,Estatal,Rural,28,28,27,,1,,,,16,16,10,5,8,11,19,13,,1,,18,6,3,5,3,2,1,2,6,3,,,14,1,,,3,11,,1,10,11,7,5,7,,19,9,7,6,,,1,7,5,23,7,,,,,
Corrientes,SAN COSME,Estatal,Urbano,18,18,18,,,,,,10,10,6,2,7,7,10,9,,,,9,2,6,4,2,1,3,2,4,2,,,8,5,,,5,5,2,1,8,5,3,2,3,1,5,12,2,2,,,,6,3,13,8,,,,,
Corrientes,SAN LUIS DEL PALMAR,Estatal,Rural,48,47,37,1,8,,,1,19,22,12,5,10,9,33,8,,4,1,22,11,1,1,,,2,1,3,1,,,22,1,,2,1,17,3,,17,18,5,11,2,1,7,40,13,13,,,,4,2,29,9,,,,,
Corrientes,SAN LUIS DEL PALMAR,Estatal,Urbano,10,10,10,,,,,,8,10,5,5,4,4,7,5,,1,3,9,2,3,3,1,1,2,1,1,,,,7,1,,1,2,1,2,2,8,5,4,5,3,2,4,4,5,5,,,,6,4,7,5,,,,,
Corrientes,SAN MARTIN,Estatal,Rural,34,28,23,,5,,,,11,16,7,2,10,6,19,7,,1,2,13,6,3,4,1,,4,2,4,2,,,10,4,1,1,3,6,4,,10,9,1,4,1,,8,26,13,12,,,1,3,2,25,10,,,,,
Corrientes,SAN MARTIN,Estatal,Urbano,9,9,9,,,,,,6,9,2,2,5,4,7,6,,1,1,7,2,2,2,,,1,1,,,,,8,,,,5,1,1,2,8,7,4,2,4,1,4,4,6,6,,,,4,3,7,2,,,,,
Corrientes,SAN MIGUEL,Estatal,Rural,21,21,21,,1,,,,10,18,7,6,5,5,15,6,,2,2,14,6,2,2,1,1,1,1,2,2,,,7,1,,1,3,2,2,,7,6,2,2,2,,12,9,4,3,,,1,4,3,10,4,,,,,
Corrientes,SAN MIGUEL,Estatal,Urbano,8,8,8,,,,,,3,6,3,5,1,3,6,2,,1,2,6,3,1,1,,,,1,,,,1,5,,,,3,,2,2,5,3,2,3,2,,6,2,4,4,,,,2,2,3,2,,,,,
Corrientes,SAN ROQUE,Estatal,Rural,30,30,27,,2,,,1,16,24,14,8,14,11,24,10,,3,2,17,10,5,3,2,2,5,4,6,3,,,23,1,,1,1,17,4,2,18,15,5,14,7,,17,13,16,16,,,,8,5,27,14,,,,,
Corrientes,SAN ROQUE,Estatal,Urbano,16,16,16,,,,,,12,12,6,7,10,8,13,8,,1,3,12,6,5,5,3,3,5,3,3,2,,,2,10,,2,7,1,,3,10,6,3,5,3,2,10,4,7,7,,,,7,5,13,5,,,,,
Corrientes,SANTO TOME,Estatal,Rural,28,28,28,,,,,,18,23,7,8,9,14,26,12,,4,,17,6,11,13,4,4,5,8,14,9,,,19,1,1,2,6,10,,3,16,14,5,6,4,1,5,22,9,8,,,1,12,3,25,8,,,,,
Corrientes,SANTO TOME,Estatal,Urbano,44,42,42,,,,,,26,34,18,10,21,14,36,23,,12,6,34,22,9,7,3,2,6,5,8,5,,6,29,7,8,8,19,4,4,5,32,18,10,8,13,5,16,23,26,25,,,1,24,18,39,21,,,,,
Corrientes,SANTO TOME,Privado,Urbano,14,14,14,2,,,,,11,12,7,7,7,7,14,8,,3,,14,,2,3,,4,3,1,6,5,,,,14,8,3,3,2,,4,14,8,7,6,10,1,,13,8,5,,3,,11,9,14,8,,8,7,6,3
Corrientes,SAUCE,Estatal,Rural,23,21,21,,,,,,7,12,8,6,12,5,12,7,,2,,17,7,2,3,2,3,3,2,3,1,,,18,2,,,6,9,4,5,7,16,4,7,4,,13,10,3,3,,,,4,,13,4,,,,,
Corrientes,SAUCE,Estatal,Urbano,10,10,10,,,,,,6,9,3,1,5,4,7,8,,2,1,8,7,3,,,,2,2,,3,,,7,2,,1,6,3,,1,5,7,3,4,4,,9,1,2,1,,,1,4,3,10,4,,,,,
Entre Ríos,COLON,Estatal,Rural,34,34,34,,,,,,23,32,18,9,22,14,30,21,,2,1,25,16,3,7,4,1,5,1,5,6,,,11,9,2,2,8,7,2,2,19,12,5,6,3,4,26,4,20,19,,,1,14,2,22,4,,,,,
Entre Ríos,COLON,Estatal,Urbano,42,42,42,1,,,,,33,39,25,5,32,27,41,24,,9,3,40,16,13,15,5,2,14,13,10,6,,2,17,20,9,3,20,3,7,5,35,25,15,8,9,10,20,12,35,35,,,,20,8,31,19,,,,,
Entre Ríos,COLON,Privado,Urbano,10,10,10,,,,,,9,10,7,,10,9,10,9,,1,,10,,5,2,1,,5,4,4,4,,,,10,7,2,6,1,1,,10,8,3,5,4,2,,8,10,9,1,,,4,3,7,5,2,6,3,4,
Entre Ríos,CONCORDIA,Estatal,Rural,41,41,41,,,,,,33,34,19,6,29,22,36,26,,19,1,31,12,11,14,7,2,11,9,12,6,,6,5,15,,1,11,5,3,,19,6,7,6,5,1,18,22,26,23,,,3,16,2,29,12,,,,,
Entre Ríos,CONCORDIA,Estatal,Urbano,96,96,96,,,,,,77,76,46,15,68,48,82,62,,31,5,83,36,42,28,9,4,25,26,19,19,,11,34,43,25,7,34,8,11,8,73,37,42,37,20,19,27,50,77,75,,1,1,42,25,81,54,,,,,
Entre Ríos,CONCORDIA,Privado,Urbano,47,47,47,,,,,,41,40,30,21,37,36,42,32,,10,3,43,5,9,10,2,4,9,7,7,4,,,3,43,20,15,26,8,4,5,46,37,23,30,23,1,,46,35,29,3,1,2,20,15,32,18,,15,20,14,3
Entre Ríos,DIAMANTE,Estatal,Rural,45,45,44,,,,,1,30,40,18,11,26,26,42,27,,6,,32,17,8,9,3,3,7,7,9,4,,1,11,15,,1,10,14,2,,16,16,4,7,2,9,18,18,34,33,1,,,11,3,27,4,,,,,
Entre Ríos,DIAMANTE,Estatal,Urbano,34,34,34,,,,,,23,29,22,4,26,19,28,14,,9,2,29,9,10,8,3,1,7,7,7,4,,6,11,15,9,2,13,,4,8,25,12,10,8,7,3,13,18,20,19,1,,,16,5,26,15,,,,,
Entre Ríos,DIAMANTE,Privado,Rural,4,4,4,,,,,,4,3,3,,4,4,4,4,,,,3,,2,2,2,,2,2,2,2,,,1,2,,,1,2,,,2,1,,,,1,,3,3,3,,,,1,1,3,2,,2,3,1,
Entre Ríos,DIAMANTE,Privado,Urbano,14,14,14,1,,,,,12,14,11,8,14,13,13,6,,4,1,13,,5,5,3,,6,5,2,2,,,,14,4,1,3,3,5,,14,13,9,13,9,,2,12,10,5,3,2,,8,7,12,9,,4,5,5,2
Entre Ríos,Enmascarado,Privado,Rural,8,8,8,1,,,,,4,4,3,2,5,4,5,5,,,,5,,1,1,1,1,2,1,1,2,,,1,5,1,1,1,1,,2,5,4,1,3,1,1,1,6,4,4,,,,2,1,6,2,,4,4,2,
Entre Ríos,Enmascarado,Privado,Urbano,13,13,13,,,,,,8,12,9,4,10,7,10,9,,,,11,2,4,4,3,2,6,3,3,5,,,,13,1,3,6,3,1,,13,5,8,9,2,1,1,11,7,7,,,,1,1,11,7,2,8,7,3,2
Entre Ríos,FEDERACION,Estatal,Rural,55,55,52,,,,1,3,46,43,28,6,34,32,53,38,,5,,40,12,14,13,4,3,14,12,14,12,,1,12,16,2,1,4,14,8,1,23,16,6,11,3,14,28,13,31,31,,,,16,4,42,12,,,,,
Entre Ríos,FEDERACION,Estatal,Urbano,41,41,41,,,,,,30,31,20,10,21,19,36,19,,7,3,37,10,16,10,3,2,8,12,6,5,,5,22,12,4,1,19,6,3,3,33,17,16,13,10,14,15,12,34,33,1,,,20,9,28,20,,,,,
Entre Ríos,FEDERACION,Privado,Urbano,15,15,15,,,,,,15,14,14,5,13,14,15,12,,5,,15,1,9,8,3,1,10,9,4,9,,3,5,10,4,1,10,3,2,,15,11,11,9,5,2,2,11,14,13,1,,,7,5,13,11,,8,8,6,1
Entre Ríos,FEDERAL,Estatal,Rural,47,47,46,,,,1,,27,36,16,5,17,21,40,22,,3,,24,17,6,11,8,3,4,5,10,6,,,2,5,1,,1,3,1,2,6,2,3,,2,2,5,40,20,19,1,,,12,2,26,4,,,,,
Entre Ríos,FEDERAL,Estatal,Urbano,24,24,24,,,,,,17,20,16,1,17,14,22,13,,,1,18,7,9,10,4,1,10,7,11,5,,,,15,2,1,5,6,2,,15,2,9,5,7,4,4,16,13,12,1,,,11,7,19,11,,,,,
Entre Ríos,FELICIANO,Estatal,Rural,25,25,25,,,,,,17,20,12,3,10,13,18,12,,1,,12,5,5,4,3,1,4,3,4,2,,,4,5,1,,3,6,1,1,9,7,3,2,1,,7,18,14,12,2,,,10,1,16,4,,,,,
Entre Ríos,FELICIANO,Estatal,Urbano,12,12,12,,,,,,11,10,6,3,7,5,12,9,,3,2,9,4,6,2,,1,,3,5,3,,1,,11,,3,3,3,2,1,11,6,2,4,1,4,1,7,9,9,,,,4,1,10,5,,,,,
Entre Ríos,GUALEGUAY,Estatal,Rural,40,40,39,,1,,,,19,27,16,3,13,10,34,13,,6,2,27,9,1,5,3,1,1,2,7,,,,7,19,2,,3,16,3,4,11,20,,3,1,7,6,27,16,16,,,,8,1,22,4,,,,,
Entre Ríos,GUALEGUAY,Estatal,Urbano,36,36,36,,,,,,29,31,23,9,22,23,33,18,,5,,29,13,16,14,5,2,9,11,10,7,,2,15,16,7,5,17,3,5,4,31,17,17,11,10,10,8,18,24,24,,,,18,11,29,26,,,,,
Entre Ríos,GUALEGUAY,Privado,Urbano,9,9,9,,,,,,6,8,6,6,6,5,8,4,,,,7,2,1,3,1,1,2,2,2,1,,,1,8,2,2,5,,,3,9,7,6,7,2,,,9,9,9,,,,2,2,6,5,,3,4,3,2
Entre Ríos,GUALEGUAYCHU,Estatal,Rural,75,75,75,1,,,,,34,62,30,12,27,17,70,33,,6,1,45,14,4,14,5,2,5,2,13,6,,1,17,15,,1,7,17,4,5,20,26,7,11,5,4,26,45,38,34,2,,2,27,6,48,12,,,,,
Entre Ríos,GUALEGUAYCHU,Estatal,Urbano,57,57,57,,,,,,47,54,31,10,33,32,54,27,,15,5,49,14,24,19,2,2,13,17,7,5,,4,20,29,10,9,26,4,7,5,49,27,29,21,17,15,23,19,44,43,,,1,20,11,48,31,,,,,
Entre Ríos,GUALEGUAYCHU,Privado,Urbano,45,45,45,,1,,,,35,40,30,16,32,28,42,27,,3,,41,8,13,14,2,4,10,10,5,7,,1,2,42,11,6,31,5,1,3,44,34,24,23,7,2,2,41,34,29,2,3,,9,7,31,23,2,18,14,16,5
Entre Ríos,ISLAS DEL IBICUY,Estatal,Rural,32,32,30,2,,,,,22,25,9,1,20,19,29,14,,2,1,26,1,10,8,2,,7,9,6,3,,1,8,7,1,1,5,7,2,,13,2,4,4,2,5,8,19,18,18,,,,9,3,24,13,,,,,
Entre Ríos,ISLAS DEL IBICUY,Estatal,Urbano,5,5,5,,,,,,5,4,4,,4,2,5,1,,,1,5,1,2,,,,2,1,,,,,,5,,1,3,,1,,5,1,1,,1,2,1,2,4,3,1,,,1,,4,1,,,,,
Entre Ríos,LA PAZ,Estatal,Rural,84,84,83,1,,,,1,52,61,31,10,34,38,68,40,,5,2,55,18,12,14,3,2,9,8,10,7,,1,9,19,1,,10,14,5,1,23,13,2,11,4,6,22,56,35,32,2,,1,23,1,43,8,,,,,
Entre Ríos,LA PAZ,Estatal,Urbano,39,39,39,,,,,,28,29,22,9,17,17,30,17,,3,2,26,8,13,8,2,1,7,9,5,6,,,16,14,9,4,14,4,1,1,28,13,13,9,7,6,9,24,26,24,1,,1,16,8,29,22,,,,,
Entre Ríos,LA PAZ,Privado,Urbano,18,18,18,,,,,,13,15,13,5,10,7,17,6,,,1,16,,6,3,,1,2,2,3,,,,,18,9,2,7,2,1,,18,10,9,10,1,,1,17,14,10,3,,1,2,2,14,11,,7,8,8,2
Entre Ríos,NOGOYA,Estatal,Rural,89,89,83,,,,1,7,56,57,32,12,48,35,78,48,,7,4,43,25,9,13,4,2,12,7,16,6,,1,64,17,6,6,18,41,12,7,34,72,13,20,6,11,34,44,30,29,1,,,33,5,55,12,,,,,
Entre Ríos,NOGOYA,Estatal,Urbano,22,22,22,,,,,,17,17,11,7,14,12,20,14,,,1,18,9,8,7,2,2,7,7,6,2,,,14,4,8,2,10,2,2,2,16,15,10,4,8,7,5,10,13,12,,,1,12,8,18,13,,,,,
Entre Ríos,NOGOYA,Privado,Urbano,15,15,15,,,,,,14,11,10,5,11,9,15,11,,2,,15,,8,5,5,2,7,5,6,5,,,1,14,4,3,9,1,,,15,7,7,7,8,4,,11,12,10,1,1,,10,8,11,9,2,6,4,5,2
Entre Ríos,PARANA,Estatal,Rural,98,97,97,,,,,,60,85,40,15,51,40,88,54,,20,2,63,23,15,32,10,7,17,12,22,19,,4,31,35,4,2,14,32,11,6,45,47,21,21,9,11,55,32,57,55,2,,,31,9,70,25,,,,,
Entre Ríos,PARANA,Estatal,Urbano,197,197,197,,1,,,,156,155,94,32,129,108,162,88,,46,13,153,58,80,57,8,4,56,52,31,28,,20,75,74,39,16,69,30,25,12,140,85,75,60,61,30,80,87,139,130,4,2,3,101,55,157,97,,,,,
Entre Ríos,PARANA,Privado,Rural,4,4,4,,,,,,3,3,2,2,4,4,4,4,,3,,4,,,,,,1,1,,,,,,4,1,,2,2,1,,4,3,2,2,,,1,3,2,1,1,,,1,,4,3,,3,3,1,
Entre Ríos,PARANA,Privado,Urbano,142,142,142,1,,,,,110,126,97,67,108,94,138,80,,26,6,133,7,44,40,14,14,42,37,34,30,,11,3,137,38,16,91,10,6,12,140,95,78,93,82,5,10,127,111,90,8,11,2,87,67,110,81,6,48,51,41,11
Entre Ríos,SAN SALVADOR,Estatal,Rural,16,16,16,,,,,,12,14,9,1,8,12,15,4,,5,,9,4,3,4,2,,3,3,3,,,1,2,4,,,3,2,,1,4,2,2,,,5,8,3,8,8,,,,3,,13,2,,,,,
Entre Ríos,SAN SALVADOR,Estatal,Urbano,13,13,13,,,,,,8,10,8,1,7,4,9,9,,3,1,9,2,5,4,3,1,3,3,4,4,,2,1,10,1,,5,3,2,2,10,7,6,6,4,2,2,9,9,9,,,,5,4,9,7,,,,,
Entre Ríos,TALA,Estatal,Rural,33,33,33,,,,,,21,19,6,3,16,15,29,22,,4,,18,10,6,5,2,2,6,4,8,5,,,2,4,,1,1,3,2,,5,4,2,2,2,5,6,22,11,11,,,,9,,20,2,,,,,
Entre Ríos,TALA,Estatal,Urbano,27,27,27,,,,,,22,24,15,7,22,21,25,22,,5,1,23,7,9,9,6,3,7,6,6,6,,,4,18,4,3,6,6,4,1,20,10,11,5,5,4,9,14,18,16,1,,1,11,5,20,10,,,,,
Entre Ríos,TALA,Privado,Urbano,6,6,6,,,,,,6,6,2,1,3,2,6,4,,2,,5,,2,,,,1,,1,1,,,,6,1,1,2,1,,4,6,2,4,4,2,1,,5,4,3,1,,,3,2,5,4,,3,3,2,1
Entre Ríos,URUGUAY,Estatal,Rural,72,72,71,1,,,,1,38,60,33,14,35,25,63,31,,4,2,49,19,10,15,5,3,9,3,11,10,,1,14,25,3,4,8,14,7,5,33,23,11,13,7,9,44,19,30,30,,,,18,6,41,15,,,,,
Entre Ríos,URUGUAY,Estatal,Urbano,57,57,57,,,,,,43,49,27,10,46,38,52,28,,6,6,51,19,21,20,7,5,17,21,16,9,,3,17,34,23,13,18,2,8,1,49,23,22,14,15,11,30,16,43,41,1,,1,29,17,48,29,,,,,
Entre Ríos,URUGUAY,Privado,Rural,5,5,5,,,,,,3,3,4,1,4,3,5,3,,,,4,,,,1,1,3,2,2,1,,,,4,,,4,,,,4,1,3,2,1,,1,4,4,3,1,,,2,2,5,4,,2,3,2,
Entre Ríos,URUGUAY,Privado,Urbano,25,25,25,,,,,,21,22,19,15,20,16,24,17,,3,,23,,7,6,4,3,9,7,4,7,,2,,24,6,9,11,2,2,2,24,18,16,14,13,1,,24,22,21,,1,,15,13,22,15,1,12,10,10,2
Entre Ríos,VICTORIA,Estatal,Rural,51,49,29,11,17,,,2,41,39,16,10,31,26,41,30,,6,3,30,24,5,10,3,1,4,3,9,5,,1,3,2,,,3,2,,1,5,1,,1,1,1,10,40,14,14,,,,9,,21,,,,,,
Entre Ríos,VICTORIA,Estatal,Urbano,30,30,30,,,,,,30,21,11,5,20,18,23,19,,2,1,25,8,7,5,2,1,8,8,7,8,,,8,11,11,4,5,1,4,1,19,12,7,5,4,7,2,21,20,20,,,,7,6,23,17,,,,,
Entre Ríos,VICTORIA,Privado,Urbano,8,8,8,,,,,,7,7,3,3,7,6,8,5,,,,7,1,2,1,1,,2,3,5,2,,,,8,5,1,3,,1,,8,2,5,5,4,,,8,7,6,1,,,5,4,5,5,,3,3,3,2
Entre Ríos,VILLAGUAY,Estatal,Rural,93,93,90,,,,1,2,58,64,27,14,44,42,80,35,,4,3,41,24,13,11,3,2,8,8,11,6,,,2,20,1,,7,5,7,3,16,10,3,4,,16,23,54,27,24,1,2,,17,1,47,11,,,,,
Entre Ríos,VILLAGUAY,Estatal,Urbano,32,32,30,,,,,2,18,25,13,3,21,11,21,17,,1,2,20,10,12,12,1,1,8,7,5,9,,1,7,13,7,,10,7,1,3,20,9,11,6,5,6,10,16,19,19,,,,11,6,20,14,,,,,
Entre Ríos,VILLAGUAY,Privado,Urbano,8,8,8,,,,,,6,4,3,2,7,7,8,6,,2,,8,,3,3,2,2,3,4,3,2,,1,,8,4,,1,,3,1,8,4,3,3,3,,,8,4,3,,,1,2,2,4,3,,3,3,4,1
Formosa,BERMEJO,Estatal,Rural,115,88,78,10,,,,,25,18,7,7,8,12,34,5,,9,,27,13,5,2,1,1,1,2,5,,,,61,,,,2,31,23,6,33,43,9,22,6,17,32,66,73,73,,,,7,1,37,8,,,,,
Formosa,BERMEJO,Estatal,Urbano,8,8,8,,,,,,4,4,2,1,1,1,6,2,,1,,4,1,1,,,,,,1,,,,7,,,,1,6,,,7,5,,,1,2,3,3,6,6,,,,4,3,5,3,,,,,
Formosa,Enmascarado,Privado,Rural,4,4,4,,,,,,4,3,2,1,1,1,4,1,,1,,4,1,,,,,,,,,,,2,2,1,,1,1,1,,3,1,1,1,1,2,1,1,2,2,,,,1,1,3,2,,3,2,3,
Formosa,Enmascarado,Privado,Urbano,9,9,9,,,,,,5,4,2,,3,2,6,3,,1,,7,1,,,,,,,,,,,4,4,3,1,2,1,1,2,8,2,1,3,1,1,1,7,4,4,,,,3,3,8,2,1,7,6,4,
Formosa,FORMOSA,Estatal,Rural,37,35,34,1,,,,,26,21,11,4,15,12,18,13,,6,,29,13,10,6,4,2,6,5,3,3,,,29,,1,1,9,14,5,,21,20,9,15,9,9,4,24,31,31,,,,12,8,20,11,,,,,
Formosa,FORMOSA,Estatal,Urbano,162,162,162,1,,,,,101,131,55,29,64,51,119,86,,23,9,141,95,49,50,14,10,27,23,19,30,,11,156,1,15,8,93,46,18,27,145,110,82,83,60,58,6,98,147,146,,,1,73,54,135,102,,,,,
Formosa,FORMOSA,Privado,Urbano,35,35,35,,,,,,29,29,19,18,21,19,31,22,,6,2,33,6,5,4,4,4,5,4,5,6,,1,6,26,12,6,17,1,3,5,32,19,10,16,17,1,,34,15,8,3,3,1,19,17,23,15,,16,9,8,3
Formosa,LAISHI,Estatal,Rural,47,47,46,,,,,1,27,18,5,5,8,10,24,10,,8,,28,10,3,5,,,,,2,2,,1,29,,1,1,4,17,5,2,21,19,4,15,4,20,4,23,31,31,,,,5,2,17,4,,,,,
Formosa,LAISHI,Estatal,Urbano,14,14,14,,,,,,8,11,7,3,5,6,10,5,,1,,10,5,4,4,,,2,3,2,1,,,12,,,,3,7,2,2,11,11,7,9,6,5,1,8,12,12,,,,6,6,11,7,,,,,
Formosa,MATACOS,Estatal,Rural,32,7,,5,3,,,,4,1,1,,2,2,4,,,1,,3,1,,1,1,,,,1,,,,3,,,,,1,2,,2,2,,,,7,7,18,22,22,,,,2,,8,2,,,,,
Formosa,MATACOS,Estatal,Urbano,22,21,21,,,,,,4,8,4,3,3,1,8,4,,3,,12,8,4,2,1,1,1,,3,2,,1,15,,2,,3,9,,2,14,6,3,7,3,9,6,7,19,19,,,,8,6,11,9,,,,,
Formosa,PATIÑO,Estatal,Rural,222,177,167,11,,,,,72,42,17,16,27,35,76,37,,16,7,90,30,15,10,6,2,6,9,12,5,,5,85,,3,,1,50,23,11,56,58,20,30,15,57,48,117,163,163,,,,28,8,98,27,,,,,
Formosa,PATIÑO,Estatal,Urbano,86,85,85,,,,,,28,45,16,14,18,19,44,24,,3,1,57,33,10,11,4,2,7,7,11,6,,1,68,,,2,10,38,16,3,54,42,27,29,20,38,16,32,79,79,,,,30,18,58,31,,,,,
Formosa,PATIÑO,Privado,Urbano,9,9,9,,,,,,5,2,1,,1,,4,3,,,,4,,1,,,,,,,1,,,5,1,1,,2,3,1,,5,3,3,3,6,1,,8,2,2,,,,5,5,5,5,,7,4,3,1
Formosa,PILAGAS,Estatal,Rural,63,59,59,,,,,,28,19,9,10,13,14,29,24,,4,,30,15,6,4,2,7,7,3,4,8,,,30,,,,1,18,9,4,21,22,5,8,5,25,7,31,51,51,,,,11,4,36,7,,,,,
Formosa,PILAGAS,Estatal,Urbano,18,18,18,,,,,,10,12,2,1,5,5,8,4,,,,15,13,3,3,,,2,2,2,2,,,15,,,,2,11,1,1,14,10,9,7,4,4,3,11,17,17,,,,6,2,14,8,,,,,
Formosa,PILCOMAYO,Estatal,Rural,95,89,88,,1,,,,45,45,18,10,35,21,41,26,,8,,53,23,14,17,5,3,8,4,14,5,,1,29,,,,3,21,5,,20,14,7,10,8,25,6,64,82,82,,,,17,8,61,21,,,,,
Formosa,PILCOMAYO,Estatal,Urbano,65,65,65,,,,,,40,40,12,15,29,21,42,29,,9,3,52,22,12,16,4,6,9,7,7,12,,5,47,8,7,5,13,21,13,1,54,40,22,22,18,20,10,35,57,57,,,,25,13,50,30,,,,,
Formosa,PILCOMAYO,Privado,Urbano,9,9,9,,,,,,7,5,5,3,4,6,6,5,,2,2,6,1,1,1,,,1,1,1,1,,,1,5,2,1,1,,1,1,5,2,1,3,4,,,9,3,3,,,,5,4,2,2,3,7,3,4,2
Formosa,PIRANE,Estatal,Rural,156,148,147,2,,,,,70,46,22,13,26,32,81,46,,14,2,66,31,16,10,3,4,7,8,12,9,,2,89,2,2,2,2,70,7,9,61,69,18,40,6,37,11,108,120,119,,,1,27,4,68,17,,,,,
Formosa,PIRANE,Estatal,Urbano,67,67,67,,,,,,36,50,21,14,21,17,45,31,,7,2,59,29,14,16,5,2,6,6,11,9,,4,53,2,6,6,5,30,7,4,46,41,29,33,26,21,17,29,62,61,,,1,37,20,49,29,,,,,
Formosa,RAMON LISTA,Estatal,Rural,100,95,95,,,,,,16,35,7,5,1,4,40,4,,1,,27,18,8,10,1,,,1,12,2,,,26,1,2,,2,9,11,3,22,15,5,11,5,8,50,42,63,63,,,,10,2,48,16,,,,,
Formosa,RAMON LISTA,Estatal,Urbano,10,10,10,,,,,,3,4,1,,3,3,3,1,,2,,3,3,1,1,,,,,,,,,7,,,,,2,5,,6,5,3,6,3,,5,5,6,6,,,,2,,5,4,,,,,
Jujuy,COCHINOCA,Estatal,Rural,36,36,33,1,3,,,,31,27,10,6,17,26,32,9,,16,2,27,7,4,3,1,,1,3,2,1,,,31,,,1,3,27,1,,16,13,5,11,4,1,19,16,30,30,,,,12,5,26,14,,,,,
Jujuy,COCHINOCA,Estatal,Urbano,12,12,12,,,,,,9,11,5,7,7,9,9,4,,,2,11,5,3,2,1,2,2,3,1,,,,1,4,,,3,,2,,5,1,1,2,1,3,8,1,10,8,1,1,,7,4,10,9,,,,,
Jujuy,DOCTOR MANUEL BELGRANO,Estatal,Rural,22,22,22,,,,,,13,17,10,3,9,10,19,6,,6,1,14,6,7,3,,,4,4,1,2,,2,14,,,2,4,9,,,12,13,4,5,2,,9,13,21,21,,,,8,2,17,12,,,,,
Jujuy,DOCTOR MANUEL BELGRANO,Estatal,Urbano,153,153,153,1,,,,1,120,133,61,29,84,81,129,43,,12,5,135,55,41,36,9,4,28,30,32,6,,3,56,59,47,20,65,5,10,6,111,63,57,45,51,23,70,60,122,119,1,1,1,64,46,126,82,,,,,
Jujuy,DOCTOR MANUEL BELGRANO,Privado,Urbano,68,68,68,1,,,,,54,57,49,39,51,42,65,39,,11,5,61,11,14,16,11,10,14,11,15,6,,2,3,60,26,12,36,,5,11,63,49,29,39,32,1,,67,52,36,4,11,1,33,29,42,23,4,11,11,10,3
Jujuy,EL CARMEN,Estatal,Rural,24,24,24,,,,,,19,15,6,4,8,11,22,7,,3,,18,7,4,2,,2,2,1,1,3,,,5,4,3,1,5,3,1,1,7,4,1,4,1,,11,13,23,23,,,,8,3,14,9,,,,,
Jujuy,EL CARMEN,Estatal,Urbano,53,53,53,,,,,,43,45,22,16,29,32,48,14,,2,5,46,23,20,8,4,2,7,9,8,3,,,4,29,16,4,14,,1,2,33,9,11,9,14,5,25,23,45,44,,1,,18,15,44,33,,,,,
Jujuy,EL CARMEN,Privado,Urbano,9,9,9,,,,,,7,5,5,3,6,6,8,3,,1,1,8,1,3,3,2,1,3,3,4,2,,,,9,5,2,5,,1,,8,4,3,6,3,,,9,9,7,,2,,5,5,8,7,1,3,2,2,1
Jujuy,Enmascarado,Privado,Rural,3,3,3,,,,,,1,1,1,1,2,2,2,1,,1,,1,,1,,,,1,1,1,1,,1,,2,,,,1,1,,2,1,,,,,,3,2,2,,,,,,1,1,,,,,
Jujuy,Enmascarado,Privado,Urbano,11,11,11,,,,,,9,7,5,3,7,5,10,2,,1,,11,,3,2,2,1,3,3,4,1,,,,9,4,2,3,1,2,1,9,6,6,7,4,2,,9,10,6,3,,1,4,4,10,6,1,3,2,1,1
Jujuy,HUMAHUACA,Estatal,Rural,44,44,38,,6,,,1,33,38,13,15,19,24,41,9,,10,1,25,14,6,6,1,,4,5,4,1,,1,33,1,,1,7,26,2,1,18,26,6,11,4,,9,35,33,33,,,,13,8,27,10,,,,,
Jujuy,HUMAHUACA,Estatal,Urbano,17,17,17,,,,,,14,16,6,4,12,11,14,7,,2,3,14,6,5,3,1,,3,4,4,,,1,3,1,,1,,3,1,,4,2,1,3,2,2,10,5,13,12,,,1,10,8,13,9,,,,,
Jujuy,LEDESMA,Estatal,Rural,6,6,5,,1,,,,5,4,1,1,2,3,6,,,1,,5,2,,,,,,,,,,,2,3,1,,2,2,,,4,1,,1,,,1,5,4,4,,,,,,4,1,,,,,
Jujuy,LEDESMA,Estatal,Urbano,59,59,58,,1,,,,38,45,15,10,20,20,46,12,,2,2,49,17,14,12,3,1,3,3,8,,,1,7,23,5,4,20,1,2,2,29,7,12,10,10,6,34,19,40,40,,,,18,14,43,30,,,,,
Jujuy,LEDESMA,Privado,Urbano,9,9,9,,,,,,4,8,2,2,3,3,8,1,,1,1,8,1,1,1,,,1,1,2,,,,,7,1,,4,1,1,,7,3,1,3,5,,,9,6,5,1,,,5,4,3,2,,1,,2,1
Jujuy,PALPALA,Estatal,Rural,11,11,11,,,,,,7,10,3,3,5,3,11,5,,4,1,9,3,3,3,1,2,4,3,2,3,,1,6,,,,,6,,,2,5,1,,2,1,1,9,10,10,,,,3,1,8,4,,,,,
Jujuy,PALPALA,Estatal,Urbano,27,27,27,,,,,,24,23,13,5,14,15,25,10,,8,1,22,10,7,5,2,,3,4,3,2,,4,6,18,16,2,10,3,3,2,23,11,10,12,8,1,19,7,25,25,,,,14,9,22,15,,,,,
Jujuy,RINCONADA,Estatal,Rural,20,20,20,,,,,,16,17,8,4,9,11,18,7,,7,,13,3,2,3,1,1,1,1,1,2,,,16,1,,,2,15,1,1,10,7,3,7,2,,13,7,17,17,,,,4,4,14,6,,,,,
Jujuy,SAN ANTONIO,Estatal,Rural,8,8,8,,,,,,8,8,1,,5,7,8,2,,3,,8,5,3,2,,,2,2,,,,,3,1,,,1,2,1,,2,2,3,3,1,,2,6,6,6,,,,1,1,7,6,,,,,
Jujuy,SAN PEDRO,Estatal,Rural,22,22,22,,,,,,16,19,7,1,11,11,19,8,,3,1,20,7,4,2,,,3,3,1,2,,1,,,,,,,,,,,,,,,13,9,16,16,,,,3,1,15,7,,,,,
Jujuy,SAN PEDRO,Estatal,Urbano,55,55,55,,,,,,44,46,22,8,25,28,45,17,,5,3,49,25,20,14,5,3,10,13,12,5,,3,7,19,14,3,13,1,,4,25,10,12,11,12,5,26,24,48,47,1,,,22,20,43,24,,,,,
Jujuy,SAN PEDRO,Privado,Urbano,13,13,13,,,,,,12,8,8,1,9,6,10,4,,,,12,1,6,6,3,,4,1,5,2,,,,10,6,1,2,,3,,10,9,6,7,5,,,13,12,10,,2,,4,4,10,6,3,3,2,,1
Jujuy,SANTA BARBARA,Estatal,Rural,9,9,9,,,,,,7,8,2,,2,5,9,1,,1,2,7,1,3,2,1,,2,2,4,1,,1,4,1,,1,,3,1,,3,1,1,3,1,,3,6,7,7,,,,2,1,7,2,,,,,
Jujuy,SANTA BARBARA,Estatal,Urbano,14,14,13,,1,,,,11,13,6,1,8,7,11,4,,2,1,11,6,4,4,,,2,2,2,1,,,,2,2,,,,,,2,,,,1,1,8,5,7,7,,,,6,3,13,8,,,,,
Jujuy,SANTA CATALINA,Estatal,Rural,25,25,21,,3,,,1,20,19,3,4,10,16,23,2,,8,1,18,1,5,4,1,1,3,4,5,1,,,18,,1,,3,14,,,11,5,1,5,4,,14,11,18,18,,,,6,5,19,6,,,,,
Jujuy,SUSQUES,Estatal,Rural,19,19,14,2,3,,,,14,15,5,3,11,9,19,1,,3,2,12,4,8,6,,,3,3,2,1,,1,10,,1,,1,8,,1,3,4,3,3,2,,13,6,15,15,,,,2,2,14,6,,,,,
Jujuy,TILCARA,Estatal,Rural,20,20,13,,7,,,,16,15,2,1,9,8,17,3,,5,1,13,7,4,4,,,3,4,3,1,,1,8,1,,,1,8,,,8,6,2,3,3,1,2,17,17,17,,,,6,2,12,5,,,,,
Jujuy,TILCARA,Estatal,Urbano,11,11,11,,,,,,10,10,4,4,4,7,9,3,,,2,8,3,5,2,1,1,1,2,2,2,,,1,1,1,,,1,,,2,,1,,1,1,5,5,8,8,,,,5,5,9,7,,,,,
Jujuy,TUMBAYA,Estatal,Rural,21,21,17,,4,,,,18,16,6,4,10,13,20,3,,5,1,18,4,1,2,,1,2,1,2,,,,11,3,,,6,9,,,10,7,2,3,3,1,9,11,17,17,,,,4,1,14,5,,,,,
Jujuy,VALLE GRANDE,Estatal,Rural,14,14,10,3,1,,,,9,11,2,4,5,8,13,1,,8,1,9,2,,,,1,,,1,,,1,10,,,1,,9,,,6,1,,5,1,,4,10,6,5,,,1,5,3,11,6,,,,,
Jujuy,YAVI,Estatal,Rural,34,34,33,,1,,,,31,29,9,2,15,21,32,9,,15,1,28,7,3,4,2,,3,3,4,2,,2,25,1,,,3,21,2,1,13,13,5,10,3,,8,26,25,25,,,,10,2,26,7,,,,,
Jujuy,YAVI,Estatal,Urbano,16,16,16,,,,,,16,14,7,6,14,12,13,7,,5,2,16,4,11,7,2,2,9,8,2,2,,3,7,4,5,1,6,1,1,,10,3,3,3,4,2,13,1,10,10,,,,11,8,14,13,,,,,
La Pampa,ATREUCO,Estatal,Rural,9,9,9,,,,,,6,9,3,1,5,5,7,9,,2,,9,5,2,3,1,1,2,2,3,3,,1,8,1,1,2,4,1,3,1,6,8,2,5,5,,2,7,8,8,,,,5,5,4,3,,,,,
La Pampa,ATREUCO,Estatal,Urbano,10,10,10,,,,,,8,9,4,,6,7,8,5,,1,1,8,6,3,3,2,,1,1,2,2,,,10,,,1,8,3,1,1,8,9,5,7,4,,2,8,8,6,,1,1,1,1,6,5,,,,,
La Pampa,CALEU CALEU,Estatal,Rural,5,5,5,,,,,,3,3,1,,4,5,5,3,,1,,5,4,2,1,,,3,2,,1,,1,1,3,,,3,1,,,4,2,2,2,2,2,,3,4,4,,,,3,2,5,3,,,,,
La Pampa,CAPITAL,Estatal,Rural,6,6,6,,,,,,6,6,5,3,6,6,6,3,,1,,6,5,4,4,3,2,4,4,2,1,,1,5,,,,4,2,1,,3,5,2,2,1,2,2,2,5,5,,,,2,,5,3,,,,,
La Pampa,CAPITAL,Estatal,Urbano,103,103,103,,,,,,74,93,46,31,70,63,74,52,,25,3,92,66,32,37,7,9,33,32,14,17,,11,90,9,33,4,73,3,5,16,76,86,52,52,31,19,1,83,81,79,,1,1,32,17,73,49,,,,,
La Pampa,CAPITAL,Privado,Urbano,27,27,27,1,1,,,,22,18,16,14,21,12,21,19,,5,2,22,5,6,6,4,5,7,3,5,6,,2,,26,13,,21,2,,6,26,18,9,13,9,,,27,13,9,1,3,,8,8,22,11,,4,4,6,1
La Pampa,CATRILO,Estatal,Rural,7,7,7,,,,,,7,7,4,,3,4,4,4,,2,,7,5,1,2,1,,1,1,1,,,,5,1,,,4,1,2,,4,6,2,2,2,2,,5,3,3,,,,3,2,5,3,,,,,
La Pampa,CHAPALEUFU,Estatal,Rural,15,15,15,,,,,,12,11,8,5,11,7,12,9,,3,,14,11,2,2,,,1,,1,,,,7,6,2,,7,5,,2,11,13,4,7,3,9,,6,8,8,,,,5,3,7,3,,,,,
La Pampa,CHAPALEUFU,Estatal,Urbano,8,8,8,1,,,,,6,6,5,4,7,7,6,6,,3,2,7,6,1,2,1,1,3,3,2,2,,1,5,1,1,1,3,1,,1,6,5,4,4,3,1,,7,4,4,,,,2,2,7,4,,,,,
La Pampa,CHICAL CO,Estatal,Rural,7,7,7,1,,,,,5,3,3,2,3,4,6,1,,3,,5,4,,2,,1,1,1,2,,,,5,,,2,2,2,,1,5,3,2,3,2,,,7,4,4,,,,2,,4,2,,,,,
La Pampa,CONHELO,Estatal,Rural,12,12,12,,,,,,12,8,5,3,10,10,8,6,,8,,10,8,4,3,,,4,4,2,,,2,8,2,,2,6,4,1,,8,8,6,3,,3,1,8,7,7,,,,5,,9,6,,,,,
La Pampa,CONHELO,Estatal,Urbano,17,17,17,,,,,,15,13,8,5,14,12,15,11,,9,1,15,11,7,4,2,1,5,3,2,4,,4,15,1,6,4,9,2,1,1,14,15,9,8,5,9,2,6,10,10,,,,8,6,11,8,,,,,
La Pampa,CURACO,Estatal,Rural,6,6,6,,,,,,4,6,4,2,3,3,4,4,,1,,3,5,1,1,,,1,1,1,,,,5,,1,,1,2,1,,5,2,2,2,,,,6,3,3,,,,1,,5,2,,,,,
La Pampa,Enmascarado,Estatal,Rural,16,16,15,2,1,,,,10,12,8,4,9,5,9,9,,5,1,11,12,,3,,2,1,,,2,,,14,,4,,4,5,4,2,9,12,5,8,3,2,1,13,11,11,,,,4,1,9,4,,,,,
La Pampa,Enmascarado,Estatal,Urbano,20,20,20,,,,,,18,19,13,9,14,13,18,12,,7,2,18,14,5,6,2,1,4,6,1,1,,1,17,1,1,1,11,6,2,2,16,18,10,13,8,4,,16,15,14,,1,,8,6,12,5,,,,,
La Pampa,Enmascarado,Privado,Rural,4,4,4,,,,,,4,4,3,1,3,3,4,1,,1,1,4,,1,1,1,1,1,1,1,,,,2,2,,,4,,1,1,4,3,2,2,3,3,,1,2,1,,1,,4,2,4,1,,,,4,
La Pampa,Enmascarado,Privado,Urbano,20,20,20,1,,,,,17,20,17,6,15,14,20,8,,4,1,20,4,4,6,6,3,8,5,11,6,,,4,16,4,4,13,2,3,4,20,17,18,13,10,11,,9,14,10,2,,2,13,11,20,16,,5,5,17,2
La Pampa,GUATRACHE,Estatal,Rural,11,11,11,,,,,,10,10,8,1,9,7,10,8,,3,1,8,7,,,,,,,,,,,9,1,1,,9,2,1,,8,9,,3,1,1,1,9,10,10,,,,3,1,2,,,,,,
La Pampa,GUATRACHE,Estatal,Urbano,5,5,5,,,,,,5,5,5,2,4,4,5,5,,4,,5,4,2,2,3,1,2,1,2,2,,1,4,1,1,1,4,,,,5,4,3,3,2,,2,3,5,5,,,,2,2,4,3,,,,,
La Pampa,LOVENTUE,Estatal,Rural,11,11,11,1,,,,,9,9,3,3,7,7,8,9,,3,1,9,4,3,4,,,1,2,1,3,,1,7,1,1,2,4,1,1,2,8,8,4,5,1,1,,10,6,6,,,,7,2,9,3,,,,,
La Pampa,LOVENTUE,Estatal,Urbano,6,6,6,,,,,,6,6,6,1,3,4,6,1,,2,,5,2,3,4,4,1,3,3,4,1,,,5,1,,,4,2,,,6,5,6,4,5,2,,4,6,6,,,,4,1,6,2,,,,,
La Pampa,MARACO,Estatal,Rural,11,11,11,,,,,,11,9,6,1,6,6,7,5,,,1,7,6,,,,,,,,,,,8,1,1,,3,2,2,1,7,8,1,4,,1,,10,5,5,,,,,,5,1,,,,,
La Pampa,MARACO,Estatal,Urbano,47,47,47,,,,,,42,46,25,12,36,33,35,31,,11,3,42,29,19,17,1,,17,16,9,11,,6,37,5,23,9,16,3,5,5,39,33,26,26,13,10,1,36,35,34,,1,,16,12,38,25,,,,,
La Pampa,MARACO,Privado,Urbano,7,7,7,,,,,,6,6,5,3,5,4,7,3,,,,5,,2,1,,1,1,,2,,,,,7,4,1,5,2,2,,7,7,4,6,3,1,,6,5,2,2,1,,4,3,5,2,,4,4,3,1
La Pampa,PUELEN,Estatal,Rural,10,10,10,,,,,,7,10,6,2,7,6,6,5,,2,1,8,6,3,2,1,,2,1,,,,,8,,,,1,7,1,1,7,7,2,6,4,1,,9,5,5,,,,2,1,7,1,,,,,
La Pampa,PUELEN,Estatal,Urbano,11,11,11,,,,,,9,9,6,2,8,6,9,5,,3,,9,4,6,4,1,,4,4,1,2,,2,5,4,2,1,4,5,,1,8,7,6,5,6,1,1,9,9,9,,,,7,4,8,6,,,,,
La Pampa,QUEMU QUEMU,Estatal,Rural,8,8,8,,,,,,6,4,3,1,5,4,6,6,,4,,7,3,1,1,1,1,2,2,1,1,,1,6,2,,,5,2,,2,5,8,1,3,,1,,7,6,6,,,,1,1,3,2,,,,,
La Pampa,QUEMU QUEMU,Estatal,Urbano,8,8,8,,,,,,8,8,6,2,8,7,8,8,,5,,8,6,3,2,3,1,3,3,3,3,,1,3,5,,,4,2,2,,8,7,5,6,2,6,,2,7,7,,,,2,2,5,5,,,,,
La Pampa,RANCUL,Estatal,Rural,16,16,16,,,,,,9,14,10,7,8,4,11,9,,6,1,12,10,2,2,1,1,2,1,1,2,,1,11,3,1,,3,7,2,2,12,11,4,7,4,1,2,13,9,8,1,,,1,,6,2,,,,,
La Pampa,RANCUL,Estatal,Urbano,12,12,12,,,,,,11,11,9,6,10,6,9,6,,5,,11,7,3,3,3,2,2,2,3,3,,2,8,3,,,9,4,1,2,10,7,3,4,4,1,1,10,6,6,,,,4,4,7,3,,,,,
La Pampa,REALICO,Estatal,Rural,14,14,14,,,,,,14,14,10,6,12,10,11,10,,5,,14,13,1,2,,2,3,3,,1,,,9,5,,3,8,5,,,10,13,3,6,4,6,1,7,11,11,,,,4,4,8,4,,,,,
La Pampa,REALICO,Estatal,Urbano,15,15,15,,,,,,14,15,12,10,13,13,14,9,,7,1,15,10,4,5,3,4,6,5,3,4,,3,9,6,3,4,8,2,2,2,14,12,9,8,5,7,2,6,14,14,,,,7,6,11,9,,,,,
La Pampa,TOAY,Estatal,Urbano,12,12,12,,,,,,11,10,5,3,9,10,9,1,,1,1,9,7,4,3,,,1,2,1,1,,,11,,6,,4,1,3,1,8,9,6,8,3,3,,9,9,8,,1,,7,3,8,5,,,,,
La Pampa,TRENEL,Estatal,Rural,6,6,6,,,,,,6,5,3,4,3,3,4,4,,2,,5,4,1,,,,1,,1,,,,5,,1,,2,1,,2,4,5,,3,,1,1,4,2,2,,,,2,,3,,,,,,
La Pampa,UTRACAN,Estatal,Rural,14,14,14,,,,,,12,13,9,5,8,9,10,9,,2,,14,9,3,2,,,2,2,,3,,,10,,,1,4,2,4,,9,8,2,6,2,1,,13,6,6,,,,2,1,7,1,,,,,
La Pampa,UTRACAN,Estatal,Urbano,16,16,16,,,,,,16,16,10,7,14,15,13,11,,6,1,15,9,6,6,1,1,5,5,1,5,,2,13,2,7,3,8,,6,3,13,14,8,11,5,2,1,13,16,16,,,,6,3,14,8,,,,,
La Rioja,ARAUCO,Estatal,Rural,9,9,9,,,,,,5,5,2,1,5,4,5,3,,,,5,1,1,1,,,,,,,,,5,,,,1,2,,2,3,5,3,2,2,,,9,6,6,,,,3,1,5,,,,,,
La Rioja,ARAUCO,Estatal,Urbano,13,13,12,,,,,1,9,11,2,2,4,4,11,5,,1,1,11,3,5,5,,,,1,3,1,,1,12,,1,,7,1,2,2,12,9,9,6,7,1,1,11,4,4,,,,9,4,12,6,,,,,
La Rioja,CAPITAL,Estatal,Rural,26,26,25,,,,,1,18,19,7,4,7,11,21,11,,1,1,17,4,4,2,1,,,1,3,1,,,22,,2,1,4,15,1,1,19,18,8,12,2,,,26,16,16,,,,4,1,21,8,,,,,
La Rioja,CAPITAL,Estatal,Urbano,129,129,129,1,,,,,106,112,53,30,66,60,113,70,,36,7,108,43,45,35,13,6,21,19,19,19,,15,118,2,22,3,108,5,7,11,119,83,67,57,36,10,17,102,76,71,2,1,2,51,30,119,100,,,,,
La Rioja,CAPITAL,Privado,Urbano,29,29,29,,,,,,20,21,20,16,22,18,28,12,,10,1,29,5,,3,1,2,6,4,6,2,,1,1,27,10,3,23,2,3,5,28,27,15,20,11,,,29,16,11,2,3,,10,9,22,15,5,17,15,10,1
La Rioja,CASTRO BARROS,Estatal,Rural,15,15,15,,,,,,6,12,8,3,7,6,12,4,,2,2,10,4,2,4,2,3,3,3,3,1,,1,13,,,,10,3,,,13,8,5,5,4,,1,14,8,8,,,,4,2,12,6,,,,,
La Rioja,CHAMICAL,Estatal,Rural,28,27,23,,5,,,,20,15,6,4,8,9,19,10,,8,3,17,2,10,6,3,1,2,2,7,4,,2,13,,1,,3,10,1,,5,12,2,8,1,,1,27,11,10,,1,,4,,23,8,,,,,
La Rioja,CHAMICAL,Estatal,Urbano,14,14,14,,,,,,10,12,3,2,8,6,11,6,,2,1,12,1,3,3,,,4,1,1,2,,,13,,1,,12,1,1,,12,8,7,5,3,,,14,5,5,,,,5,2,14,11,,,,,
La Rioja,CHILECITO,Estatal,Rural,20,20,20,,,,,,12,17,8,2,8,6,15,7,,3,2,15,7,3,6,4,1,2,1,2,1,,1,15,,,1,5,4,3,3,12,10,4,7,3,,1,19,10,8,1,,1,5,3,17,7,,,,,
La Rioja,CHILECITO,Estatal,Urbano,39,39,39,,,,,,29,34,23,8,21,19,30,15,,6,5,34,17,15,13,3,3,11,10,7,8,,3,29,,5,4,23,3,2,1,29,20,15,15,15,7,2,30,17,13,,,4,21,13,36,24,,,,,
La Rioja,CORONEL FELIPE VARELA,Estatal,Rural,14,14,13,,1,,,,11,10,5,3,9,8,13,5,,1,,10,2,2,4,1,1,2,2,3,,,,11,,,,7,3,1,,9,6,3,2,2,,2,12,9,8,,,1,2,,10,4,,,,,
La Rioja,CORONEL FELIPE VARELA,Estatal,Urbano,12,12,12,,,,,,11,10,5,3,6,8,12,5,,4,3,9,5,3,2,1,,2,2,2,1,,1,12,,2,1,11,,1,2,12,11,9,11,5,1,,11,8,8,,,,5,4,12,7,,,,,
La Rioja,Enmascarado,Estatal,Rural,8,8,8,,,,,,4,4,2,1,4,4,5,3,,,1,4,,2,2,,,2,2,1,2,,,6,,1,,2,2,2,,6,5,3,3,2,,,8,3,3,,,,1,1,6,3,,,,,
La Rioja,Enmascarado,Estatal,Urbano,20,20,20,,,,,,18,18,10,4,11,14,20,7,,5,2,16,5,8,8,4,2,4,4,3,1,,3,20,,1,3,17,,2,1,20,19,11,15,6,1,,19,8,7,,,1,7,4,18,13,,,,,
La Rioja,Enmascarado,Privado,Rural,6,6,6,,,,,,1,2,2,,,,2,,,,1,2,1,,,,,,,,,,,2,,,,2,,,,2,1,1,1,1,,,6,1,,,,1,1,,3,2,,,,2,
La Rioja,Enmascarado,Privado,Urbano,11,11,11,,,,,,7,7,8,4,5,3,9,7,,2,1,9,3,5,3,2,1,2,2,3,2,,,7,2,1,3,6,1,,1,9,4,4,4,5,,,11,5,2,,1,2,6,5,10,7,1,4,3,3,2
La Rioja,FAMATINA,Estatal,Rural,31,31,31,,,,,,13,17,8,2,7,10,14,7,,2,2,13,9,6,5,1,,1,2,2,,,,23,,1,1,6,17,1,3,20,16,4,10,5,4,4,23,16,16,,,,5,3,21,5,,,,,
La Rioja,GENERAL ANGEL V PEÑALOZA,Estatal,Rural,26,26,26,,,,,,18,20,9,6,10,9,17,8,,3,2,17,6,6,5,1,,3,2,5,1,,1,20,,,,9,8,4,1,14,19,6,10,4,,2,24,17,17,,,,8,3,21,6,,,,,
La Rioja,GENERAL BELGRANO,Estatal,Rural,29,28,28,,,,,,21,25,9,10,17,10,23,15,,4,1,22,9,10,11,8,5,7,5,9,4,,,23,,1,,4,16,3,1,14,23,4,11,4,1,,28,6,6,,,,4,1,18,4,,,,,
La Rioja,GENERAL JUAN F QUIROGA,Estatal,Rural,37,35,33,,2,,,,26,28,14,7,20,16,26,21,,7,2,24,16,4,4,4,2,4,4,4,4,,1,21,,1,1,7,12,1,2,14,18,3,8,2,,1,36,20,20,,,,7,2,30,5,,,,,
La Rioja,GENERAL OCAMPO,Estatal,Rural,38,36,35,,1,,,,29,20,13,6,14,13,26,18,,2,,18,11,10,8,6,5,5,7,12,7,,1,20,,3,,7,11,,2,18,19,11,11,8,,1,37,6,4,,,2,11,2,27,7,,,,,
La Rioja,GENERAL SAN MARTIN,Estatal,Rural,39,39,37,,1,,,1,30,28,13,7,14,20,23,15,,7,2,29,6,7,7,2,2,4,3,7,3,,1,30,,1,,5,25,2,1,19,22,4,20,1,1,8,30,24,24,,,,9,,29,4,,,,,
La Rioja,GENERAL SAN MARTIN,Estatal,Urbano,7,7,7,,,,,,5,7,4,2,2,2,7,4,,1,2,6,5,1,3,1,1,2,1,2,3,,1,7,,1,1,3,1,1,,7,4,2,2,2,,3,4,3,3,,,,6,2,7,2,,,,,
La Rioja,INDEPENDENCIA,Estatal,Rural,14,14,14,,1,,,,10,10,4,1,8,6,11,7,,,,9,2,2,3,1,,2,2,4,3,,,10,,,,4,4,2,1,8,9,3,7,3,,2,12,6,6,,,,4,1,11,1,,,,,
La Rioja,ROSARIO VERA PEÑALOZA,Estatal,Rural,40,40,35,1,3,,,1,25,22,15,7,17,14,27,15,,,2,27,2,6,9,4,3,5,4,7,1,,,25,1,3,,4,16,2,5,17,23,8,18,4,1,5,34,11,11,,,,8,,26,8,,,,,
La Rioja,ROSARIO VERA PEÑALOZA,Estatal,Urbano,15,15,15,1,,,,,10,11,7,2,4,5,11,3,,2,4,12,7,6,4,1,1,3,4,1,1,,,15,,2,1,11,1,3,2,15,7,6,6,5,2,1,12,3,3,,,,4,2,15,11,,,,,
La Rioja,SAN BLAS DE LOS SAUCES,Estatal,Urbano,12,11,11,,,,,,5,8,3,7,7,6,7,9,,3,,7,2,,,,,,,1,2,,,12,,1,6,,4,2,,7,11,3,4,,1,1,10,4,4,,,,1,,6,5,,,,,
La Rioja,VINCHINA,Estatal,Rural,8,8,6,,2,,,,7,7,5,2,3,2,7,4,,2,1,6,2,2,,1,1,1,,1,,,1,8,,1,1,3,2,3,,7,8,5,5,3,,1,7,4,4,,,,2,1,8,3,,,,,
Mendoza,CAPITAL,Estatal,Urbano,85,85,85,,,,,,67,72,59,31,44,43,77,41,,15,11,79,38,23,16,10,6,15,16,17,10,,4,68,14,15,12,54,4,23,5,81,61,42,48,52,13,40,32,78,68,8,1,1,60,42,67,46,,,,,
Mendoza,CAPITAL,Privado,Urbano,96,96,96,,1,,,,71,77,56,54,72,63,86,57,,27,4,79,19,16,21,11,13,24,22,32,17,,7,10,79,28,22,47,9,16,13,89,69,47,61,56,5,,91,79,65,5,7,2,51,46,68,45,13,21,21,24,3
Mendoza,Enmascarado,Estatal,Rural,11,11,11,,,,,,11,11,8,3,4,3,10,4,,2,1,9,7,1,2,,,1,1,,1,,,5,3,,1,1,4,3,1,8,3,2,5,4,,8,3,10,9,1,,,8,5,10,3,,,,,
Mendoza,Enmascarado,Privado,Rural,36,36,36,,,,,,25,14,13,7,20,20,25,19,,6,1,23,1,,2,,,2,3,2,2,,,10,15,3,3,6,4,11,3,24,14,4,10,4,,5,31,23,20,2,,1,10,7,18,3,17,4,4,4,
Mendoza,Enmascarado,Privado,Urbano,39,39,39,,,,,,29,17,16,9,25,19,26,19,,7,1,28,2,3,4,3,3,5,4,4,2,,2,16,17,4,2,7,13,9,1,33,19,11,13,9,1,5,33,29,28,1,,,10,7,17,13,12,5,5,5,2
Mendoza,GENERAL ALVEAR,Estatal,Rural,30,30,30,,,,,,25,29,25,8,20,23,30,17,,8,2,28,22,2,2,2,2,3,4,2,3,,1,17,11,,1,8,14,5,2,27,11,3,6,12,,21,9,29,28,1,,,22,17,21,9,,,,,
Mendoza,GENERAL ALVEAR,Estatal,Urbano,27,27,27,,,,,,25,26,19,5,21,17,24,13,,5,4,25,16,2,3,1,,3,3,,2,,,10,15,4,,7,8,11,1,25,13,11,14,20,1,16,10,27,25,1,1,,21,19,22,14,,,,,
Mendoza,GENERAL ALVEAR,Privado,Urbano,23,23,23,1,,,,,16,12,11,4,10,9,18,11,,2,1,19,,5,4,1,2,2,2,1,1,,,3,15,7,1,12,2,1,3,18,11,8,11,8,1,,22,17,14,3,,,7,6,10,6,7,4,4,3,1
Mendoza,GODOY CRUZ,Estatal,Urbano,86,86,86,,1,,,,71,73,53,21,33,38,83,60,,14,5,74,43,16,15,2,1,7,11,9,10,,2,73,7,22,13,58,3,7,6,79,51,28,27,60,3,43,40,85,83,2,,,59,48,66,46,,,,,
Mendoza,GODOY CRUZ,Privado,Urbano,63,63,63,1,,,,,50,45,34,28,41,33,59,35,,18,2,48,12,9,15,4,8,11,9,12,6,,3,13,49,21,9,36,6,9,8,60,45,26,36,26,,,63,57,49,5,2,1,26,22,32,19,8,10,10,10,2
Mendoza,GUAYMALLEN,Estatal,Rural,11,11,11,,,,,,10,8,6,6,4,6,10,4,,1,1,10,5,2,1,1,1,,1,1,1,,,7,3,2,,5,4,2,,10,7,2,2,5,,7,4,11,11,,,,4,4,7,3,,,,,
Mendoza,GUAYMALLEN,Estatal,Urbano,113,113,113,1,,,,,90,88,73,32,60,54,101,62,,17,3,104,61,26,14,7,5,10,10,15,12,,6,83,8,15,8,71,10,11,9,91,63,38,39,52,2,72,39,108,108,,,,63,45,78,41,,,,,
Mendoza,GUAYMALLEN,Privado,Rural,5,5,5,,,,,,4,3,3,3,3,2,4,3,,,,4,1,,1,,,2,,2,1,,,,4,2,,3,2,,,4,4,4,4,4,,,5,5,4,1,,,4,4,4,2,1,2,2,2,
Mendoza,GUAYMALLEN,Privado,Urbano,69,69,69,,,,,,52,43,35,29,45,33,51,36,,15,3,58,7,13,12,6,6,8,9,11,8,,,3,52,17,10,24,15,8,5,55,47,30,41,32,,,69,61,52,5,2,2,34,28,46,21,16,15,13,15,1
Mendoza,JUNIN,Estatal,Rural,21,21,21,,,,,,16,17,15,11,12,11,20,10,,3,1,21,15,4,3,4,1,3,2,4,4,,,20,,,,10,8,6,1,20,18,6,9,9,1,18,2,21,21,,,,12,6,16,2,,,,,
Mendoza,JUNIN,Estatal,Urbano,24,24,24,,,,,,20,20,19,8,15,16,23,12,,3,3,22,12,2,2,1,1,1,1,1,3,,,22,1,1,1,8,6,6,3,23,19,9,13,12,1,22,1,24,24,,,,15,9,19,9,,,,,
Mendoza,LA PAZ,Estatal,Urbano,9,9,9,,,,,,9,7,4,3,4,2,7,6,,1,2,8,4,4,2,,,1,,1,1,,,2,4,,1,3,1,,1,5,3,1,2,1,,5,4,8,8,,,,5,2,7,4,,,,,
Mendoza,LA PAZ,Privado,Urbano,4,4,4,,,,,,3,2,1,,2,2,3,4,,,,3,,,,,,,,,,,,1,2,,,2,,1,,2,1,,,,,,4,3,3,,,,,,,,3,,,,
Mendoza,LAS HERAS,Estatal,Urbano,101,101,101,,,,,,89,85,61,27,46,50,96,56,,24,8,90,40,30,16,3,4,13,16,10,14,,7,65,15,17,13,48,10,13,10,80,38,25,26,47,4,47,50,97,97,,,,61,40,82,39,,,,,
Mendoza,LAS HERAS,Privado,Urbano,36,36,36,,,,,,26,10,6,5,10,12,17,20,,2,,20,1,2,1,,,1,1,,,,,4,12,7,2,6,1,1,2,15,9,4,7,8,1,,35,27,27,,,,10,8,12,3,16,6,6,1,
Mendoza,LAVALLE,Estatal,Rural,49,49,48,2,,,,,41,46,33,14,23,28,47,23,,8,4,44,25,4,7,3,1,2,3,4,3,,1,27,15,2,1,7,24,8,3,39,18,9,16,12,,26,23,46,46,,,,31,9,34,12,,,,,
Mendoza,LAVALLE,Estatal,Urbano,17,17,17,,,,,,9,14,7,6,7,7,15,6,,3,2,15,7,3,3,,,2,2,,1,,1,6,7,1,1,3,1,7,1,12,6,2,4,6,,8,9,16,15,1,,,9,5,15,7,,,,,
Mendoza,LAVALLE,Privado,Rural,9,9,9,,,,,,5,,2,1,4,3,4,7,,2,,4,,1,,,,,1,,,,,1,2,,,1,1,1,1,3,2,,1,,,,9,6,6,,,,,,1,,7,,,,
Mendoza,LUJAN DE CUYO,Estatal,Rural,23,23,23,,,,,,16,21,17,6,8,13,21,14,,3,1,20,14,6,5,2,1,2,4,2,1,,2,13,4,,1,6,8,1,1,17,7,3,3,13,,16,7,21,21,,,,15,10,19,8,,,,,
Mendoza,LUJAN DE CUYO,Estatal,Urbano,56,56,56,,,,,,46,48,42,20,25,24,51,25,,9,6,51,29,13,10,3,2,7,7,7,3,,1,40,8,9,10,29,5,8,3,48,25,17,18,31,2,32,22,48,48,,,,36,23,41,23,,,,,
Mendoza,LUJAN DE CUYO,Privado,Urbano,26,26,26,,,,,,20,18,15,11,17,14,25,17,,5,,22,6,8,4,1,1,4,3,6,3,,,3,21,6,4,12,3,6,2,24,18,9,12,13,1,1,24,23,22,,1,,14,13,15,10,4,3,3,3,1
Mendoza,MAIPU,Estatal,Rural,28,28,28,,,,,,23,23,16,9,15,15,26,14,,4,,27,17,5,6,4,4,4,5,7,3,,2,14,9,2,5,11,6,3,2,23,10,7,6,13,,20,8,26,25,1,,,20,11,24,7,,,,,
Mendoza,MAIPU,Estatal,Urbano,76,76,76,,,,,,64,66,36,18,42,41,70,51,,16,6,69,44,11,9,4,2,10,7,9,13,,6,55,12,15,10,46,5,6,6,66,40,14,27,37,4,38,34,73,71,2,,,46,33,64,30,,,,,
Mendoza,MAIPU,Privado,Urbano,32,32,31,,,,,1,28,23,13,14,26,21,28,19,,8,,28,1,3,,1,3,5,3,7,2,,,1,24,10,5,11,4,5,,24,21,17,15,18,,,32,25,19,6,,,18,15,23,14,7,6,7,6,3
Mendoza,MALARGUE,Estatal,Rural,17,17,12,5,1,,,,16,13,14,6,7,10,17,8,,4,3,16,7,2,2,2,2,2,1,1,1,,1,16,1,,2,3,10,5,1,16,9,5,11,8,,8,9,17,17,,,,12,6,15,5,,,,,
Mendoza,MALARGUE,Estatal,Urbano,22,22,22,,1,,,,20,21,17,5,13,13,21,16,,2,3,17,13,7,4,3,2,3,4,4,3,,,16,6,3,4,10,8,3,2,21,17,7,9,10,,16,6,22,21,1,,,10,7,16,6,,,,,
Mendoza,RIVADAVIA,Estatal,Rural,30,30,30,,,,,,28,28,26,14,20,20,29,21,,,2,27,17,8,5,3,3,6,6,5,7,,,27,2,4,3,5,12,15,5,29,25,13,24,25,1,26,3,30,28,2,,,25,20,24,13,,,,,
Mendoza,RIVADAVIA,Estatal,Urbano,20,20,20,,,,,,19,17,13,9,12,13,19,12,,2,4,17,13,5,6,2,2,4,4,4,2,,1,17,2,2,4,5,6,6,1,19,14,9,8,12,2,13,5,19,18,,1,,13,6,15,7,,,,,
Mendoza,RIVADAVIA,Privado,Rural,9,9,9,,,,,,8,,1,,4,4,2,5,,,,5,,1,,,,,,,,,,5,,,,1,1,2,1,4,2,,2,,,1,8,6,6,,,,1,1,3,,5,,,,
Mendoza,SAN CARLOS,Estatal,Rural,20,20,19,1,,1,,,16,17,10,8,10,11,19,8,,4,1,18,8,2,3,,,1,3,1,,,,7,8,,,4,5,5,3,14,9,3,6,6,1,17,2,19,19,,,,9,4,15,5,,,,,
Mendoza,SAN CARLOS,Estatal,Urbano,27,26,26,,,,,,24,20,16,9,14,17,22,13,,4,2,24,19,6,2,4,2,5,2,5,3,,1,7,16,1,2,8,2,10,3,23,19,8,8,9,3,19,4,25,25,,,,15,5,22,7,,,,,
Mendoza,SAN CARLOS,Privado,Rural,7,7,7,,,,,,6,,,,2,6,1,5,,1,,4,,1,,,,,1,,,,1,1,1,,,2,,,,1,1,,,,,,7,3,3,,,,2,1,1,1,5,,,,
Mendoza,SAN CARLOS,Privado,Urbano,17,17,17,,,,,,15,6,6,2,10,13,10,11,,1,,13,,4,1,1,,5,4,2,3,,,,11,2,2,4,2,1,3,11,9,5,4,4,1,2,14,15,15,,,,4,4,9,8,9,3,3,3,
Mendoza,SAN MARTIN,Estatal,Rural,51,51,51,,,,,,43,47,30,13,27,26,48,26,,8,4,49,29,8,11,4,3,5,5,8,6,,2,44,2,1,,16,17,17,3,43,41,14,27,25,3,40,8,51,51,,,,33,17,37,11,,,,,
Mendoza,SAN MARTIN,Estatal,Urbano,44,44,44,,,,,,38,40,29,10,26,24,40,25,,5,4,43,26,15,13,8,5,11,11,12,10,,1,29,10,7,5,14,9,15,3,38,32,18,22,24,2,34,8,42,42,,,,29,20,34,18,,,,,
Mendoza,SAN MARTIN,Privado,Rural,8,8,8,,,1,1,1,7,,,,3,4,2,3,,,,2,,,,,,,,,,,,2,1,,,1,,2,,1,2,,,,,2,6,3,3,,,,1,,1,1,4,,,,
Mendoza,SAN MARTIN,Privado,Urbano,26,26,26,,,,,,23,11,8,5,12,14,14,16,,4,,20,2,2,1,,1,3,1,2,2,,1,2,12,9,2,3,,7,,14,10,8,9,10,1,6,19,18,16,,1,1,10,10,12,8,9,4,4,4,1
Mendoza,SAN RAFAEL,Estatal,Rural,84,83,83,2,,,,,68,73,62,25,49,45,78,45,,10,10,71,50,22,23,14,8,17,14,24,15,,3,35,33,2,3,27,35,11,7,62,33,20,28,44,3,42,39,79,76,3,,,57,36,63,27,,,,,
Mendoza,SAN RAFAEL,Estatal,Urbano,105,105,105,,,,,,90,101,85,31,58,64,103,57,,11,10,95,56,29,27,20,6,20,22,32,15,,6,68,27,14,16,41,24,25,9,93,77,49,44,63,6,44,55,98,95,2,1,,80,59,85,44,,,,,
Mendoza,SAN RAFAEL,Privado,Urbano,49,49,49,,,,,,29,25,22,12,26,21,39,28,,7,5,37,2,3,8,6,2,5,6,7,5,,1,10,31,4,9,19,12,7,6,40,29,14,24,16,,4,45,38,34,3,1,,12,10,29,15,13,6,6,9,4
Mendoza,SANTA ROSA,Estatal,Rural,21,21,21,,,,,,16,19,18,3,6,9,19,6,,4,,15,13,3,3,3,,1,2,3,,,1,12,4,,1,3,8,5,,16,10,2,6,7,,19,2,20,19,1,,,13,9,15,5,,,,,
Mendoza,SANTA ROSA,Estatal,Urbano,11,11,11,,,,,,9,9,5,1,4,1,11,8,,6,1,10,2,2,1,1,,1,,1,2,,,4,3,,1,2,1,3,1,7,5,3,4,2,2,8,1,10,10,,,,4,2,8,1,,,,,
Mendoza,SANTA ROSA,Privado,Rural,7,7,7,,,,,,7,,3,1,2,3,4,5,,3,,5,,,,,,,,,,,,1,4,,,1,3,1,1,5,3,,2,,,1,6,4,4,,,,,,1,,4,,,,
Mendoza,SANTA ROSA,Privado,Urbano,7,7,7,,,,,,6,1,1,1,2,2,5,4,,2,,5,,1,,,1,1,1,2,1,,1,,4,,,2,,2,,4,4,2,1,1,,1,6,5,5,,,,,,4,1,5,,,,
Mendoza,TUNUYAN,Estatal,Rural,20,20,20,,,,,,20,17,13,6,11,12,18,11,,5,,19,12,3,3,1,,1,1,4,2,,2,14,2,1,1,6,4,4,,15,5,,2,1,,17,3,19,18,,1,,9,1,15,4,,,,,
Mendoza,TUNUYAN,Estatal,Urbano,27,27,27,,,,,,23,22,16,8,14,13,24,12,,6,3,21,10,3,4,2,,2,4,3,2,,2,16,8,6,2,8,6,6,4,23,13,6,9,13,3,21,3,25,25,,,,17,12,17,10,,,,,
Mendoza,TUNUYAN,Privado,Rural,5,5,5,2,,,,,5,1,,,3,2,3,5,,,,3,,1,,,,1,1,1,1,,,,2,,,,,2,,2,1,,,,,,5,3,3,,,,,,1,1,1,,,,
Mendoza,TUNUYAN,Privado,Urbano,14,14,14,,,,,,11,6,5,1,10,9,10,9,,,,11,,3,1,1,,3,2,2,2,,,1,8,5,,5,,2,,9,4,4,5,5,,1,13,11,11,,,,5,4,7,4,7,2,2,2,
Mendoza,TUPUNGATO,Estatal,Rural,23,23,22,,,,,1,19,20,12,3,8,8,19,9,,3,1,19,16,3,3,1,,3,2,3,,,2,6,7,,,6,4,3,1,12,3,2,2,2,,11,12,23,23,,,,7,2,17,5,,,,,
Mendoza,TUPUNGATO,Estatal,Urbano,11,11,11,,,,,,10,11,8,2,7,8,10,7,,5,1,9,8,3,3,2,1,2,2,3,2,,1,2,8,,2,7,2,2,,10,3,3,1,7,1,8,2,10,9,,,1,8,8,9,6,,,,,
Mendoza,TUPUNGATO,Privado,Urbano,7,7,7,,,,,,6,5,1,1,5,4,4,3,,1,,5,,,2,,,1,1,,1,,,,4,3,,1,,2,,4,4,2,2,3,,,7,6,6,,,,4,3,5,2,1,2,2,2,
Misiones,25 DE MAYO,Estatal,Rural,118,118,118,,,,,,54,69,39,17,37,29,68,31,,11,1,61,53,14,17,8,4,9,7,11,5,,4,48,,1,1,5,33,6,6,42,40,17,18,9,3,74,41,28,25,,,3,18,6,63,22,,,,,
Misiones,25 DE MAYO,Estatal,Urbano,10,10,10,,,,,,3,5,1,,3,2,4,3,,1,,4,1,2,2,1,,1,1,1,,,1,5,,,,3,1,1,,5,4,4,2,2,1,3,6,2,2,,,,3,2,4,3,,,,,
Misiones,APOSTOLES,Estatal,Rural,29,29,29,,,,,,17,16,5,4,10,9,17,16,,5,1,19,8,1,2,,2,1,,2,3,,,18,,1,,1,11,4,2,13,16,4,3,1,1,21,7,9,6,1,,2,4,1,18,3,,,,,
Misiones,APOSTOLES,Estatal,Urbano,37,37,37,,,,,,19,26,11,7,17,15,18,13,,3,2,25,15,5,4,1,1,3,4,1,3,,,26,,3,3,13,6,4,3,19,21,8,10,9,1,17,19,11,9,1,,1,10,9,18,12,,,,,
Misiones,APOSTOLES,Privado,Urbano,6,6,6,2,,,,,6,6,6,2,6,6,6,6,,1,1,6,,,1,2,,2,2,2,2,,,,6,3,3,,1,,,6,5,4,5,4,,1,5,2,1,,1,,6,6,5,4,,2,3,5,3
Misiones,CAINGUAS,Estatal,Rural,50,50,50,,,,,,24,30,13,7,21,18,28,17,,10,,19,20,4,6,,2,4,3,5,4,,1,25,,2,,2,17,2,3,23,19,8,8,2,,30,20,9,9,,,,10,3,28,8,,,,,
Misiones,CAINGUAS,Estatal,Urbano,123,123,123,2,,,,,63,75,36,11,52,32,80,44,,7,7,48,36,20,17,8,1,11,9,14,6,,3,70,3,2,3,6,37,24,5,67,68,26,36,21,2,55,66,44,37,2,,5,38,14,61,27,,,,,
Misiones,CAINGUAS,Privado,Urbano,10,10,10,2,2,,,,8,8,6,2,9,6,10,3,,1,,9,1,3,2,2,1,2,2,3,1,,,4,6,,,4,4,2,,10,8,4,5,4,2,1,7,6,2,1,3,,4,3,6,5,,6,6,7,3
Misiones,CANDELARIA,Estatal,Rural,31,31,31,,,,,,15,24,14,13,12,11,23,14,,3,2,17,16,1,6,3,2,1,1,5,2,,1,11,1,1,2,1,8,,1,8,8,4,5,4,2,14,15,7,5,1,,1,10,7,20,9,,,,,
Misiones,CANDELARIA,Estatal,Urbano,21,21,21,,,,,,11,21,9,4,7,7,13,7,,2,2,16,12,2,5,2,1,2,1,1,1,,1,8,,1,,5,,2,2,8,7,3,4,4,2,9,10,9,6,,,3,10,5,11,5,,,,,
Misiones,CAPITAL,Estatal,Rural,20,20,20,,,,,,12,19,6,4,11,8,16,7,,7,1,13,13,3,4,,1,3,2,1,2,,1,12,,1,,2,8,1,2,12,12,5,6,3,,11,9,7,7,,,,3,3,14,6,,,,,
Misiones,CAPITAL,Estatal,Urbano,203,203,202,,1,,,4,143,166,73,43,106,92,143,101,,38,15,167,82,44,39,15,13,31,33,33,29,,10,151,10,10,19,48,64,31,14,141,135,80,78,66,12,66,125,78,64,3,4,7,77,56,121,73,,,,,
Misiones,CAPITAL,Privado,Urbano,68,68,68,1,,,,,55,59,60,40,53,46,68,37,,20,11,61,12,14,16,19,8,15,16,21,11,,6,5,62,24,14,56,3,6,8,67,51,35,53,43,3,,65,44,5,17,18,4,45,38,53,38,2,32,32,31,19
Misiones,CONCEPCION,Estatal,Rural,18,16,16,,,,,,12,10,7,3,13,11,14,11,,2,1,13,8,4,2,1,1,3,4,2,2,,1,6,2,1,2,1,2,4,1,8,7,2,3,4,1,13,4,2,2,,,,6,2,12,5,,,,,
Misiones,CONCEPCION,Estatal,Urbano,13,13,13,1,,,,,9,13,2,1,4,3,8,4,,2,1,11,3,,,,,,,,,,,12,,,,6,4,2,,8,11,5,8,6,5,4,4,4,3,,,1,5,4,7,4,,,,,
Misiones,ELDORADO,Estatal,Rural,54,53,53,,,,,,21,30,12,6,13,10,30,12,,2,5,24,24,7,9,4,3,6,4,8,4,,1,16,,,1,2,10,2,1,15,16,5,9,4,,22,32,10,6,,,4,15,2,25,6,,,,,
Misiones,ELDORADO,Estatal,Urbano,69,69,69,,,,,1,29,52,20,4,22,22,36,20,,6,2,51,22,13,10,2,3,6,8,7,6,,3,33,2,3,6,11,11,4,5,34,30,23,20,19,5,28,36,18,14,1,,3,30,12,49,25,,,,,
Misiones,ELDORADO,Privado,Urbano,12,12,12,,,,,,7,11,10,8,10,7,12,6,,1,,10,,1,5,2,3,6,4,8,4,,,1,10,5,2,4,,3,1,11,5,10,4,8,1,1,10,5,1,,3,1,9,8,11,9,1,5,6,5,2
Misiones,Enmascarado,Privado,Rural,23,23,23,1,,,,,17,16,11,2,10,9,18,4,,8,3,16,1,9,8,7,1,6,8,8,2,,3,11,5,3,2,6,2,6,1,16,10,13,9,7,11,1,11,5,1,,2,2,9,7,15,11,,7,7,18,4
Misiones,Enmascarado,Privado,Urbano,6,6,6,,,,,,4,5,4,1,5,3,6,3,,,,5,,1,1,,,1,1,1,,,,3,3,1,,2,4,,,6,2,,2,4,1,2,3,3,1,,,2,4,4,5,3,,2,3,3,
Misiones,GENERAL MANUEL BELGRANO,Estatal,Rural,59,59,59,,,,,,30,34,19,14,22,23,31,24,,12,3,32,24,9,14,3,3,10,8,9,8,,5,36,1,,1,2,23,10,3,28,32,14,16,10,1,35,23,11,11,,,,13,5,35,18,,,,,
Misiones,GENERAL MANUEL BELGRANO,Estatal,Urbano,99,99,99,,,,,,42,52,28,15,27,21,52,29,,10,4,44,37,12,12,7,3,7,7,11,7,,3,47,4,1,5,5,22,16,2,32,46,13,25,11,4,48,47,29,24,1,,4,24,7,45,16,,,,,
Misiones,GENERAL MANUEL BELGRANO,Privado,Urbano,6,6,6,1,,,,,5,6,4,2,4,3,6,3,,1,1,6,,1,1,1,,1,1,2,,,,2,4,,,3,2,1,,6,5,5,3,5,,2,4,4,1,,1,2,6,6,6,5,,3,3,4,
Misiones,GUARANI,Estatal,Rural,67,66,66,,,,,,39,44,16,11,27,24,49,17,,10,1,32,30,10,10,4,1,7,6,9,2,,1,36,2,3,,6,22,9,1,32,31,14,13,8,3,50,14,19,14,,,5,16,7,42,22,,,,,
Misiones,GUARANI,Estatal,Urbano,136,134,134,2,1,,,1,65,73,34,24,59,51,93,32,,14,3,71,50,13,14,6,2,8,7,13,6,,3,74,7,3,2,9,26,33,13,61,71,27,32,21,2,82,52,31,28,2,,1,36,14,60,28,,,,,
Misiones,GUARANI,Privado,Urbano,7,7,7,1,,,,,4,6,4,3,3,3,7,4,,1,1,7,1,1,1,,2,2,2,2,1,,,2,5,,,2,4,1,1,7,5,4,3,2,2,,5,,,,,,3,1,5,4,,2,2,3,1
Misiones,IGUAZU,Estatal,Rural,25,23,22,,,,,1,7,9,6,4,1,2,9,5,,1,,10,4,3,3,1,2,1,1,1,2,,1,7,,,1,2,3,1,1,6,6,4,3,3,1,10,14,2,1,,,1,4,3,10,2,,,,,
Misiones,IGUAZU,Estatal,Urbano,96,95,94,,,,,1,42,75,25,13,25,26,53,27,,17,6,61,38,17,11,6,4,10,9,10,6,,6,40,7,2,7,19,11,12,5,44,40,21,27,21,2,55,39,34,33,,1,,29,17,46,29,,,,,
Misiones,IGUAZU,Privado,Urbano,20,20,20,3,,,,,13,16,17,8,15,11,17,11,,2,1,18,3,4,3,3,2,5,6,5,3,,1,3,17,13,3,13,2,1,2,20,9,9,10,16,1,,19,14,1,1,12,,18,16,15,12,,11,11,8,6
Misiones,LEANDRO N. ALEM,Estatal,Rural,77,77,77,,,,,,32,36,15,12,20,19,44,25,,4,1,28,20,9,12,1,2,6,6,8,7,,1,17,1,1,,5,12,2,3,15,13,5,4,4,2,48,27,19,18,,,1,11,7,51,13,,,,,
Misiones,LEANDRO N. ALEM,Estatal,Urbano,41,41,41,1,,,,,27,31,13,8,22,18,26,17,,6,3,24,18,8,5,3,,5,5,5,3,,3,18,3,1,1,11,7,3,,21,17,10,13,12,5,21,15,12,12,,,,12,11,27,11,,,,,
Misiones,LEANDRO N. ALEM,Privado,Urbano,5,5,5,,,,,,4,5,4,3,3,2,5,2,,2,,5,,3,2,2,2,2,1,2,1,,,2,3,,,4,1,,,5,5,4,4,4,,,5,2,,1,1,,4,4,5,4,,2,2,3,2
Misiones,LIBERTADOR GRL SAN MARTIN,Estatal,Rural,40,38,38,,,,,,12,22,9,3,13,12,20,8,,3,1,22,13,6,9,4,2,4,6,7,3,,1,14,1,1,1,2,7,2,2,12,8,5,5,2,3,14,23,11,9,,,2,9,4,22,13,,,,,
Misiones,LIBERTADOR GRL SAN MARTIN,Estatal,Urbano,52,52,51,,,,,1,30,34,15,4,16,17,30,17,,7,3,29,21,12,9,3,1,6,5,5,5,,4,19,6,4,1,8,9,4,1,23,13,9,15,10,1,24,27,14,12,,,2,14,10,35,15,,,,,
Misiones,LIBERTADOR GRL SAN MARTIN,Privado,Rural,6,5,5,1,,,,,4,3,3,2,2,,5,3,,,1,4,,,2,1,1,1,,1,1,,,2,2,1,,,1,1,1,4,3,1,1,1,,2,4,2,,1,1,,3,2,3,2,,5,5,1,
Misiones,LIBERTADOR GRL SAN MARTIN,Privado,Urbano,11,11,11,,1,,,,8,10,8,3,8,8,11,5,,2,1,8,3,2,3,4,1,5,4,7,2,,1,1,8,4,3,5,,,1,9,7,7,6,7,1,1,9,7,,3,3,1,9,9,8,5,,6,6,4,3
Misiones,MONTECARLO,Estatal,Rural,20,20,20,,,,,,13,17,13,8,11,10,20,9,,,,13,8,1,1,1,,1,,,,,,9,,,,,6,2,2,8,9,6,6,3,1,9,10,4,4,,,,4,2,16,6,,,,,
Misiones,MONTECARLO,Estatal,Urbano,33,31,31,,,,,,23,26,9,6,17,14,22,16,,4,5,23,15,5,7,1,1,3,4,2,4,,2,21,,3,2,4,11,4,1,16,19,13,13,8,1,21,11,10,7,,2,1,10,7,20,14,,,,,
Misiones,MONTECARLO,Privado,Urbano,8,8,8,,,,,,7,6,5,4,6,5,7,5,,,,7,1,3,3,1,1,4,3,2,4,,,1,6,1,2,1,1,1,1,6,3,4,2,6,2,1,5,4,,,1,3,6,6,6,6,,5,4,4,2
Misiones,OBERA,Estatal,Rural,106,106,106,,,,,,50,76,37,17,36,36,66,43,,14,6,61,41,16,17,6,8,12,12,11,12,,5,49,1,3,2,4,39,4,3,45,46,21,18,12,7,64,35,42,32,2,2,6,29,14,59,24,,,,,
Misiones,OBERA,Estatal,Urbano,129,129,128,,,,,1,52,74,27,14,48,39,72,50,,17,5,79,42,14,13,4,3,10,13,11,9,,4,78,2,5,8,13,39,16,8,66,72,32,34,19,7,66,56,48,42,2,1,3,16,9,64,32,,,,,
Misiones,OBERA,Privado,Urbano,11,11,11,,,,,,7,10,11,6,9,9,11,6,,1,,9,2,1,1,3,1,3,3,4,1,,,1,10,3,6,3,1,1,1,11,9,7,7,9,2,,9,8,,1,5,2,9,9,10,7,,4,4,5,6
Misiones,SAN IGNACIO,Estatal,Rural,41,41,41,,,,,,24,32,15,9,13,8,36,15,,5,,24,15,6,6,1,2,2,2,7,5,,,19,,,,1,12,5,1,16,18,7,11,3,1,28,12,13,12,,,1,12,2,24,11,,,,,
Misiones,SAN IGNACIO,Estatal,Urbano,86,86,86,,,,,1,50,61,28,16,42,34,61,35,,4,3,64,32,14,14,5,8,10,12,12,10,,2,46,3,5,,16,17,8,11,44,42,20,26,19,4,41,41,31,27,1,1,2,25,14,56,23,,,,,
Misiones,SAN IGNACIO,Privado,Rural,5,5,5,1,,,,,4,2,3,,3,4,4,1,,,,3,,1,,,,2,2,1,,,,2,1,,,,1,1,1,3,1,1,1,,1,2,2,2,1,,1,,1,,4,2,,3,3,2,
Misiones,SAN IGNACIO,Privado,Urbano,8,7,7,,,,,,6,7,5,,4,4,7,1,,1,,3,,3,3,1,,3,4,1,,,1,1,6,3,,1,1,2,1,7,5,3,2,3,,,8,3,,1,2,,5,5,5,4,,4,6,4,1
Misiones,SAN JAVIER,Estatal,Rural,40,40,40,,,,,,26,27,18,8,17,11,31,22,,4,,27,20,3,2,1,1,,,1,4,,1,27,2,1,,1,14,11,4,25,26,7,11,3,2,28,10,18,17,,,1,11,3,34,7,,,,,
Misiones,SAN JAVIER,Estatal,Urbano,15,15,15,1,,,,,10,9,6,3,7,7,9,7,,3,3,9,3,2,1,,1,,1,1,1,,1,11,1,,1,1,6,3,1,11,10,4,4,3,,10,5,10,10,,,,5,3,10,5,,,,,
Misiones,SAN PEDRO,Estatal,Rural,52,48,47,1,,,,1,19,32,11,9,15,12,31,15,,3,1,23,21,3,6,2,1,3,3,5,4,,,21,2,2,,4,9,5,6,14,20,4,12,1,2,30,20,10,5,1,1,3,6,1,22,5,,,,,
Misiones,SAN PEDRO,Estatal,Urbano,70,68,68,1,,,,,23,39,14,2,19,15,46,19,,10,4,27,21,4,11,2,2,5,4,9,2,,2,30,1,1,1,8,13,7,4,24,27,12,17,9,3,35,32,17,11,3,,3,11,6,34,11,,,,,
Neuquén,ALUMINE,Estatal,Rural,14,14,14,,,,,,13,11,8,4,6,8,13,9,,4,1,11,7,3,2,1,1,1,2,,,,,11,1,1,,3,6,2,1,12,5,2,6,1,,,14,14,14,,,,3,2,10,8,,,,,
Neuquén,AÑELO,Estatal,Urbano,15,15,15,,,,,,9,11,6,4,5,3,13,5,,2,2,11,2,3,3,1,2,2,2,4,2,,1,10,3,4,3,6,,1,1,13,2,3,2,2,,1,14,15,15,,,,5,3,11,7,,,,,
Neuquén,CATAN LIL,Estatal,Rural,13,13,5,7,7,,,,13,12,4,2,8,9,11,8,,3,,6,4,2,3,,,2,1,2,3,,1,8,1,2,,1,9,,,8,1,,4,,,,13,13,13,,,,3,,10,6,,,,,
Neuquén,CHOS MALAL,Estatal,Rural,13,13,11,1,1,,1,,13,12,7,2,5,6,12,7,,3,,11,3,1,3,1,1,1,1,2,1,,1,12,,2,1,2,7,1,3,12,8,2,6,2,,2,11,13,13,,,,4,2,10,4,,,,,
Neuquén,CHOS MALAL,Estatal,Urbano,13,13,13,,,,,,12,12,9,2,3,2,12,7,,1,1,12,4,4,2,2,,1,2,1,2,,,10,2,6,2,5,1,2,3,12,3,8,7,4,2,,11,13,13,,,,5,4,12,10,,,,,
Neuquén,COLLON CURA,Estatal,Rural,5,4,1,1,3,,,,4,3,,1,,1,3,2,,1,,4,1,1,1,,,,,1,1,,1,3,,1,,,1,1,,2,2,2,1,1,,,5,5,5,,,,1,,2,1,,,,,
Neuquén,CONFLUENCIA,Estatal,Rural,12,12,12,,,,,,11,12,7,3,10,6,12,9,,4,,10,2,5,3,2,2,3,2,3,1,,1,9,,2,,2,3,2,2,9,1,1,2,2,,,12,12,12,,,,6,2,9,5,,,,,
Neuquén,CONFLUENCIA,Estatal,Urbano,222,222,222,,1,,,2,167,206,119,46,130,103,206,132,,32,12,199,70,76,80,20,7,47,51,41,47,,17,202,12,110,31,117,12,26,15,214,87,99,88,69,8,11,203,222,222,,,,99,67,187,167,,,,,
Neuquén,CONFLUENCIA,Privado,Urbano,99,99,99,5,,,,1,74,92,77,69,76,65,98,67,,28,7,95,14,20,28,14,22,24,19,28,16,,5,6,91,44,14,57,10,14,20,96,82,53,70,48,8,2,89,97,79,12,6,,52,41,72,43,1,19,17,16,4
Neuquén,Enmascarado,Estatal,Rural,5,5,2,2,2,,,,5,5,4,2,2,4,5,1,,1,,4,1,,1,,,,,,,,,3,,,,1,3,,1,3,1,,1,1,,,5,5,5,,,,3,1,3,3,,,,,
Neuquén,Enmascarado,Estatal,Urbano,24,24,24,,,,,,22,21,14,6,14,15,22,16,,6,,18,4,17,14,7,4,12,11,10,11,,3,15,7,,3,15,7,4,,22,7,7,9,6,,,24,24,24,,,,9,8,21,18,,,,,
Neuquén,Enmascarado,Privado,Rural,4,4,4,,,,,,3,3,3,1,1,2,3,,,,1,3,1,1,1,1,1,1,1,1,,,,,3,,,2,1,,2,3,3,1,2,1,,,4,4,4,,,,1,1,1,1,,1,1,2,
Neuquén,Enmascarado,Privado,Urbano,10,10,10,,,,,,8,10,8,3,5,4,9,5,,3,,9,,2,2,,,1,1,2,,,1,,9,7,,3,,1,2,9,4,2,4,7,,1,9,10,8,2,,,8,6,7,3,,3,3,2,
Neuquén,HUILICHES,Estatal,Rural,15,15,14,1,1,,,,12,15,9,4,7,9,15,5,,3,1,10,4,2,3,,1,2,3,1,,,,12,,1,,2,7,3,,10,3,1,4,1,,2,13,15,15,,,,4,1,8,4,,,,,
Neuquén,HUILICHES,Estatal,Urbano,10,10,10,,,,,,9,10,8,7,6,7,10,7,,2,1,9,6,6,4,2,1,4,4,5,5,,2,10,,5,1,9,,2,1,10,4,5,4,1,,3,7,10,10,,,,5,2,9,9,,,,,
Neuquén,HUILICHES,Privado,Urbano,5,5,5,,,,,,5,4,4,2,5,5,4,4,,1,,5,,4,4,1,1,4,4,3,1,,,,5,2,2,3,,1,2,5,3,4,5,4,,1,4,5,5,,,,4,3,5,3,,2,3,2,
Neuquén,LACAR,Estatal,Rural,8,8,6,2,2,,,,8,7,6,2,6,5,8,3,,3,,7,4,3,2,1,,2,2,4,2,,1,7,,2,1,,3,1,,6,3,1,2,,,,8,8,8,,,,3,,7,5,,,,,
Neuquén,LACAR,Estatal,Urbano,22,22,22,,,,,,16,20,19,5,10,8,21,13,,3,1,17,7,6,4,4,2,4,6,7,3,,1,21,,11,5,12,2,2,2,21,12,16,10,8,2,3,17,22,22,,,,12,6,22,19,,,,,
Neuquén,LACAR,Privado,Urbano,11,11,11,2,,,,,9,10,7,8,8,9,11,9,,3,,11,,3,3,,1,3,1,2,4,,,6,5,6,2,6,,1,1,11,9,6,8,4,1,,10,11,11,,,,4,4,8,7,1,2,4,2,
Neuquén,LONCOPUE,Estatal,Rural,9,9,6,3,4,,,,6,7,4,3,3,3,7,2,,4,1,4,2,1,4,2,,1,1,2,,,1,8,,3,,1,6,,2,8,5,3,4,3,,1,8,9,9,,,,5,,8,5,,,,,
Neuquén,LOS LAGOS,Estatal,Urbano,12,12,12,,,,,,8,11,9,2,6,6,11,5,,2,1,10,3,3,1,,,1,2,1,3,,1,10,2,7,3,,,2,3,12,5,5,3,4,4,3,5,12,12,,,,5,4,9,8,,,,,
Neuquén,LOS LAGOS,Privado,Urbano,6,6,6,1,,,,,4,3,4,3,4,4,4,3,,1,,4,,2,1,,1,2,2,,1,,1,,4,1,1,3,,,1,4,4,3,3,2,,,6,5,5,,,,2,,3,2,,1,1,2,
Neuquén,MINAS,Estatal,Rural,22,22,22,,,,,,18,20,14,6,13,10,19,11,,7,2,18,7,3,5,2,2,3,2,2,2,,1,15,2,3,,2,11,3,,17,9,3,2,4,1,2,19,22,22,,,,4,2,13,7,,,,,
Neuquén,ÑORQUIN,Estatal,Rural,17,17,16,1,1,,,,15,16,6,4,9,9,16,10,,5,,9,5,6,5,2,1,5,4,6,3,,3,14,2,3,,1,13,1,1,16,6,5,8,3,,,17,17,17,,,,8,3,13,7,,,,,
Neuquén,PEHUENCHES,Estatal,Rural,8,8,5,2,3,,,,6,7,3,1,2,2,7,6,,1,,5,,,,,,,,,,,,5,1,,,,6,1,,6,,,1,,,,8,8,8,,,,3,1,4,3,,,,,
Neuquén,PEHUENCHES,Estatal,Urbano,19,19,19,,,,,,13,16,11,2,5,7,17,9,,1,,14,2,4,7,1,1,2,4,2,1,,,15,3,11,,4,,1,3,18,2,3,4,3,,,19,19,19,,,,5,5,13,13,,,,,
Neuquén,PICUN LEUFU,Estatal,Rural,5,5,5,,,,,,4,4,3,3,1,1,5,2,,2,,5,3,2,2,1,,,,1,,,2,5,,,,2,4,1,,5,3,1,1,,,,5,5,5,,,,1,,3,1,,,,,
Neuquén,PICUN LEUFU,Estatal,Urbano,5,5,5,,,,,,5,4,2,2,4,4,5,5,,,,5,3,1,,,1,2,2,2,3,,,4,,,,3,1,,1,4,,2,1,1,2,,3,5,5,,,,,,4,3,,,,,
Neuquén,PICUNCHES,Estatal,Rural,10,10,10,,,,,,10,8,4,3,6,7,9,9,,1,,7,4,3,3,,,2,2,3,1,,,6,,2,,1,5,,,5,2,2,4,1,,,10,10,10,,,,1,,7,4,,,,,
Neuquén,ZAPALA,Estatal,Rural,15,15,11,3,4,,,,15,12,9,5,8,9,15,9,,4,,14,2,2,3,1,1,2,1,2,1,,,13,,6,1,3,5,,,12,3,2,1,,,1,14,15,15,,,,6,,11,4,,,,,
Neuquén,ZAPALA,Estatal,Urbano,27,27,27,,,,,,23,26,20,9,19,16,26,18,,8,2,23,11,11,7,4,3,5,7,5,6,,2,23,2,18,1,9,3,,,25,6,9,7,8,,2,25,27,27,,,,15,9,23,22,,,,,
Río Negro,25 DE MAYO,Estatal,Rural,10,10,4,3,3,,,2,9,9,4,4,2,2,8,3,,4,,5,3,1,1,,1,1,1,1,1,,1,10,,1,,2,8,,1,8,8,2,4,3,,,10,9,9,,,,2,2,5,1,,,,,
Río Negro,25 DE MAYO,Estatal,Urbano,22,22,22,,,,,,15,21,14,8,13,12,21,13,,5,4,18,11,6,7,3,4,5,4,5,3,,2,22,,10,,6,9,7,,22,12,12,12,13,1,1,20,21,21,,,,13,11,15,11,,,,,
Río Negro,9 DE JULIO,Estatal,Rural,17,17,17,,,,,,15,14,6,3,7,7,15,7,,3,,10,5,1,1,1,,1,1,1,,,,16,1,1,,1,15,1,1,15,9,2,4,4,,1,16,14,14,,,,7,3,11,3,,,,,
Río Negro,ADOLFO ALSINA,Estatal,Rural,10,10,10,,,,,,8,8,4,1,4,6,9,2,,1,1,7,4,4,1,1,,3,3,2,2,,1,8,1,,1,5,2,1,,9,5,6,5,4,,,10,8,8,,,,6,3,9,5,,,,,
Río Negro,ADOLFO ALSINA,Estatal,Urbano,60,60,60,,,,,,48,45,27,14,34,33,56,34,,11,4,53,19,17,13,4,8,9,11,7,10,,3,56,1,41,10,14,5,15,1,56,36,27,27,27,6,2,52,56,54,1,1,,29,21,51,29,,,,,
Río Negro,ADOLFO ALSINA,Privado,Urbano,27,27,27,,,,,,20,21,15,12,18,14,26,14,,1,2,23,4,2,2,2,2,2,2,1,1,,,2,25,10,,8,3,8,2,27,19,6,16,6,4,,23,23,13,5,2,3,8,7,10,4,5,11,8,6,
Río Negro,AVELLANEDA,Estatal,Rural,12,12,12,,,,,,11,11,6,4,5,5,12,5,,2,,9,6,,,,,,,,,,,11,1,2,4,6,4,,,12,10,4,7,5,,1,11,12,12,,,,7,2,8,3,,,,,
Río Negro,AVELLANEDA,Estatal,Urbano,40,40,40,,,,,,34,39,31,12,26,16,39,22,,7,3,38,17,18,17,9,2,9,7,14,7,,5,39,1,8,6,27,3,6,5,39,28,22,24,22,2,6,32,39,34,4,1,,24,11,35,19,,,,,
Río Negro,AVELLANEDA,Privado,Urbano,6,6,6,,,,,,4,5,5,1,6,5,6,2,,,,6,,2,2,1,,2,2,2,1,,,,6,1,1,4,,,1,6,4,5,3,3,,1,5,5,3,2,,,2,2,6,5,,3,4,2,
Río Negro,BARILOCHE,Estatal,Rural,19,19,19,,,,,,16,17,14,6,9,9,19,9,,5,2,15,10,6,5,4,,2,3,4,1,,1,16,1,3,,2,13,2,,17,9,7,7,4,1,2,16,19,19,,,,8,2,15,8,,,,,
Río Negro,BARILOCHE,Estatal,Urbano,86,86,86,,,,,,63,77,48,25,54,47,81,41,,23,5,75,39,20,15,5,3,12,15,13,8,,5,83,2,43,34,28,7,12,6,85,64,50,60,42,2,12,72,79,77,2,,,43,36,65,50,,,,,
Río Negro,BARILOCHE,Privado,Urbano,57,57,57,4,,,,,47,49,48,34,44,38,57,42,,12,6,56,13,11,12,8,9,16,11,12,14,,2,3,53,23,11,17,8,11,4,55,48,29,41,38,,,57,46,34,6,4,2,35,32,36,26,4,12,9,10,
Río Negro,CONESA,Estatal,Urbano,8,8,8,,,,,,6,6,5,2,2,2,7,4,,1,2,5,3,3,3,2,1,2,,1,,,,7,1,1,1,4,,2,,8,6,4,6,4,1,2,5,7,7,,,,4,2,7,2,,,,,
Río Negro,EL CUY,Estatal,Rural,14,14,12,2,3,,,,11,13,8,7,6,7,12,6,,8,,11,4,2,4,2,3,2,3,3,2,,2,13,,,,1,12,,,8,10,1,6,2,,,14,13,13,,,,3,2,9,2,,,,,
Río Negro,Enmascarado,Estatal,Rural,14,14,14,,,,,,12,13,12,9,10,12,13,4,,4,2,13,11,3,5,4,4,4,3,6,3,,1,13,,,5,2,6,1,,13,10,7,9,6,,8,6,13,13,,,,8,4,11,6,,,,,
Río Negro,Enmascarado,Estatal,Urbano,8,8,8,,,,,,8,7,5,1,7,6,8,4,,1,,8,3,1,1,,1,2,1,1,1,,,8,,,1,2,3,2,,8,3,4,3,1,,4,4,8,8,,,,,,6,4,,,,,
Río Negro,Enmascarado,Privado,Urbano,8,8,8,,,,,1,6,7,5,2,5,4,8,3,,,,5,,1,1,,,2,,1,1,,,1,7,4,,3,,1,1,8,7,3,4,3,,1,7,4,3,1,,,2,2,3,1,,2,2,1,
Río Negro,GENERAL ROCA,Estatal,Rural,41,41,41,,,,,,32,36,18,16,19,17,36,14,,6,,34,24,8,9,6,6,6,5,8,4,,2,38,,6,3,12,17,5,1,35,16,9,8,7,,,41,38,38,,,,13,6,22,5,,,,,
Río Negro,GENERAL ROCA,Estatal,Urbano,248,248,248,,,,,,202,210,127,78,143,143,230,125,,52,19,221,116,73,59,21,20,54,52,41,33,,18,218,9,128,38,65,13,14,9,224,104,100,98,87,2,24,222,219,215,1,1,2,116,79,184,120,,,,,
Río Negro,GENERAL ROCA,Privado,Urbano,91,91,90,,,,,1,76,84,69,63,67,67,90,42,,19,5,82,9,27,26,18,19,27,23,26,13,,6,,89,34,11,49,9,19,10,89,79,46,62,45,3,,88,71,48,10,12,1,49,42,57,35,3,23,23,16,
Río Negro,ÑORQUINCO,Estatal,Rural,12,12,8,5,3,,,,9,9,7,2,4,5,12,5,,8,,8,2,1,3,2,1,1,1,2,1,,2,12,,2,2,1,10,2,1,11,9,5,7,3,,1,11,11,11,,,,5,,7,4,,,,,
Río Negro,PICHI MAHUIDA,Estatal,Urbano,14,14,14,,,,,,12,13,10,9,11,9,13,7,,7,1,12,7,6,6,3,3,5,5,4,2,,3,13,1,11,2,4,,1,,14,7,6,7,6,,1,13,13,13,,,,7,3,10,5,,,,,
Río Negro,PILCANIYEU,Estatal,Rural,21,21,14,5,6,,,,19,19,12,6,11,16,21,6,,8,2,16,10,5,3,1,1,3,4,3,1,,,20,,1,5,4,12,1,,18,13,8,12,3,,2,19,19,19,,,,5,1,16,8,,,,,
Río Negro,SAN ANTONIO,Estatal,Urbano,30,30,30,,,,,,28,28,19,9,19,19,30,15,,6,2,28,17,16,11,4,3,7,10,6,3,,4,29,1,13,6,13,4,1,,30,20,19,20,15,2,6,22,29,29,,,,18,13,27,17,,,,,
Río Negro,VALCHETA,Estatal,Rural,9,9,8,1,1,,,,7,9,4,1,3,4,9,3,,5,,8,4,3,3,1,,1,1,3,1,,2,9,,1,,,7,2,,8,7,5,5,1,,1,8,9,9,,,,2,,9,2,,,,,
Salta,ANTA,Estatal,Rural,47,47,33,7,13,,,,36,31,6,8,25,20,39,16,,13,1,35,22,5,7,3,1,5,3,4,6,,1,15,2,1,,5,9,1,2,12,10,3,4,3,2,35,10,9,9,,,,12,4,27,6,,,,,
Salta,ANTA,Estatal,Urbano,38,37,31,5,5,,,,31,28,12,5,13,11,30,11,,10,6,29,20,8,7,,1,1,,5,4,,2,16,7,2,1,11,7,3,,23,7,4,4,4,,23,15,8,6,,,2,9,4,21,10,,,,,
Salta,CACHI,Estatal,Rural,19,19,15,1,5,,,,17,16,7,3,14,12,15,9,,4,1,14,11,6,5,2,,5,4,5,2,,3,12,1,,1,2,10,,1,10,7,5,5,4,,17,2,5,4,1,,,10,4,17,6,,,,,
Salta,CAFAYATE,Estatal,Rural,5,5,4,,1,,,,5,4,2,1,2,4,4,3,,1,,5,4,1,1,,1,,,,1,,1,5,,,,2,3,,,2,3,1,3,1,,5,,2,1,,,1,2,1,5,3,,,,,
Salta,CAFAYATE,Estatal,Urbano,12,12,12,,,,,,11,11,6,3,8,10,12,4,,1,3,11,4,3,3,1,1,1,1,2,,,,8,3,4,4,4,1,,,11,7,2,2,5,1,3,8,8,6,,,2,8,6,11,6,,,,,
Salta,CAPITAL,Estatal,Rural,8,8,7,,1,,,,6,8,4,3,6,3,8,2,,2,,7,6,,1,,,1,1,1,1,,1,5,1,2,,3,2,,2,6,3,2,1,,1,7,,2,2,,,,1,,7,1,,,,,
Salta,CAPITAL,Estatal,Urbano,193,193,193,1,,,,,171,169,90,56,125,121,164,82,,40,22,167,76,79,59,19,13,57,51,36,39,,16,144,25,62,29,102,11,22,17,164,100,85,73,80,8,80,105,103,84,6,6,7,100,67,166,116,,,,,
Salta,CAPITAL,Privado,Urbano,93,93,92,1,,,,1,78,86,74,63,82,80,93,52,,25,7,88,16,25,35,21,22,33,38,35,22,,10,1,92,47,22,56,5,8,25,93,79,53,74,47,2,1,90,64,24,18,20,2,53,48,74,51,,26,34,44,8
Salta,CERRILLOS,Estatal,Rural,10,10,10,,,,,,10,7,5,,5,6,9,4,,3,1,10,4,4,3,1,,2,3,1,2,,1,8,,,,3,3,,3,7,5,3,1,2,1,6,3,2,2,,,,2,2,8,6,,,,,
Salta,CERRILLOS,Estatal,Urbano,14,14,14,1,,,,,11,13,6,4,9,9,12,7,,3,2,14,11,8,7,2,1,5,6,4,4,,1,8,4,4,2,5,1,3,1,12,4,3,5,3,,11,3,4,4,,,,4,1,11,4,,,,,
Salta,CHICOANA,Estatal,Rural,15,14,9,1,5,,,,14,12,5,1,9,10,12,4,,3,,12,8,6,5,1,,3,4,3,2,,,12,1,1,,3,6,2,1,10,7,2,5,2,,14,1,5,5,,,,7,6,12,7,,,,,
Salta,CHICOANA,Estatal,Urbano,10,10,10,,,,,,10,9,7,1,8,7,9,6,,1,3,10,4,4,3,2,,3,3,2,3,,1,8,1,2,3,3,2,1,1,9,4,4,5,6,1,6,3,2,2,,,,7,4,10,7,,,,,
Salta,Enmascarado,Estatal,Urbano,14,14,14,,,,,,11,14,7,7,9,8,14,6,,4,2,9,7,4,4,2,,4,3,3,3,,1,7,4,,,3,5,3,,11,8,3,5,4,,10,4,5,4,,,1,6,5,10,6,,,,,
Salta,Enmascarado,Privado,Rural,2,2,2,,,,,,1,2,1,1,1,2,2,1,,2,,2,,1,1,1,,1,1,1,,,1,1,1,,,1,,,1,2,1,1,2,,,1,1,,,,,,1,,2,2,,2,2,2,
Salta,Enmascarado,Privado,Urbano,27,27,26,,1,,,,20,22,19,15,16,16,24,10,,1,,24,4,7,6,2,2,4,4,2,3,,,1,24,14,4,10,2,3,8,25,14,10,14,7,,3,24,12,6,1,4,1,10,8,18,11,,10,10,11,
Salta,GENERAL GUEMES,Estatal,Rural,18,18,15,,3,,,,12,12,4,1,8,7,14,7,,5,1,13,4,,1,,,,,,,,,6,,,,3,2,1,,6,2,1,2,3,,16,2,3,3,,,,4,1,10,7,,,,,
Salta,GENERAL GUEMES,Estatal,Urbano,23,23,23,,,,,,20,20,12,4,9,11,21,6,,1,4,20,9,8,9,2,4,4,5,4,2,,,15,4,5,6,8,4,1,2,18,6,5,6,4,,13,10,10,8,,,2,8,5,17,10,,,,,
Salta,GENERAL JOSE DE SAN MARTIN,Estatal,Rural,61,56,39,7,17,,,2,38,40,17,10,22,30,41,15,,13,2,35,13,11,9,3,2,4,8,5,4,,4,21,3,2,1,5,14,,3,22,7,5,5,3,3,37,21,17,10,,,7,13,6,39,17,,,,,
Salta,GENERAL JOSE DE SAN MARTIN,Estatal,Urbano,80,78,75,2,3,,,,60,65,28,17,36,43,65,25,,17,12,67,20,37,27,12,6,17,23,15,13,,8,34,15,20,7,25,11,5,3,49,13,13,12,13,5,47,28,33,29,,1,3,31,21,67,39,,,,,
Salta,GENERAL JOSE DE SAN MARTIN,Privado,Urbano,15,15,15,1,,,,,11,14,6,7,8,9,15,8,,4,,14,3,3,6,3,2,3,3,5,4,,2,,12,11,1,7,1,,3,12,9,4,7,4,1,1,13,7,4,1,1,1,7,4,12,6,,8,8,10,
Salta,GUACHIPAS,Estatal,Rural,10,10,3,3,7,,,,10,10,4,3,9,9,10,5,,5,,9,5,2,3,2,1,2,2,3,2,,1,8,,,,,6,1,1,2,6,,2,,,10,,3,2,,,1,3,,7,1,,,,,
Salta,IRUYA,Estatal,Rural,34,34,14,1,20,,,1,28,24,10,5,21,21,29,9,,7,1,28,11,6,4,1,,5,5,4,2,,,17,,,,1,15,2,,12,9,4,4,,,27,7,15,14,1,,,6,,26,13,,,,,
Salta,LA CALDERA,Estatal,Rural,6,6,5,,1,,,,5,5,2,1,4,4,6,3,,4,,4,3,1,1,1,,1,1,1,1,,1,6,,,,2,4,,,4,5,,2,,,5,1,2,2,,,,2,1,5,3,,,,,
Salta,LA CALDERA,Estatal,Urbano,9,9,9,,,,,,9,7,4,2,4,4,7,4,,,,9,3,2,1,,,,,1,2,,,6,,,1,2,3,2,,5,4,4,3,4,,4,5,3,3,,,,4,2,6,5,,,,,
Salta,LA CANDELARIA,Estatal,Rural,7,7,7,,,,,,5,7,4,3,3,3,7,4,,1,,6,4,1,3,2,2,2,1,1,1,,,4,,1,,,3,,,4,,,,,,5,2,2,2,,,,3,1,7,3,,,,,
Salta,LA POMA,Estatal,Rural,11,11,7,,5,,,1,9,7,2,1,7,7,8,2,,3,,9,4,2,2,,,2,2,1,1,,1,5,,,,,5,1,,5,2,1,2,,,10,1,4,3,,,1,2,,9,1,,,,,
Salta,LA VIÑA,Estatal,Rural,6,6,5,,1,,,,5,4,1,1,4,4,6,1,,1,,5,3,2,1,,1,1,1,,,,1,4,,,,1,3,,,3,4,2,2,1,1,4,1,3,3,,,,5,3,4,3,,,,,
Salta,LA VIÑA,Estatal,Urbano,6,6,6,,,,1,,5,5,2,2,4,4,4,3,,1,,4,3,1,2,,,1,1,1,1,,,3,1,,,2,1,1,1,3,3,1,1,2,,3,3,4,4,,,,3,2,6,3,,,,,
Salta,LOS ANDES,Estatal,Rural,7,7,6,,1,,,,5,5,2,1,4,4,5,1,,1,1,7,4,,,,,,,,,,,5,,,,1,1,1,2,4,3,1,1,1,,5,2,,,,,,,,4,1,,,,,
Salta,LOS ANDES,Estatal,Urbano,7,7,7,,,,,,7,7,3,1,5,4,7,2,,2,2,5,3,1,1,,,1,1,,1,,,3,1,,,,1,3,,3,3,2,2,1,,6,1,1,1,,,,4,1,7,3,,,,,
Salta,METAN,Estatal,Rural,25,25,23,1,1,,,,19,12,6,3,13,12,17,5,,2,1,17,10,5,5,3,1,4,4,4,3,,,2,,,,,1,1,,2,2,1,,1,,20,5,,,,,,2,,7,3,,,,,
Salta,METAN,Estatal,Urbano,20,20,20,,,,,,15,17,9,7,11,11,16,6,,2,5,16,10,3,2,,,1,1,2,,,,12,3,9,2,3,1,3,,15,7,4,5,4,1,11,8,7,5,1,,1,7,6,17,11,,,,,
Salta,MOLINOS,Estatal,Rural,21,21,12,7,10,,,,17,18,8,4,11,10,20,7,,4,1,19,10,2,6,1,2,3,3,5,2,,1,6,7,,,1,7,4,2,12,5,3,2,3,,20,1,2,2,,,,9,6,18,8,,,,,
Salta,ORAN,Estatal,Rural,21,19,12,1,7,,1,,14,11,6,1,2,11,14,6,,4,,12,7,2,2,1,,,2,2,3,,1,7,,1,,1,4,,2,3,3,1,1,1,,18,3,6,6,,,,2,1,18,6,,,,,
Salta,ORAN,Estatal,Urbano,91,91,82,3,10,,,1,71,67,27,12,34,39,68,34,,13,11,76,25,20,11,4,1,7,9,5,12,,4,46,9,17,4,24,18,4,4,55,17,9,12,10,1,58,32,36,33,1,,2,23,13,66,40,,,,,
Salta,ORAN,Privado,Urbano,10,10,10,,,,,,6,8,4,2,3,5,8,3,,,,7,,1,2,,,,,3,1,,,,8,4,1,4,,,1,8,1,1,3,3,1,,9,4,3,,1,,3,2,8,4,,4,4,5,
Salta,RIVADAVIA,Estatal,Rural,107,104,37,19,66,,,1,79,57,23,24,46,50,68,29,,19,4,79,35,12,9,3,6,10,9,9,8,,3,29,2,3,,7,22,1,1,19,14,4,13,2,,91,16,29,26,,1,2,16,4,54,14,,,,,
Salta,RIVADAVIA,Estatal,Urbano,17,17,16,,1,,,,13,11,6,3,3,4,15,3,,4,4,12,5,4,5,1,1,,2,2,,,,9,,1,1,3,3,,3,9,2,1,2,1,1,9,7,5,4,,,1,5,2,12,6,,,,,
Salta,ROSARIO DE LA FRONTERA,Estatal,Rural,27,27,19,4,6,,,,18,15,7,2,12,18,17,7,,1,2,21,9,3,3,,,3,3,1,2,,,17,1,1,,2,9,2,5,14,8,,3,,1,20,6,8,8,,,,6,,16,2,,,,,
Salta,ROSARIO DE LA FRONTERA,Estatal,Urbano,15,15,15,,,,,,14,14,5,2,11,6,13,9,,3,2,14,6,6,4,1,,2,1,4,3,,,6,7,7,1,6,,1,,13,7,2,2,1,,9,6,2,2,,,,6,3,11,4,,,,,
Salta,ROSARIO DE LERMA,Estatal,Rural,24,24,11,1,13,,,,22,19,9,4,11,13,20,8,,11,1,19,13,5,4,2,,1,2,2,1,,2,18,2,,,4,15,,1,17,12,1,8,1,,20,4,6,6,,,,6,2,15,3,,,,,
Salta,ROSARIO DE LERMA,Estatal,Urbano,19,19,16,1,3,,,,16,16,8,6,13,13,15,5,,5,3,16,6,5,7,,,5,4,,2,,2,15,,,1,3,8,3,1,13,11,4,6,3,,15,4,8,6,1,,1,7,3,14,8,,,,,
Salta,SAN CARLOS,Estatal,Rural,25,25,16,1,9,1,,1,21,20,10,7,15,17,21,7,,7,1,19,14,6,4,1,2,4,5,4,1,,1,16,2,1,,6,9,,2,14,9,4,7,4,,20,5,3,3,,,,6,1,16,7,,,,,
Salta,SANTA VICTORIA,Estatal,Rural,54,52,20,5,31,,,,41,43,15,12,32,31,45,11,,7,1,38,15,7,4,2,1,5,6,4,1,,1,28,1,,,6,18,3,2,20,18,5,7,,2,40,12,16,15,,1,,9,4,36,15,,,,,
San Juan,25 DE MAYO,Estatal,Rural,36,36,36,,,,,,9,25,8,3,7,7,20,9,,1,1,25,13,1,1,1,,1,1,1,1,,1,20,,5,4,,11,2,,20,8,4,2,4,,1,35,27,27,,,,8,1,22,3,,,,,
San Juan,25 DE MAYO,Estatal,Urbano,16,16,16,,,,,,10,13,1,,6,5,11,4,,,,15,9,1,1,,,,,1,,,,10,1,5,1,1,3,2,,11,1,1,,1,,1,15,12,12,,,,2,1,12,2,,,,,
San Juan,9 DE JULIO,Estatal,Rural,10,10,10,,,,,,7,8,,1,3,4,9,2,,,,9,5,2,2,,,1,,,,,,9,,7,1,1,1,,,8,4,3,2,2,1,,9,6,6,,,,2,2,8,5,,,,,
San Juan,ALBARDON,Estatal,Rural,17,17,17,,,,,,10,14,4,,5,6,11,1,,,,12,10,2,1,,,1,1,,,,,11,,5,,1,5,,1,11,,,,,,,17,14,14,,,,4,1,12,2,,,,,
San Juan,ALBARDON,Estatal,Urbano,14,14,14,,,,,,11,13,4,1,4,6,13,5,,2,1,10,5,2,,,,,,,,,,13,,8,,1,3,1,1,13,1,,1,1,,1,13,14,14,,,,6,3,11,7,,,,,
San Juan,ANGACO,Estatal,Rural,24,24,24,,,,,,13,21,4,3,11,8,16,8,,1,,16,14,2,1,,,1,1,,,,,19,,12,,3,5,1,,19,1,,,1,,2,22,24,24,,,,11,3,15,2,,,,,
San Juan,CALINGASTA,Estatal,Rural,26,26,26,,,,,,16,21,11,2,10,9,15,8,,4,1,24,15,1,1,,,,,2,,,,24,,15,,2,10,6,1,24,9,1,3,2,,1,25,24,24,,,,6,1,21,4,,,,,
San Juan,CALINGASTA,Estatal,Urbano,8,8,8,,,,,,4,8,3,2,4,3,6,5,,1,,7,5,,1,,,,,,,,,6,,5,,3,2,,,6,1,1,1,1,,,8,8,8,,,,1,1,8,4,,,,,
San Juan,CAPITAL,Estatal,Urbano,90,89,89,,,,,1,54,76,31,11,39,43,75,27,,3,11,73,48,9,14,4,2,6,8,8,4,,1,56,2,33,6,7,8,10,2,57,12,12,13,13,5,2,82,74,71,,3,,40,16,70,23,,,,,
San Juan,CAPITAL,Privado,Urbano,78,78,78,,,,,,73,71,59,46,73,74,77,50,,20,8,75,28,10,11,6,6,19,17,18,10,,2,1,76,49,11,25,6,16,8,77,50,37,48,52,1,,77,64,4,37,20,3,58,48,68,47,,18,18,20,3
San Juan,CAUCETE,Estatal,Rural,41,41,38,,3,,,,19,21,12,3,14,11,23,12,,1,1,27,18,1,2,1,,1,,,1,,,18,3,10,1,6,5,3,,20,13,6,5,3,1,,40,26,26,,,,10,6,23,8,,,,,
San Juan,CAUCETE,Estatal,Urbano,17,17,17,,,,,,10,11,4,1,6,7,15,4,,1,2,10,8,3,2,,,2,2,,,,,14,1,5,4,1,6,1,,14,6,4,4,3,2,,15,17,16,,,1,10,7,14,7,,,,,
San Juan,CHIMBAS,Estatal,Rural,9,9,9,,,,,,6,9,5,,6,7,8,1,,1,,7,6,,,,,,,,,,,6,,6,,,,,,6,,,,,,,9,8,8,,,,3,,6,2,,,,,
San Juan,CHIMBAS,Estatal,Urbano,49,48,48,1,,,,,29,38,15,6,21,23,40,5,,3,1,38,19,3,1,,,1,2,1,,,,29,,18,2,3,4,3,1,29,2,2,1,3,,3,45,47,47,,,,22,8,37,12,,,,,
San Juan,CHIMBAS,Privado,Urbano,7,7,7,,,,,,5,6,4,4,3,4,7,1,,,3,6,,,,,,,,,,,,,7,4,,1,,2,,7,2,,3,4,,,7,2,,1,,1,4,4,5,2,,2,2,1,
San Juan,Enmascarado,Estatal,Rural,8,8,8,,,,,,4,7,1,1,4,4,7,1,,1,1,8,4,1,,,,,,,,,,6,,3,1,1,1,,,6,,,,1,1,,7,8,8,,,,3,2,8,3,,,,,
San Juan,Enmascarado,Estatal,Urbano,14,14,14,,,,,,8,8,3,1,6,6,12,3,,1,1,11,8,2,1,,,1,1,1,,,,11,,5,,,5,,2,11,3,,2,1,1,,13,12,11,,,1,6,2,11,4,,,,,
San Juan,Enmascarado,Privado,Rural,3,3,3,,,,,,3,2,1,1,3,2,3,,,,,3,,,,,,,,,,,,,3,,2,,1,,,3,,,,1,,,3,1,,,1,,2,2,3,2,,2,2,1,
San Juan,Enmascarado,Privado,Urbano,19,19,19,,,,,,17,15,8,3,10,10,19,7,,2,2,16,2,2,,,,1,1,1,1,,,2,17,8,1,4,6,3,3,19,9,3,7,12,,2,17,12,4,2,3,3,13,12,16,11,,6,7,7,2
San Juan,IGLESIA,Estatal,Rural,24,24,23,,1,,,,20,14,13,5,10,11,20,11,,4,2,21,12,2,,,,,,,,,,18,,1,,2,16,,,18,3,1,1,,,3,21,20,20,,,,12,9,17,12,,,,,
San Juan,JACHAL,Estatal,Rural,62,62,61,2,1,,,,40,37,20,9,36,32,45,28,,16,4,34,24,7,4,,,3,4,,2,,1,40,1,20,,2,20,2,4,40,2,1,1,1,1,8,53,56,56,,,,20,7,45,12,,,,,
San Juan,JACHAL,Estatal,Urbano,13,13,13,,,,,,8,12,2,2,5,3,11,8,,1,1,9,4,3,1,,,1,1,1,1,,,8,,3,,,4,,1,8,,,1,,1,1,11,10,10,,,,8,6,11,4,,,,,
San Juan,POCITO,Estatal,Rural,42,42,42,,,,,,17,27,5,3,13,9,29,13,,,1,27,17,,,,,,,,,,,34,,28,3,5,3,,,34,1,,,,,,42,39,39,,,,6,3,29,8,,,,,
San Juan,POCITO,Estatal,Urbano,22,22,22,,,,,,15,19,5,,8,11,18,3,,,,15,8,3,1,1,,,,1,,,,18,,12,3,1,2,2,,18,,1,,1,,3,19,20,20,,,,5,3,15,3,,,,,
San Juan,RAWSON,Estatal,Rural,27,27,27,,,,,,13,18,8,3,9,10,20,10,,,1,17,14,,,,,1,,,,,,17,,11,2,,4,,1,16,,,1,1,,,27,20,20,,,,11,6,17,8,,,,,
San Juan,RAWSON,Estatal,Urbano,66,66,66,1,,,,,41,53,24,10,36,35,54,24,,3,2,55,32,8,4,1,,2,2,3,2,,,44,,30,1,6,5,2,2,44,3,3,1,1,,2,64,61,59,1,,1,32,13,56,22,,,,,
San Juan,RAWSON,Privado,Urbano,15,15,15,,,,,,12,12,11,8,13,12,14,5,,3,,15,1,3,1,2,1,2,2,2,1,,,,15,7,2,1,4,5,2,15,6,6,7,8,,,15,11,,4,7,,9,7,10,7,,5,7,5,
San Juan,RIVADAVIA,Estatal,Rural,11,11,11,,,,,,8,10,6,2,6,5,8,4,,,,10,6,,,,,,,,1,,,8,,6,,2,,,,8,1,1,,,,,11,9,9,,,,3,,9,3,,,,,
San Juan,RIVADAVIA,Estatal,Urbano,48,48,48,3,,,,,28,41,20,5,24,21,40,24,,5,4,40,21,3,1,1,,1,2,2,1,,,43,,32,1,5,3,3,1,43,3,3,,1,,,48,48,48,,,,22,14,37,12,,,,,
San Juan,RIVADAVIA,Privado,Urbano,21,21,21,,,,,,18,19,14,10,19,19,21,14,,5,1,18,3,3,5,4,4,5,6,7,1,,,1,20,11,4,6,2,5,,21,14,13,8,15,,,21,16,2,4,9,1,15,14,18,10,,5,5,4,1
San Juan,SAN MARTIN,Estatal,Rural,27,27,27,,,,1,,15,26,6,3,11,10,21,4,,2,,23,18,2,4,1,1,1,,1,,,,23,,10,1,3,11,,1,23,1,1,2,2,,2,25,23,23,,,,10,2,20,7,,,,,
San Juan,SANTA LUCIA,Estatal,Rural,10,10,10,,,,,,9,9,2,1,7,6,9,6,,,,8,5,3,2,,,1,2,2,,,,7,,4,,2,,1,,7,,,,,,1,9,9,9,,,,5,3,7,3,,,,,
San Juan,SANTA LUCIA,Estatal,Urbano,26,26,26,,,,,,16,17,9,1,6,9,22,8,,1,1,25,13,2,,,,,,,,,,21,1,7,,1,5,10,,22,1,2,1,2,,,26,24,24,,,,15,8,18,9,,,,,
San Juan,SANTA LUCIA,Privado,Urbano,6,6,6,,,,,,3,4,4,1,4,2,6,5,,2,1,6,2,1,1,2,1,1,1,1,1,,1,,6,6,1,,,,,6,2,2,4,4,,,6,3,,2,1,,4,4,5,2,,1,1,1,
San Juan,SARMIENTO,Estatal,Rural,42,41,41,,,,,,27,25,11,4,14,9,34,10,,6,2,33,21,2,2,,,,,,,,,37,,29,2,4,8,3,1,35,17,2,4,3,,1,40,40,40,,,,18,5,33,6,,,,,
San Juan,SARMIENTO,Estatal,Urbano,14,14,14,,,,,,13,12,5,5,7,6,11,6,,1,1,13,9,2,2,,,,1,,,,,12,,7,1,,6,1,,12,5,4,2,3,1,,13,13,13,,,,5,1,13,3,,,,,
San Juan,VALLE FERTIL,Estatal,Rural,38,37,33,2,6,,,,22,22,12,4,13,13,22,12,,8,,24,16,2,2,1,,2,2,1,1,,,20,,6,,,14,1,4,17,13,3,7,1,1,1,36,18,18,,,,5,1,30,4,,,,,
San Juan,VALLE FERTIL,Estatal,Urbano,7,7,7,,,,,,3,4,3,1,2,2,6,2,,2,1,4,2,1,,,,,,,,,,5,1,3,,1,2,1,1,6,2,1,,1,1,1,5,6,6,,,,1,1,6,2,,,,,
San Luis,AYACUCHO,Estatal,Rural,42,42,34,7,1,,,1,25,23,11,10,13,10,27,12,,11,1,22,,5,10,,4,7,6,9,7,,6,37,,7,,7,22,10,1,26,36,11,17,4,24,1,17,14,14,,,,2,,27,3,,,,,
San Luis,AYACUCHO,Estatal,Urbano,17,17,17,,,,,,15,16,14,5,10,9,16,8,,9,1,15,4,6,7,2,2,4,3,2,2,,3,17,,2,2,5,4,4,4,17,16,14,13,7,15,1,1,9,8,,,1,5,4,16,13,,,,,
San Luis,BELGRANO,Estatal,Rural,42,38,37,1,1,1,,,15,23,22,9,13,11,32,13,,10,5,27,8,2,3,5,1,3,2,9,2,,3,40,,8,,13,15,14,6,27,39,12,19,6,17,7,18,31,31,,,,10,8,25,10,,,,,
San Luis,CHACABUCO,Estatal,Rural,28,28,28,,,,,,14,21,13,7,8,10,17,10,,7,,19,4,,1,,,,1,,,,,28,,3,,4,18,6,1,22,27,6,10,2,18,2,8,15,15,,,,2,2,16,10,,,,,
San Luis,CHACABUCO,Estatal,Urbano,11,11,11,,,,,,10,10,9,4,8,7,10,7,,4,1,11,5,4,3,2,2,3,3,2,5,,1,11,,,1,4,6,3,2,11,11,8,11,7,10,,1,5,5,,,,6,5,10,7,,,,,
San Luis,CORONEL PRINGLES,Estatal,Rural,30,30,30,,,,,,16,18,13,2,15,13,23,16,,9,1,23,2,11,9,2,1,4,5,8,4,,4,30,,2,3,4,7,17,1,23,30,13,19,6,15,3,12,21,20,,,1,6,2,21,8,,,,,
San Luis,CORONEL PRINGLES,Estatal,Urbano,6,6,6,,,,,,5,4,4,1,4,3,5,3,,1,,6,2,3,3,2,,3,3,3,1,,1,6,,2,2,1,2,1,2,6,6,4,4,3,5,,1,6,6,,,,3,3,6,5,,,,,
San Luis,Enmascarado,Estatal,Rural,19,19,19,,,,,,11,13,11,1,9,7,14,5,,5,2,13,4,2,3,1,,2,2,1,,,,18,,,,1,4,13,2,13,18,9,13,3,10,2,7,17,17,,,,3,1,11,4,,,,,
San Luis,Enmascarado,Estatal,Urbano,11,11,10,1,1,,,,8,9,8,5,5,4,8,4,,2,1,8,4,2,4,3,3,3,2,3,2,,,10,1,1,,,3,2,5,9,9,6,8,4,5,,6,10,10,,,,3,2,8,6,,,,,
San Luis,Enmascarado,Privado,Rural,1,1,1,,,,,,1,1,1,1,1,1,1,1,,1,,1,,1,1,1,1,1,1,1,1,,1,1,,1,,,1,,,1,1,1,1,,,,1,,,,,,,,1,,,,,,
San Luis,Enmascarado,Privado,Urbano,4,4,4,,,,,,2,4,4,2,2,1,4,2,,,,4,,,1,1,,,,1,2,,,4,,1,1,3,1,,,4,4,2,4,2,3,,1,2,2,,,,1,1,2,2,,1,1,3,1
San Luis,GENERAL JUAN MARTIN DE PUEYRREDON,Estatal,Rural,41,41,41,,,,,,16,28,16,7,15,13,26,17,,5,,28,6,3,4,2,1,2,4,5,1,,2,38,,2,,7,17,15,1,29,36,10,20,6,24,,17,34,32,1,,1,6,2,21,6,,,,,
San Luis,GENERAL JUAN MARTIN DE PUEYRREDON,Estatal,Urbano,94,94,94,,1,1,,1,72,81,73,37,51,48,85,36,,26,7,86,25,32,29,11,9,19,24,18,16,,14,93,,7,5,32,18,46,13,92,88,67,72,46,53,2,39,79,72,2,3,2,37,25,80,60,,,,,
San Luis,GENERAL JUAN MARTIN DE PUEYRREDON,Privado,Urbano,39,39,39,1,,,,,31,37,33,20,32,32,37,23,,12,3,39,6,12,17,9,9,12,10,10,10,,5,17,21,15,4,26,4,9,10,38,36,25,29,17,3,1,35,26,10,8,6,2,20,16,32,21,,15,17,16,1
San Luis,GENERAL PEDERNERA,Estatal,Rural,32,32,32,,,,,,14,19,12,5,12,8,21,11,,6,4,18,6,4,5,2,,5,5,2,4,,1,31,1,3,,9,14,10,2,23,29,10,24,8,16,,16,25,24,1,,,6,3,18,10,,,,,
San Luis,GENERAL PEDERNERA,Estatal,Urbano,66,66,65,2,2,,,1,48,61,52,20,35,32,62,39,,20,7,56,20,21,16,5,4,14,14,6,11,,3,65,1,11,7,29,12,28,10,65,59,36,47,30,49,1,16,51,47,2,1,1,29,21,52,39,,,,,
San Luis,GENERAL PEDERNERA,Privado,Urbano,14,14,14,,,,,,13,10,9,9,12,11,13,10,,2,,13,3,7,6,5,3,6,7,7,5,,1,4,10,3,1,8,,4,2,14,12,7,10,6,1,,13,10,5,2,1,2,3,3,10,6,,3,3,2,
San Luis,JUNIN,Estatal,Rural,35,35,31,4,1,,,,21,23,18,9,19,16,27,14,,10,,27,9,3,2,4,2,2,1,5,2,,2,34,,5,,3,21,12,1,29,33,14,25,8,28,,7,24,24,,,,13,1,23,12,,,,,
San Luis,JUNIN,Estatal,Urbano,13,13,13,,,,,,10,9,8,2,9,8,12,7,,4,,10,4,3,2,,,2,3,1,2,,1,13,,1,2,4,3,6,,13,11,6,5,5,10,,3,11,11,,,,5,3,8,7,,,,,
San Luis,JUNIN,Privado,Urbano,6,6,6,,,,,,3,4,4,3,3,3,6,2,,,,4,,1,1,,,1,1,1,1,,,6,,1,,3,2,2,1,6,4,1,3,1,2,,4,3,1,1,1,,1,1,2,2,,1,1,3,1
San Luis,LIBERTADOR GRL SAN MARTIN,Estatal,Rural,48,46,36,10,4,,,,29,27,21,9,15,16,34,15,,14,2,25,14,5,5,3,2,5,4,5,4,,2,45,,1,,,25,17,4,30,42,11,26,8,30,1,17,26,26,,,,7,1,25,8,,,,,
Santa Cruz,CORPEN AIKE,Estatal,Urbano,12,12,12,,,,,,9,10,6,3,6,3,11,8,,1,3,11,3,6,7,1,1,4,2,3,4,,1,10,,3,1,4,3,1,,10,3,3,5,7,3,5,4,2,2,,,,8,8,11,9,,,,,
Santa Cruz,DESEADO,Estatal,Rural,12,12,12,,,,,,10,11,5,1,8,8,12,5,,2,,11,5,5,2,1,,2,4,3,,,,6,,1,,1,4,,,6,2,2,2,2,3,6,3,,,,,,4,4,12,5,,,,,
Santa Cruz,DESEADO,Estatal,Urbano,75,75,75,,,,,,54,67,34,9,54,44,66,45,,7,10,60,23,31,35,3,5,30,26,10,22,,3,58,4,31,13,22,3,4,2,61,15,18,19,23,8,34,33,18,5,4,4,5,40,32,68,48,,,,,
Santa Cruz,DESEADO,Privado,Urbano,20,20,20,3,,,,,18,18,17,11,16,10,19,11,,5,3,19,4,7,3,1,2,8,6,5,6,,1,,20,9,4,12,2,1,4,20,12,5,15,16,,,20,9,3,4,2,,17,16,15,13,,5,7,5,
Santa Cruz,Enmascarado,Estatal,Rural,10,10,10,,,,,,9,9,8,5,6,5,10,6,,5,,10,3,2,3,1,1,2,1,1,,,,9,,1,1,3,3,2,1,9,5,2,3,4,1,4,5,4,4,,,,9,3,9,5,,,,,
Santa Cruz,Enmascarado,Privado,Rural,1,1,,,,,,1,,1,,1,1,,1,1,,,,,,,1,,1,1,,1,1,,,1,,,,,1,,,,1,,,,,,1,,,,,,1,,1,,,,,,
Santa Cruz,Enmascarado,Privado,Urbano,6,5,5,,,,,,5,5,5,3,5,4,5,3,,1,,3,4,2,2,1,2,2,2,1,2,,1,,5,2,1,1,,,1,5,2,2,3,3,,,6,1,1,,,,3,1,5,2,,2,3,,
Santa Cruz,GUER AIKE,Estatal,Rural,12,12,6,5,4,4,,,11,11,8,2,8,6,11,7,,2,,10,7,3,3,1,,3,3,2,3,,,9,,1,,3,4,1,1,9,7,2,4,4,1,3,8,3,2,1,,,5,2,9,2,,,,,
Santa Cruz,GUER AIKE,Estatal,Urbano,78,78,78,1,,,,,55,73,38,10,52,46,73,42,,11,8,68,29,38,36,8,2,32,29,16,22,,2,71,5,27,11,34,5,13,6,76,34,33,32,41,14,22,42,47,40,3,1,3,52,39,70,55,,,,,
Santa Cruz,GUER AIKE,Privado,Urbano,23,23,23,5,,,,,20,22,20,14,23,19,23,16,,2,1,22,6,10,7,3,3,10,8,10,6,,1,3,20,7,6,7,2,5,,23,20,16,19,16,1,,22,13,6,4,1,2,17,13,20,14,,7,9,5,1
Santa Cruz,LAGO ARGENTINO,Estatal,Urbano,11,11,11,,,,,,8,10,9,3,8,7,11,6,,1,1,11,6,5,6,4,2,6,4,3,3,,,11,,5,5,4,,1,,11,5,5,5,5,4,3,4,3,2,,,1,8,8,11,9,,,,,
Santa Cruz,LAGO ARGENTINO,Privado,Urbano,5,5,5,,,,,,5,5,4,3,5,5,5,2,,2,2,5,,3,3,2,2,4,4,4,2,,1,1,4,1,5,,,1,2,5,4,4,4,5,,1,4,2,1,1,,,5,4,5,5,,,2,1,1
Santa Cruz,LAGO BUENOS AIRES,Estatal,Urbano,11,11,11,,,,,,8,9,5,3,6,5,10,7,,5,3,9,2,3,4,1,,3,2,1,5,,4,9,1,,1,7,,2,,9,2,3,5,7,2,5,4,3,,1,,2,7,7,9,6,,,,,
Santa Cruz,MAGALLANES,Estatal,Urbano,6,6,6,,,,,,6,6,4,1,4,5,6,4,,3,1,6,4,3,3,2,,1,3,2,3,,,6,,2,,3,1,1,,6,4,2,5,4,1,3,2,,,,,,3,3,6,3,,,,,
Santa Cruz,RIO CHICO,Estatal,Urbano,5,5,5,,,,,,5,5,5,1,5,5,5,4,,3,1,5,4,4,3,1,,3,3,2,2,,,2,3,,,3,,1,1,5,1,3,3,3,1,3,1,3,1,,,2,4,3,5,2,,,,,
Santa Fe,9 DE JULIO,Estatal,Rural,78,73,23,11,17,,,66,64,12,1,,,12,29,,,34,,56,,1,,,,,,4,,,2,78,,,1,5,41,31,1,78,,,,1,15,61,2,78,78,,,,13,13,18,12,,,,,
Santa Fe,9 DE JULIO,Estatal,Urbano,23,20,17,1,,,,17,13,6,1,2,,6,10,1,,2,,13,,,,,,,,2,,,,23,,,13,5,1,4,,23,,,,1,8,15,,23,23,,,,7,7,8,7,,,,,
Santa Fe,BELGRANO,Estatal,Rural,16,16,3,1,,,,16,9,3,2,,,4,8,,,6,,12,,,,,,,,1,,,,16,,,4,,2,10,,16,,,,,8,8,,16,16,,,,3,3,3,3,,,,,
Santa Fe,BELGRANO,Estatal,Urbano,32,32,26,,,,,25,28,14,3,3,,13,19,1,,8,,30,,2,,,,,2,3,,,,32,,,22,3,,6,1,32,,,,1,20,12,,32,32,,,,11,11,18,16,,,,,
Santa Fe,BELGRANO,Privado,Urbano,8,7,7,1,,,,5,6,6,4,1,,4,2,1,,1,,6,,,,,,,,,,,,1,7,,7,1,,,,7,,,,1,,2,6,8,8,,,,3,3,3,3,,3,3,4,1
Santa Fe,CASEROS,Estatal,Rural,17,17,12,1,,,,11,15,6,3,,,3,8,,,4,,14,,,,,,,,2,,,,17,,,3,8,4,3,,17,,,,2,12,5,,17,17,,,,3,3,5,4,,,,,
Santa Fe,CASEROS,Estatal,Urbano,58,56,54,2,,,,38,50,34,9,2,1,21,33,1,,5,,49,,4,2,1,,1,3,4,1,,1,58,,,24,25,7,5,,57,1,1,1,9,45,11,2,58,58,,,,24,24,29,26,,,,,
Santa Fe,CASEROS,Privado,Urbano,16,16,15,,,,,10,15,13,2,,,7,5,,,2,,14,,,,1,,,,2,,,1,,16,,16,,,,,16,,,,,1,8,7,16,16,,,,8,8,7,6,2,6,6,8,2
Santa Fe,CASTELLANOS,Estatal,Rural,110,103,54,2,3,,,93,84,39,12,1,,42,46,2,,44,,75,,2,1,,,,2,6,,,1,110,,,41,27,24,18,,105,,,,6,38,64,8,110,110,,,,19,19,31,29,,,,,
Santa Fe,CASTELLANOS,Estatal,Urbano,103,97,87,,2,,,61,73,62,22,8,3,41,61,6,,15,,82,2,9,1,1,,1,3,13,1,,3,103,,1,48,37,7,12,1,100,,1,2,6,45,47,11,99,99,,,,30,30,58,50,,,,,
Santa Fe,CASTELLANOS,Privado,Rural,7,7,7,,,,,4,7,6,2,,,3,3,,,1,,6,,,,,,,,,,,,,7,,7,,,,,7,,,,,3,2,2,7,7,,,,4,4,5,5,1,3,2,4,
Santa Fe,CASTELLANOS,Privado,Urbano,27,25,25,,,,,15,21,19,6,,,10,18,1,,1,,22,,1,,,,,,9,,,1,3,24,,26,,,1,,24,,,,3,3,5,19,27,27,,,,12,12,13,9,2,10,7,10,2
Santa Fe,CONSTITUCION,Estatal,Rural,29,26,20,,,,,21,23,11,3,1,,11,15,1,,8,,23,,2,1,,,,1,1,,,,29,,,12,8,3,6,,29,,,,,14,11,4,29,29,,,,8,8,12,11,,,,,
Santa Fe,CONSTITUCION,Estatal,Urbano,43,42,42,,,,,24,37,23,7,5,,19,29,3,,3,,37,,5,2,,,,1,4,,,,43,,,28,12,4,1,,43,,2,,2,21,19,3,43,43,,,,17,17,22,21,,,,,
Santa Fe,CONSTITUCION,Privado,Urbano,19,17,17,,,,,12,16,12,1,,,5,9,1,,1,,15,,1,,,,,,,,,,2,17,,17,1,1,,,17,,,,2,3,3,13,19,19,,,,7,7,8,8,4,8,4,8,2
Santa Fe,Enmascarado,Privado,Rural,11,10,7,,,,,8,9,8,1,1,,2,4,,,1,,8,,1,,,,,,,,,,,11,,11,,,,,11,,,,,9,1,1,11,11,,,,5,5,4,4,,,1,10,
Santa Fe,Enmascarado,Privado,Urbano,3,3,3,,,,,2,3,3,1,,,1,1,,,,,3,,,,,,,,,,,,,3,,3,,,,,3,,,,,,,3,3,3,,,,2,2,2,2,,1,1,2,
Santa Fe,GARAY,Estatal,Rural,10,10,6,,,,,6,9,3,1,,,3,2,,,3,,10,,,,,,,,,,,,10,,,3,2,6,,,10,,,,1,4,5,1,10,10,,,,2,2,3,3,,,,,
Santa Fe,GARAY,Estatal,Urbano,26,23,16,,,,,19,19,12,6,1,,12,15,,,4,,21,,1,1,1,,,,3,,,1,26,,,12,6,6,2,,26,,,,,7,16,3,26,26,,,,6,6,10,9,,,,,
Santa Fe,GENERAL LOPEZ,Estatal,Rural,70,63,36,2,,,,51,42,21,7,2,,26,29,,,20,,44,,,1,,,,,4,,,1,70,,,23,10,14,24,,70,,,,5,28,32,10,70,70,,,,15,15,20,16,,,,,
Santa Fe,GENERAL LOPEZ,Estatal,Urbano,126,120,117,2,1,,,85,95,57,17,7,,37,60,2,,13,,101,,3,1,,,,,6,,,2,126,,,69,50,11,1,,126,,,,11,68,48,10,126,126,,,,43,43,51,43,,,,,
Santa Fe,GENERAL LOPEZ,Privado,Rural,7,7,5,,,,,6,7,4,1,,,1,2,,,1,,5,,,,,,,,1,,,,,7,,7,,,,,7,,,,,1,3,3,7,7,,,,2,2,5,5,,2,2,4,1
Santa Fe,GENERAL LOPEZ,Privado,Urbano,38,37,35,3,,,,25,32,26,7,3,,13,17,1,,3,,33,,,,,,,,4,,,,2,36,,36,1,,,1,36,,,,2,3,8,27,38,38,,,,13,13,14,12,3,13,13,17,4
Santa Fe,GENERAL OBLIGADO,Estatal,Rural,107,101,26,1,2,,,88,71,27,6,1,,41,55,1,,46,,71,,1,,,,,1,3,,,1,107,,,24,10,61,17,1,107,,,,7,21,68,18,107,107,,,,17,17,26,23,,,,,
Santa Fe,GENERAL OBLIGADO,Estatal,Urbano,122,117,108,2,3,,,72,84,46,11,2,,33,62,,,9,,85,,2,1,,,,1,10,,,,122,,,61,40,21,4,1,122,,,,8,28,84,10,122,122,,,,28,28,46,41,,,,,
Santa Fe,GENERAL OBLIGADO,Privado,Rural,7,4,2,1,,,,4,4,3,,,,1,1,,,,,4,,,,,,,,,,,,1,6,,6,,,1,,6,,,,1,2,1,4,7,7,,,,4,4,4,4,,,3,4,
Santa Fe,GENERAL OBLIGADO,Privado,Urbano,32,31,31,,2,,,23,27,19,4,,,8,10,1,,3,,25,,2,1,,,,,2,,,,1,31,,31,1,,,,31,,,,1,5,5,22,32,32,,,,9,9,13,10,1,11,11,9,6
Santa Fe,IRIONDO,Estatal,Rural,50,44,19,,1,,,41,27,10,2,,,6,14,,,9,,28,,,,,,,,2,,,1,50,,,11,6,8,25,,50,,,,,12,35,3,50,50,,,,8,8,16,15,,,,,
Santa Fe,IRIONDO,Estatal,Urbano,44,41,35,2,,,,29,39,24,10,2,,14,28,,,9,,39,,1,,,,,,4,,,,44,,,17,20,2,6,,44,,,,3,22,21,1,44,44,,,,17,17,25,22,,,,,
Santa Fe,IRIONDO,Privado,Urbano,10,10,9,,,,,8,10,10,,,,2,2,,,1,,10,,,,,,,,2,,,,,10,,10,,,,,10,,,,,1,,9,10,10,,,,5,5,7,6,2,4,4,5,1
Santa Fe,LA CAPITAL,Estatal,Rural,24,22,16,,,,,17,18,5,2,,,6,8,1,,4,,18,,1,,,,,,2,,,,24,,,7,4,6,7,,24,,,,,11,11,2,24,24,,,,4,4,12,11,,,,,
Santa Fe,LA CAPITAL,Estatal,Urbano,242,229,227,,2,,,133,198,101,33,20,5,91,134,11,,24,2,203,3,8,1,2,,,1,19,1,,1,236,2,2,156,68,17,1,3,238,3,5,3,14,81,139,19,238,234,4,,,86,86,126,117,,,,,
Santa Fe,LA CAPITAL,Privado,Urbano,195,171,165,,1,,,97,131,96,29,9,,59,64,3,,8,,137,,1,1,,,,1,14,1,,,8,187,,192,3,,,,188,,,,8,5,15,175,195,195,,,,54,54,66,56,9,80,58,58,18
Santa Fe,LAS COLONIAS,Estatal,Rural,101,99,46,2,1,,,87,83,38,6,2,,43,59,1,,43,,85,,1,1,,,,,8,,,2,101,,,33,21,28,21,,101,,,,4,52,45,4,101,101,,,,19,19,27,20,,,,,
Santa Fe,LAS COLONIAS,Estatal,Urbano,65,62,53,2,4,,,45,52,36,13,4,1,26,41,1,,6,1,54,1,7,3,1,1,1,3,10,,,,65,,,27,24,8,7,,64,,1,,4,39,23,3,64,64,,,,26,26,33,29,,,,,
Santa Fe,LAS COLONIAS,Privado,Rural,7,7,7,2,1,,,7,5,6,3,,,3,4,,,,,7,,,,,,,,3,,,,,7,,7,,,,,7,,,,,4,1,2,7,7,,,,4,4,4,4,2,2,1,4,1
Santa Fe,LAS COLONIAS,Privado,Urbano,23,21,21,,,,,20,21,13,1,,,4,10,,,4,,20,,,1,,,,,4,,,,,23,,23,,,,,23,,,,,2,4,17,23,23,,,,10,10,13,9,2,6,6,10,3
Santa Fe,ROSARIO,Estatal,Rural,23,22,15,1,,,,15,15,7,,2,,6,12,1,,3,,19,,2,1,,,,,,,,,23,,,14,,6,4,,23,,,,1,6,15,2,23,23,,,,2,2,6,4,,,,,
Santa Fe,ROSARIO,Estatal,Urbano,449,414,413,2,2,,,213,335,191,58,25,,171,270,8,,34,,345,,13,2,,,,5,37,,,2,445,,,285,148,22,1,2,445,,1,,18,94,312,40,446,445,1,,,137,137,204,182,,,,,
Santa Fe,ROSARIO,Privado,Urbano,343,319,319,7,,,,164,267,171,45,7,,82,97,3,,11,,264,,2,1,,,,,20,,,2,13,330,,333,7,1,1,1,330,,,,13,11,26,306,343,343,,,,149,149,127,114,20,125,120,118,34
Santa Fe,SAN CRISTOBAL,Estatal,Rural,107,104,37,11,12,,,90,77,22,7,3,,34,51,2,,39,,74,,,1,,,,,5,,,,107,,,25,20,37,29,,106,,,,6,27,64,16,107,107,,,,19,19,28,22,,,,,
Santa Fe,SAN CRISTOBAL,Estatal,Urbano,54,52,45,3,3,,,41,46,28,3,1,,18,32,3,,10,,45,,1,,,,,,8,,,1,54,,,16,27,7,4,1,54,,,,3,25,25,4,54,54,,,,17,17,30,26,,,,,
Santa Fe,SAN CRISTOBAL,Privado,Urbano,15,15,15,,,,,14,12,10,1,1,,1,8,1,,2,,14,,,,,,,,6,,,,1,14,,15,,,1,,14,,,,1,2,6,7,15,15,,,,6,6,10,6,4,5,5,5,4
Santa Fe,SAN JAVIER,Estatal,Rural,33,32,5,1,,,,29,26,11,2,,,14,20,1,,14,,26,,,,,,,,2,,,,33,,,7,3,22,2,,33,,,,3,10,20,3,33,33,,,,7,7,9,7,,,,,
Santa Fe,SAN JAVIER,Estatal,Urbano,21,19,14,,,,,14,14,9,2,1,,5,10,,,7,,15,,1,,,,,,2,,,1,21,,,8,7,4,2,,21,,,,1,5,14,2,21,21,,,,8,8,9,7,,,,,
Santa Fe,SAN JAVIER,Privado,Urbano,8,8,8,,,,,7,7,4,,,,2,3,,,2,,7,,1,,,,,,1,,,1,1,7,,7,,1,,,7,,,,1,,6,2,8,8,,,,1,1,4,3,,3,3,2,1
Santa Fe,SAN JERONIMO,Estatal,Rural,54,50,26,,,,,45,40,16,4,2,,22,27,1,,19,,40,,4,1,,,,2,6,,,,54,,,18,12,12,13,1,54,,,,2,17,32,5,54,54,,,,10,10,20,13,,,,,
Santa Fe,SAN JERONIMO,Estatal,Urbano,55,53,49,3,,,,45,47,27,10,3,,24,33,1,,3,,45,,2,,,,,,10,,,,55,,,38,11,5,2,,55,,,,1,28,25,2,55,55,,,,21,21,23,20,,,,,
Santa Fe,SAN JERONIMO,Privado,Urbano,8,8,8,,,,,7,7,4,1,,,1,4,,,,,7,,,,,,,,1,,,,,8,,8,,,,,8,,,,,1,1,6,8,8,,,,3,3,3,2,,3,3,3,1
Santa Fe,SAN JUSTO,Estatal,Rural,55,54,24,2,,,,43,44,14,4,1,,20,24,,,18,,44,,,,,,,,2,,,,55,,,20,9,16,10,,55,,,,,15,39,1,55,55,,,,13,13,13,12,,,,,
Santa Fe,SAN JUSTO,Estatal,Urbano,23,23,22,,,,,8,19,12,6,3,3,9,12,4,,3,,20,1,1,1,,,,1,2,,,,23,,2,12,8,3,1,1,23,4,1,3,2,6,17,,20,19,1,,,5,5,11,9,,,,,
Santa Fe,SAN JUSTO,Privado,Urbano,6,5,5,,,,,4,4,1,2,,,2,3,,,,,4,,,,,,,,1,,,,,6,,6,,,,,6,,,,,1,2,3,6,6,,,,2,2,2,2,,3,3,2,1
Santa Fe,SAN LORENZO,Estatal,Rural,9,9,8,,,,,5,9,7,,,,2,6,2,,,,8,,,,,,,,2,,,,9,,,3,3,2,1,,9,,,,,1,7,1,9,9,,,,1,1,5,3,,,,,
Santa Fe,SAN LORENZO,Estatal,Urbano,88,81,80,1,,,1,48,72,40,16,5,1,34,49,2,,7,,69,1,4,1,,,,3,3,,,,88,,1,66,21,1,,1,88,1,1,1,2,18,61,9,87,87,,,,23,23,31,28,,,,,
Santa Fe,SAN LORENZO,Privado,Urbano,33,30,30,2,,,,13,25,21,11,1,,12,12,,,1,,24,,1,,,,,,2,,,,1,32,,32,1,,,,32,,,,1,1,6,26,33,33,,,,12,12,11,10,1,11,11,14,5
Santa Fe,SAN MARTIN,Estatal,Rural,44,42,22,,1,,,38,36,15,4,2,,21,26,,,18,,37,,2,,,,,,3,,,1,44,,,14,8,11,11,,44,,,,1,18,25,1,44,44,,,,4,4,16,15,,,,,
Santa Fe,SAN MARTIN,Estatal,Urbano,42,41,35,,3,,,32,36,20,2,1,,17,24,,,5,,37,,2,,,,,,4,,,,42,,,24,14,2,2,,42,,1,,3,28,12,2,42,42,,,,13,13,24,20,,,,,
Santa Fe,SAN MARTIN,Privado,Urbano,11,11,11,,1,,,9,11,10,3,2,,7,4,,,1,,11,,1,,1,,,,2,,,1,,11,,11,,,,,11,,,,,2,4,5,11,11,,,,5,5,7,6,1,3,3,7,
Santa Fe,VERA,Estatal,Rural,74,67,27,6,8,,,55,51,10,2,,,16,31,2,,23,,48,,,,,,,,6,,,,74,,,9,10,45,10,1,74,,,,3,20,49,5,74,74,,,,9,9,14,8,,,,,
Santa Fe,VERA,Estatal,Urbano,48,43,30,,1,,,34,26,12,4,1,,10,24,,,7,,30,,1,1,,,,1,2,,,,47,1,,17,15,13,2,2,48,,,,1,18,24,6,48,48,,,,13,13,10,8,,,,,
Santa Fe,VERA,Privado,Rural,7,4,3,1,2,,,3,4,2,,,,1,,,,1,,2,,,,,,,,,,,,,7,,7,,,,,7,,,,,2,1,4,7,7,,,,2,2,1,1,,1,4,3,
Santa Fe,VERA,Privado,Urbano,11,11,10,1,5,,,7,9,6,,,,1,4,,,,,10,,,,,,,,1,,,,2,9,,11,,,,,9,,,,2,1,3,7,11,11,,,,5,5,6,5,,4,4,4,2
Santiago del Estero,AGUIRRE,Estatal,Rural,16,13,9,2,2,,,,9,8,3,,4,5,9,5,,1,1,9,1,1,1,,,1,1,1,,,,,,,,,,,,,,,,,,11,5,1,1,,,,1,,9,,,,,,
Santiago del Estero,ALBERDI,Estatal,Rural,72,46,8,5,34,,,1,42,8,4,4,34,29,37,10,,3,1,37,2,5,3,,3,4,3,3,2,,,3,,,,1,1,1,,3,2,1,2,,2,46,18,1,,,,1,6,1,15,3,,,,,
Santiago del Estero,ALBERDI,Estatal,Urbano,9,9,9,,,,,,5,7,1,,4,6,6,4,,,,6,2,3,2,,,1,2,2,1,,,3,3,,,,1,4,1,5,3,1,,1,2,4,3,2,2,,,,3,3,7,2,,,,,
Santiago del Estero,ATAMISQUI,Estatal,Rural,36,26,22,2,3,,,,19,14,2,2,11,15,16,3,,2,,12,4,5,4,,,1,1,4,,,,2,,,,,1,1,,,1,,1,,1,18,13,1,1,,,,,,9,3,,,,,
Santiago del Estero,AVELLANEDA,Estatal,Rural,77,51,18,12,26,,,,39,33,10,8,25,27,35,17,,3,,41,5,16,16,6,4,13,7,13,9,,,4,5,1,,2,2,3,2,7,2,,2,,2,51,23,7,7,,,,13,5,34,12,,,,,
Santiago del Estero,BANDA,Estatal,Rural,118,100,90,5,8,,1,,56,66,28,21,31,41,65,28,,8,3,60,19,17,23,7,6,10,14,18,10,,3,10,1,,1,4,5,1,1,7,7,4,4,1,4,65,48,13,12,,,1,16,10,62,19,,,,,
Santiago del Estero,BANDA,Estatal,Urbano,84,80,80,,,,,,70,57,23,10,54,49,74,49,,12,4,72,18,29,17,5,4,17,17,15,15,,6,40,7,6,6,27,6,4,6,45,22,15,13,17,9,52,19,16,11,1,1,3,30,21,55,31,,,,,
Santiago del Estero,BANDA,Privado,Urbano,15,15,15,,,,,,8,12,7,5,10,9,14,4,,3,1,13,2,3,3,2,1,3,3,3,,,,,14,9,1,10,,,2,14,6,4,5,3,,,15,5,2,2,1,,5,5,11,5,1,4,6,6,3
Santiago del Estero,CAPITAL,Estatal,Rural,78,71,65,4,6,,,,47,42,18,8,30,34,43,21,,14,,49,11,8,9,2,1,6,6,5,4,,1,9,1,,1,4,2,2,1,8,5,2,4,1,1,37,37,18,10,,,8,14,3,37,10,,,,,
Santiago del Estero,CAPITAL,Estatal,Urbano,140,136,135,1,,,,,118,116,56,30,80,80,116,71,,27,8,129,38,48,35,12,9,23,27,24,18,,8,68,21,18,5,62,5,11,5,85,59,45,39,53,36,75,25,39,25,5,3,6,79,59,113,54,,,,,
Santiago del Estero,CAPITAL,Privado,Urbano,58,56,56,,,,,,48,48,26,28,40,38,53,33,,14,2,54,5,20,24,8,13,23,20,19,16,,6,,55,27,11,38,1,8,6,55,44,36,40,32,1,1,54,29,8,9,11,1,30,26,49,32,4,17,23,25,14
Santiago del Estero,CHOYA,Estatal,Rural,61,54,36,1,18,,,,34,30,13,5,19,24,35,12,,3,1,29,10,9,8,5,3,6,8,7,3,,,2,,,,,,2,,2,,1,1,1,,35,24,8,8,,,,8,4,25,9,,,,,
Santiago del Estero,CHOYA,Estatal,Urbano,22,22,22,,,,,,20,19,9,2,14,13,17,9,,4,5,18,6,9,5,1,,6,5,4,4,,1,12,1,6,1,2,1,5,2,13,7,6,6,6,2,15,5,6,6,,,,8,7,15,10,,,,,
Santiago del Estero,CHOYA,Privado,Urbano,5,5,5,,,,,,3,5,3,1,3,4,5,1,,,,5,,1,1,1,,1,1,1,,,,,5,5,,,,,,5,4,3,3,2,,,5,2,1,,,1,3,3,3,3,,4,4,3,2
Santiago del Estero,COPO,Estatal,Rural,86,67,16,5,50,,,,55,24,5,10,29,30,48,24,,6,3,40,7,13,8,,4,7,7,9,5,,1,10,4,1,,1,9,1,2,13,2,1,2,,1,64,15,5,4,1,,,10,3,33,12,,,,,
Santiago del Estero,COPO,Estatal,Urbano,15,14,14,,,,,,9,13,5,6,7,9,10,7,,,,12,5,3,5,1,2,3,4,1,,,,1,8,1,1,3,1,3,1,9,1,,1,1,1,8,5,6,4,1,1,,9,4,12,10,,,,,
Santiago del Estero,Enmascarado,Estatal,Rural,27,21,10,1,11,,,,10,10,3,3,9,6,13,8,,6,,8,5,3,1,,,1,2,1,1,,2,,2,1,,,1,,,2,1,,1,,2,17,6,,,,,,5,2,15,6,,,,,
Santiago del Estero,Enmascarado,Estatal,Urbano,42,38,38,1,,,,,35,36,20,9,26,32,34,22,,8,2,35,14,15,14,5,2,7,12,11,7,,3,19,5,,,14,9,,2,22,9,6,7,7,5,28,5,9,8,,1,,10,7,32,12,,,,,
Santiago del Estero,Enmascarado,Privado,Rural,13,13,13,2,,,,,10,9,4,3,7,8,12,6,,,3,10,,4,5,1,1,1,2,5,3,,,1,9,,,4,4,2,,10,5,5,5,4,1,3,9,4,2,1,1,,6,4,10,8,,1,2,8,1
Santiago del Estero,Enmascarado,Privado,Urbano,22,21,21,,,,,,16,18,13,6,7,11,19,5,,1,4,19,1,3,4,2,2,2,3,4,2,,1,2,14,5,,8,5,1,2,15,7,6,8,4,3,1,17,5,3,1,1,,6,6,18,13,1,7,5,11,1
Santiago del Estero,FIGUEROA,Estatal,Rural,102,83,63,6,19,,,,63,55,21,17,43,50,60,32,,11,4,54,12,13,14,5,3,8,7,12,7,,2,18,,2,,1,14,2,1,16,8,3,4,2,1,68,30,5,5,,,,13,5,41,14,,,,,
Santiago del Estero,GENERAL TABOADA,Estatal,Rural,54,41,26,6,12,,1,,28,25,12,5,22,19,29,17,,7,1,27,5,8,7,3,1,5,5,7,4,,4,3,,,,3,1,,,3,1,1,,,,42,10,1,1,,,,5,1,22,11,,,,,
Santiago del Estero,GENERAL TABOADA,Estatal,Urbano,19,19,19,,,,,,17,18,11,4,9,11,17,7,,7,5,19,4,7,7,3,1,3,4,5,2,,3,16,2,3,,9,6,3,1,15,6,3,5,6,4,10,5,8,7,,,1,7,4,14,7,,,,,
Santiago del Estero,GUASAYAN,Estatal,Rural,42,39,35,1,4,,,,20,28,9,6,11,12,24,9,,6,3,17,4,10,11,4,4,5,5,8,5,,3,6,,1,,3,4,,1,4,2,3,4,1,1,20,18,2,2,,,,7,1,20,7,,,,,
Santiago del Estero,JIMENEZ,Estatal,Rural,71,62,47,5,14,,,,41,32,10,11,21,25,40,13,,13,1,29,11,5,5,1,3,5,4,7,1,,2,35,,6,,,31,2,2,14,22,2,10,1,,40,29,8,8,,,,6,1,42,13,,,,,
Santiago del Estero,JUAN F IBARRA,Estatal,Rural,62,51,35,6,12,1,,,37,23,13,10,28,32,36,12,,4,2,31,10,9,6,5,3,8,9,9,3,,1,4,1,1,,1,2,1,1,4,2,1,2,1,2,43,16,8,6,,,2,12,3,33,10,,,,,
Santiago del Estero,JUAN F IBARRA,Estatal,Urbano,9,9,9,,,,,,8,6,,,6,4,8,4,,3,1,6,2,2,2,,,3,2,3,2,,1,,1,1,,,,,,1,,,,,2,7,,,,,,,2,1,6,4,,,,,
Santiago del Estero,LORETO,Estatal,Rural,68,52,38,5,12,,,,48,28,8,7,16,24,39,17,,4,,25,13,11,8,3,5,4,7,11,4,,1,2,,,,,2,,,2,,1,,1,,35,32,3,3,,,,6,,26,8,,,,,
Santiago del Estero,LORETO,Estatal,Urbano,13,13,13,,,,,,9,8,2,,6,7,8,2,,1,1,11,3,6,6,2,,6,6,4,2,,1,5,,1,,,1,3,,3,2,1,2,2,,7,6,2,2,,,,5,4,7,5,,,,,
Santiago del Estero,MORENO,Estatal,Rural,85,73,41,12,29,1,,,58,37,27,22,43,42,53,13,,8,2,53,30,10,9,3,4,8,8,10,3,,1,6,1,1,1,,4,,1,5,4,3,4,1,6,56,20,11,10,,,1,21,3,48,11,,,,,
Santiago del Estero,MORENO,Estatal,Urbano,14,14,14,,,,,,14,14,7,5,10,10,13,6,,4,,13,6,6,5,2,,3,3,2,3,,2,8,3,1,,3,4,3,,10,5,5,6,2,3,8,3,7,6,,,1,8,4,14,10,,,,,
Santiago del Estero,MORENO,Privado,Urbano,6,5,5,,,,,,2,5,3,1,3,2,5,2,,,,5,,1,4,1,,1,1,1,,,,,5,2,2,,2,,1,5,2,4,2,2,,,5,1,1,,,,3,2,5,4,,3,4,1,1
Santiago del Estero,OJO DE AGUA,Estatal,Rural,49,45,19,11,20,,,,38,12,2,3,13,19,27,14,,4,1,17,5,7,2,1,1,1,3,3,2,,,2,,,,,2,,,1,1,,,,1,23,23,3,3,,,,1,,30,8,,,,,
Santiago del Estero,OJO DE AGUA,Estatal,Urbano,11,10,10,,,,,,8,9,2,2,4,7,9,5,,1,,9,1,1,2,,1,1,1,2,,,1,3,1,,,,4,,,4,2,1,2,2,,9,1,3,3,,,,4,2,8,4,,,,,
Santiago del Estero,PELLEGRINI,Estatal,Rural,106,86,51,7,33,,,,56,37,20,11,42,41,48,28,,8,,36,8,20,7,4,2,16,16,13,13,,3,9,1,1,,1,7,1,1,10,4,1,1,,1,65,36,4,4,,,,12,3,65,11,,,,,
Santiago del Estero,QUEBRACHOS,Estatal,Rural,52,41,8,7,31,,,,33,11,3,1,22,24,32,20,,20,,22,3,12,3,,,6,6,7,4,,5,8,,1,,,8,,,1,5,1,1,,1,31,20,3,3,,,,4,,29,9,,,,,
Santiago del Estero,QUEBRACHOS,Estatal,Urbano,6,6,6,,,,,,5,6,2,3,3,4,6,3,,,1,5,,4,3,,1,3,3,2,2,,,,2,,,1,,,1,2,,1,,,,4,2,3,3,,,,3,3,6,4,,,,,
Santiago del Estero,RIO HONDO,Estatal,Rural,96,90,87,,3,,,,62,44,16,7,32,38,64,26,,4,,58,17,16,17,3,3,7,9,16,9,,1,5,,,,1,4,1,,3,4,,2,,5,49,40,6,6,,,,11,7,40,16,,,,,
Santiago del Estero,RIO HONDO,Estatal,Urbano,20,15,15,,,,,,12,14,6,2,8,10,15,5,,3,2,13,3,6,5,,1,3,4,2,2,,1,6,3,1,2,3,2,,1,9,6,5,3,4,,13,2,6,6,,,,6,4,13,6,,,,,
Santiago del Estero,RIO HONDO,Privado,Urbano,7,7,7,,,,,,6,7,6,4,4,4,7,7,,1,1,7,,1,1,1,,2,1,1,2,,,,7,6,,2,,,,7,4,1,5,2,1,,6,2,1,,,1,2,2,7,2,1,4,3,3,
Santiago del Estero,RIVADAVIA,Estatal,Rural,17,17,16,1,1,,,,13,12,4,2,14,12,13,8,,7,1,12,3,1,4,2,1,3,3,2,1,,1,1,,,,,1,,,1,1,1,,,,16,1,3,2,1,,,3,1,13,3,,,,,
Santiago del Estero,ROBLES,Estatal,Rural,43,41,40,,1,,,,28,26,13,3,28,25,29,17,,2,2,37,12,9,6,2,1,6,8,5,5,,,8,1,1,,5,3,1,,9,3,1,1,1,1,28,14,4,4,,,,8,4,29,9,,,,,
Santiago del Estero,ROBLES,Estatal,Urbano,29,28,28,,,,,,24,22,9,4,16,21,24,13,,1,4,26,5,11,12,1,1,8,9,5,3,,,11,2,2,4,4,5,2,1,12,8,9,6,8,3,16,9,12,9,1,,2,12,9,20,14,,,,,
Santiago del Estero,ROBLES,Privado,Urbano,6,5,5,1,,,,,5,5,4,5,3,4,5,4,,3,1,5,,3,3,1,1,3,4,1,3,,1,,5,1,,1,2,2,1,5,1,4,2,2,1,1,3,3,2,1,,,2,2,5,4,,2,2,3,
Santiago del Estero,SALAVINA,Estatal,Rural,61,41,9,12,25,,,,29,19,4,1,14,15,25,13,,7,1,34,9,5,2,,,4,5,4,2,,,1,,,,1,,,,1,1,,,,1,47,11,1,1,,,,3,,30,5,,,,,
Santiago del Estero,SAN MARTIN,Estatal,Rural,52,42,28,5,14,,,,29,28,14,4,24,25,26,15,,14,,29,11,11,7,5,,9,9,10,5,,4,15,1,1,,1,12,2,,10,6,4,4,2,3,32,15,10,6,3,1,,9,5,30,6,,,,,
Santiago del Estero,SARMIENTO,Estatal,Rural,21,14,9,1,5,,,,13,4,2,,8,10,7,5,,3,1,13,1,1,,1,,1,1,1,,,,,,,,,,,,,,,,,,12,8,2,2,,,,,,8,2,,,,,
Santiago del Estero,SILIPICA,Estatal,Rural,32,30,24,,6,,,,22,12,7,4,16,16,18,13,,6,,12,6,10,6,3,1,9,8,7,5,,2,17,,,,3,10,5,1,13,10,5,7,4,1,17,14,5,3,,1,1,6,3,20,10,,,,,
Tierra del Fuego,Enmascarado,Estatal,Rural,5,5,4,1,,,,,4,5,4,2,4,2,5,3,,,,4,3,,,1,,,,1,,,,5,,1,,1,3,,,4,4,2,2,2,,,5,4,4,,,,3,1,4,2,,,,,
Tierra del Fuego,RIO GRANDE,Estatal,Urbano,59,59,59,,,,,,51,56,42,26,42,35,57,12,,11,2,53,14,40,19,6,6,21,23,17,1,,7,54,3,17,5,31,5,9,4,57,11,30,12,29,2,2,55,52,47,1,4,,36,28,57,48,,,,,
Tierra del Fuego,RIO GRANDE,Privado,Urbano,17,17,17,,,,,,16,16,16,12,15,13,17,4,,3,1,16,5,6,7,1,4,8,5,6,,,1,,17,7,6,11,,,,17,14,13,14,11,,,17,17,10,5,2,,11,9,15,14,,6,7,8,1
Tierra del Fuego,USHUAIA,Estatal,Urbano,48,48,48,,,,,,42,46,32,21,29,31,46,12,,17,3,39,14,25,17,8,2,14,18,17,2,,7,41,1,13,2,21,5,6,2,41,7,22,16,22,9,2,37,43,40,,3,,29,25,46,38,,,,,
Tierra del Fuego,USHUAIA,Privado,Urbano,14,14,14,,,,,,13,12,11,8,12,12,13,7,,5,,13,2,5,4,1,,4,2,2,1,,3,,14,6,1,9,,,1,14,9,6,9,5,,,14,13,10,2,1,,5,5,10,8,,5,5,5,
Tucumán,BURRUYACU,Estatal,Rural,79,79,79,1,,,,,54,61,23,12,27,29,59,17,,24,1,54,34,20,19,4,4,7,12,12,5,,8,44,6,6,2,10,28,8,10,39,34,20,20,18,7,38,34,18,14,1,,3,32,9,58,27,,,,,
Tucumán,CAPITAL,Estatal,Urbano,195,195,195,,,,,,143,160,78,37,101,102,165,60,,20,8,169,70,71,69,11,12,38,44,32,22,,4,106,37,82,24,61,7,18,12,138,48,46,47,57,19,123,53,49,34,8,3,4,121,91,173,122,,,,,
Tucumán,CAPITAL,Privado,Urbano,203,203,203,,,,,,169,149,125,118,164,145,174,98,,29,7,186,33,61,59,28,38,62,65,54,36,,10,2,178,90,62,68,4,16,28,179,106,92,105,115,3,,200,84,8,38,33,5,130,115,153,106,,40,46,55,15
Tucumán,CHICLIGASTA,Estatal,Rural,32,32,32,,,,,,16,20,4,3,9,11,23,4,,1,2,18,6,6,9,3,3,4,3,6,1,,,1,7,1,,,6,1,1,8,1,1,1,1,1,18,13,5,4,,,1,10,7,26,18,,,,,
Tucumán,CHICLIGASTA,Estatal,Urbano,34,34,34,,,,,,19,23,9,4,14,9,23,11,,3,3,26,9,12,12,4,1,8,6,7,4,,1,8,14,11,3,6,5,1,3,22,5,2,1,5,4,20,10,9,8,,,1,14,11,25,15,,,,,
Tucumán,CHICLIGASTA,Privado,Urbano,12,12,12,,,,,,10,11,10,9,11,8,11,7,,2,,10,1,2,3,,,2,2,4,2,,,,11,3,6,2,,,,11,5,4,6,10,,,12,7,2,1,4,,10,9,9,5,,4,4,4,2
Tucumán,CRUZ ALTA,Estatal,Rural,53,53,53,,,,,,39,43,18,7,18,21,44,16,,25,1,41,26,12,15,6,2,7,7,11,3,,8,1,3,,,2,1,,1,4,1,1,,,2,34,17,8,4,,,4,19,7,43,20,,,,,
Tucumán,CRUZ ALTA,Estatal,Urbano,73,73,73,,,,,,41,56,28,8,22,25,62,13,,8,3,57,26,16,25,9,3,9,12,15,1,,1,13,16,9,6,9,3,6,2,25,9,5,7,8,15,44,14,16,15,,,1,38,24,57,40,,,,,
Tucumán,CRUZ ALTA,Privado,Urbano,29,29,27,,,,,2,23,21,16,14,13,13,24,10,,3,1,28,3,8,12,4,5,7,6,6,4,,2,1,24,14,5,11,1,1,3,25,10,9,12,14,,,29,14,2,5,7,,16,14,19,14,,5,5,7,3
Tucumán,Enmascarado,Estatal,Urbano,14,14,14,,,,,,7,13,4,4,4,5,11,4,,1,3,11,6,2,3,,2,1,,5,2,,1,2,3,,,3,1,1,,5,3,3,3,2,,4,10,1,1,,,,7,5,12,9,,,,,
Tucumán,Enmascarado,Privado,Rural,13,13,13,,,,,,9,8,5,2,7,7,8,4,,1,,11,,5,4,3,2,3,5,4,3,,1,,8,2,1,3,5,1,2,8,4,3,3,5,1,,12,3,,,3,,6,6,9,5,,3,4,5,
Tucumán,Enmascarado,Privado,Urbano,9,9,9,,,,,,5,6,5,1,5,2,9,4,,1,1,9,,2,3,1,,3,1,2,2,,1,,7,2,1,5,,1,2,7,5,3,3,4,,1,8,4,,2,1,1,5,3,6,2,,1,1,3,1
Tucumán,FAMAILLA,Estatal,Rural,22,22,21,,1,,,,8,11,3,1,4,2,16,2,,,1,10,5,4,3,,,1,1,5,1,,,1,1,1,,1,,,,2,,,,,,10,12,3,3,,,,4,3,16,9,,,,,
Tucumán,FAMAILLA,Estatal,Urbano,15,15,15,,,,,,8,11,2,1,4,3,10,3,,1,,12,4,3,6,,,1,2,1,1,,,4,6,7,1,2,1,1,,10,1,2,2,4,,11,4,2,2,,,,9,4,12,9,,,,,
Tucumán,FAMAILLA,Privado,Urbano,5,5,5,,,,,,5,5,2,1,3,3,5,3,,2,,3,2,2,2,,1,1,1,3,1,,1,,5,4,,3,,,1,5,2,1,1,2,,,5,,,,,,3,3,4,3,,1,2,1,
Tucumán,GRANEROS,Estatal,Rural,39,39,38,,1,,,,20,17,8,3,9,12,25,5,,4,,16,5,7,4,1,1,2,4,6,,,2,7,2,1,,,8,,1,6,8,2,4,2,,7,32,7,6,,,1,6,3,19,8,,,,,
Tucumán,GRANEROS,Estatal,Urbano,8,8,8,,,,,,7,7,,1,4,4,7,2,,,,8,2,5,5,,,3,3,3,1,,,4,3,1,,1,6,,,7,3,3,3,3,,3,5,1,1,,,,4,2,7,3,,,,,
Tucumán,JUAN B ALBERDI,Estatal,Rural,19,19,19,,,,,,9,13,8,2,6,5,16,5,,2,2,9,4,4,4,3,1,2,1,4,1,,1,4,2,,1,1,5,,1,4,2,1,,,2,8,9,3,2,,,1,4,2,13,7,,,,,
Tucumán,JUAN B ALBERDI,Estatal,Urbano,10,10,10,,,,,,4,5,2,2,5,5,7,3,,1,,9,2,2,2,1,2,2,1,2,1,,,4,3,4,,3,,,1,7,3,2,2,1,2,7,1,3,3,,,,4,3,9,5,,,,,
Tucumán,JUAN B ALBERDI,Privado,Urbano,5,5,5,1,,,,,5,4,5,3,4,4,5,1,,1,,3,1,1,1,1,1,1,,1,1,,,,5,4,,3,,,,5,5,3,5,5,,,5,3,1,,2,,5,5,4,4,,1,1,2,
Tucumán,LA COCHA,Estatal,Rural,26,26,26,,,,,,15,13,7,5,6,10,15,2,,2,2,14,5,1,4,,1,,1,3,,,,3,6,1,,1,3,3,1,9,2,1,1,1,3,13,10,5,4,,,1,4,3,17,8,,,,,
Tucumán,LEALES,Estatal,Rural,87,87,85,1,,,1,1,63,68,20,8,22,28,68,21,,2,3,65,29,16,24,6,1,7,10,16,8,,1,5,8,,,2,7,3,2,12,2,5,3,2,3,62,22,11,7,,,4,33,14,76,43,,,,,
Tucumán,LEALES,Estatal,Urbano,9,9,9,,,,,,6,8,,1,3,5,8,3,,,1,8,1,3,4,,,2,2,3,2,,,,,,,,,,,,,,,,1,4,4,,,,,,4,4,8,8,,,,,
Tucumán,LEALES,Privado,Urbano,4,4,4,1,,,,,4,4,2,3,3,2,2,,,,,3,2,3,4,1,2,2,2,1,,,,,4,4,,1,,,,4,3,3,2,3,,,4,1,1,,,,4,4,4,4,,1,1,1,1
Tucumán,LULES,Estatal,Rural,19,19,18,,1,,,,14,14,6,2,7,10,15,4,,2,,15,8,5,3,,1,2,4,4,2,,1,4,3,,,1,3,2,1,5,,,3,1,,9,10,4,2,,,2,10,7,15,10,,,,,
Tucumán,LULES,Estatal,Urbano,28,28,28,,,,,,18,20,7,2,11,11,22,6,,1,1,25,8,11,12,1,,7,7,5,4,,1,13,6,8,3,10,,4,1,18,7,6,5,3,6,15,7,5,5,,,,16,10,23,17,,,,,
Tucumán,LULES,Privado,Urbano,15,15,15,,,,,,9,9,7,4,8,6,12,6,,2,,12,1,2,2,2,2,3,2,2,2,,,,11,8,4,5,,1,,11,3,1,2,8,,,15,2,2,,,,9,9,7,7,,3,3,4,1
Tucumán,MONTEROS,Estatal,Rural,35,35,35,,,,1,,17,23,8,1,8,10,24,8,,1,1,23,12,6,8,1,,4,4,8,3,,1,,8,1,,6,,,1,7,3,1,2,1,1,9,25,4,2,,1,1,9,4,25,15,,,,,
Tucumán,MONTEROS,Estatal,Urbano,31,31,31,,,,,,17,26,12,7,13,10,27,10,,4,3,27,11,5,8,4,1,4,5,6,3,,1,8,13,5,1,7,6,4,,21,5,4,7,4,,24,7,4,2,1,,1,14,11,27,22,,,,,
Tucumán,RIO CHICO,Estatal,Rural,14,14,13,,,,,1,4,6,4,2,3,1,14,1,,,,11,3,2,2,2,1,3,,7,,,,1,6,1,1,1,2,1,1,7,2,1,,,,8,6,2,1,1,,,2,1,12,7,,,,,
Tucumán,RIO CHICO,Estatal,Urbano,31,31,31,,,,,,23,19,8,3,8,11,21,3,,2,2,26,7,12,9,2,3,5,6,5,,,,3,8,1,2,3,2,2,1,11,3,3,2,2,3,17,11,3,2,1,,,10,6,23,18,,,,,
Tucumán,RIO CHICO,Privado,Urbano,7,7,7,,,,,,6,5,5,5,7,4,7,2,,,,6,,,2,1,1,2,2,3,,,,,6,5,1,1,,,,6,2,3,3,5,,,7,2,2,,,,6,6,7,5,,3,3,2,
Tucumán,SIMOCA,Estatal,Rural,63,62,62,,,,,,32,33,14,2,14,17,49,7,,4,1,46,18,13,15,3,,5,7,16,2,,2,44,,6,1,7,31,4,4,34,39,21,16,8,1,30,32,10,8,2,,,17,6,48,30,,,,,
Tucumán,SIMOCA,Estatal,Urbano,6,6,6,,,,,,3,4,3,1,3,3,6,2,,1,1,4,1,1,,,,,1,,,,,1,4,1,1,1,4,,1,5,3,2,2,2,,3,3,2,1,,,1,3,2,5,3,,,,,
Tucumán,SIMOCA,Privado,Urbano,5,5,5,,,,,,3,2,4,2,4,4,4,3,,1,,4,1,3,1,3,2,3,3,3,2,,1,,4,,,2,1,,1,4,2,3,,2,,,5,1,,,,1,2,1,3,1,,1,1,1,
Tucumán,TAFI DEL VALLE,Estatal,Rural,35,35,30,,5,,,,30,31,16,10,17,14,29,10,,13,3,25,11,14,15,3,8,7,7,8,5,,4,7,12,4,,6,6,6,1,16,6,5,3,6,,13,22,5,3,,,2,19,13,28,20,,,,,
Tucumán,TAFI VIEJO,Estatal,Rural,43,43,37,,6,,,,32,27,14,7,18,21,35,8,,11,3,32,15,17,17,4,2,5,9,11,2,,8,8,2,1,,2,6,1,,8,4,4,6,2,4,22,17,7,5,,,2,13,7,35,23,,,,,
Tucumán,TAFI VIEJO,Estatal,Urbano,35,35,35,,,,,,22,28,13,5,15,16,32,10,,6,2,30,16,12,15,3,1,8,6,5,5,,1,19,1,13,6,11,,3,2,19,12,11,12,11,4,21,10,6,3,,,3,23,10,30,18,,,,,
Tucumán,TAFI VIEJO,Privado,Urbano,20,20,20,1,,,,,15,15,12,5,13,15,17,6,,,,18,1,6,4,4,,4,5,6,2,,,,15,10,4,4,1,,1,15,5,4,5,6,,,20,4,,1,2,1,9,8,12,9,,4,4,4,
Tucumán,TRANCAS,Estatal,Rural,33,32,31,,1,,,,27,23,7,4,15,17,27,9,,17,,28,14,8,8,1,,4,5,2,1,,3,12,1,1,,,12,1,,11,8,7,5,1,,14,19,4,3,,,1,13,8,21,13,,,,,
Tucumán,TRANCAS,Estatal,Urbano,9,9,9,,,,,,6,8,1,3,4,4,8,3,,,1,5,3,4,3,,,2,2,3,1,,,1,4,,,3,,,2,5,1,1,1,,,5,4,3,2,,,1,4,4,7,6,,,,,
Tucumán,YERBA BUENA,Estatal,Rural,8,8,8,,,,,,7,7,5,3,4,6,8,4,,1,,8,4,5,4,,1,1,3,2,1,,1,1,2,,1,,1,,1,3,1,2,1,,,6,2,2,1,,1,,6,5,8,7,,,,,
Tucumán,YERBA BUENA,Estatal,Urbano,16,16,16,,,,,,12,12,4,1,7,5,14,9,,1,,15,6,5,5,,,2,1,1,4,,,6,2,5,1,5,,,,8,1,1,1,3,3,8,5,3,3,,,,11,7,14,9,,,,,
Tucumán,YERBA BUENA,Privado,Urbano,37,37,37,,,,,,32,35,30,27,29,28,36,21,,10,2,35,9,6,7,4,5,10,7,5,6,,1,1,35,16,12,13,2,3,5,36,29,16,25,24,,,37,18,1,7,9,1,23,22,25,16,,4,5,8,
